"FileName"	"SizeMB"	"LocalPath"	"VisibleInGitHubApi"	"CandidateToMove"	"TargetPathInGrins2"	"TargetAlreadyExists"	"LastWriteTime"
"buddha grin flower front ORIGINAL.jpg"	"0.284"	"D:\github\ron-english-sketches-grins\images\Sketches\grins\buddha grin flower front ORIGINAL.jpg"	"False"	"True"	"D:\github\ron-english-sketches-grins\images\Sketches\grins2\buddha grin flower front ORIGINAL.jpg"	"False"	"2026-05-24 18:18:59"
"buddha grin flower ORIGINAL.jpg"	"0.241"	"D:\github\ron-english-sketches-grins\images\Sketches\grins\buddha grin flower ORIGINAL.jpg"	"False"	"True"	"D:\github\ron-english-sketches-grins\images\Sketches\grins2\buddha grin flower ORIGINAL.jpg"	"False"	"2026-05-24 18:18:59"
"buddha grin flower side ORIGINAL.jpg"	"0.227"	"D:\github\ron-english-sketches-grins\images\Sketches\grins\buddha grin flower side ORIGINAL.jpg"	"False"	"True"	"D:\github\ron-english-sketches-grins\images\Sketches\grins2\buddha grin flower side ORIGINAL.jpg"	"False"	"2026-05-24 18:19:00"
"chico roco back variation B&W.jpg"	"0.14"	"D:\github\ron-english-sketches-grins\images\Sketches\grins\chico roco back variation B&W.jpg"	"False"	"True"	"D:\github\ron-english-sketches-grins\images\Sketches\grins2\chico roco back variation B&W.jpg"	"False"	"2026-05-07 15:55:17"
"david grin 2 ORIGINAL.jpg"	"0.14"	"D:\github\ron-english-sketches-grins\images\Sketches\grins\david grin 2 ORIGINAL.jpg"	"False"	"True"	"D:\github\ron-english-sketches-grins\images\Sketches\grins2\david grin 2 ORIGINAL.jpg"	"False"	"2026-05-24 18:19:02"
"flying flower grin back ORIGINAL.jpg"	"0.109"	"D:\github\ron-english-sketches-grins\images\Sketches\grins\flying flower grin back ORIGINAL.jpg"	"False"	"True"	"D:\github\ron-english-sketches-grins\images\Sketches\grins2\flying flower grin back ORIGINAL.jpg"	"False"	"2026-05-24 18:19:03"
"flying flower grin front ORIGINAL.jpg"	"0.153"	"D:\github\ron-english-sketches-grins\images\Sketches\grins\flying flower grin front ORIGINAL.jpg"	"False"	"True"	"D:\github\ron-english-sketches-grins\images\Sketches\grins2\flying flower grin front ORIGINAL.jpg"	"False"	"2026-05-24 18:19:05"
"flying flower grin side ORIGINAL.jpg"	"0.142"	"D:\github\ron-english-sketches-grins\images\Sketches\grins\flying flower grin side ORIGINAL.jpg"	"False"	"True"	"D:\github\ron-english-sketches-grins\images\Sketches\grins2\flying flower grin side ORIGINAL.jpg"	"False"	"2026-05-24 18:19:06"
"grinne side view color.jpg"	"0.026"	"D:\github\ron-english-sketches-grins\images\Sketches\grins\grinne side view color.jpg"	"False"	"True"	"D:\github\ron-english-sketches-grins\images\Sketches\grins2\grinne side view color.jpg"	"False"	"2026-05-07 09:37:31"
"grinnie back color.jpg"	"0.016"	"D:\github\ron-english-sketches-grins\images\Sketches\grins\grinnie back color.jpg"	"False"	"True"	"D:\github\ron-english-sketches-grins\images\Sketches\grins2\grinnie back color.jpg"	"False"	"2026-05-07 09:37:46"
"grinnie front view color.jpg"	"0.032"	"D:\github\ron-english-sketches-grins\images\Sketches\grins\grinnie front view color.jpg"	"False"	"True"	"D:\github\ron-english-sketches-grins\images\Sketches\grins2\grinnie front view color.jpg"	"False"	"2026-05-07 09:37:14"
"grinnies grin face animation.jpg"	"0.176"	"D:\github\ron-english-sketches-grins\images\Sketches\grins\grinnies grin face animation.jpg"	"False"	"True"	"D:\github\ron-english-sketches-grins\images\Sketches\grins2\grinnies grin face animation.jpg"	"False"	"2026-05-07 17:50:51"
"marilyn flower grin ORIGINAL.jpg"	"0.198"	"D:\github\ron-english-sketches-grins\images\Sketches\grins\marilyn flower grin ORIGINAL.jpg"	"False"	"True"	"D:\github\ron-english-sketches-grins\images\Sketches\grins2\marilyn flower grin ORIGINAL.jpg"	"False"	"2026-05-24 18:19:06"
"no and yes ORIGINAL.jpg"	"0.353"	"D:\github\ron-english-sketches-grins\images\Sketches\grins\no and yes ORIGINAL.jpg"	"False"	"True"	"D:\github\ron-english-sketches-grins\images\Sketches\grins2\no and yes ORIGINAL.jpg"	"False"	"2026-05-24 18:19:07"
"pinnochio grin right side - Trace girl - colored by susan - png.jpg"	"0.142"	"D:\github\ron-english-sketches-grins\images\Sketches\grins\pinnochio grin right side - Trace girl - colored by susan - png.jpg"	"False"	"True"	"D:\github\ron-english-sketches-grins\images\Sketches\grins2\pinnochio grin right side - Trace girl - colored by susan - png.jpg"	"False"	"2026-05-07 18:58:01"
"pinnochio grin three quarters - Trace girl - colored by susan - png.jpg"	"0.123"	"D:\github\ron-english-sketches-grins\images\Sketches\grins\pinnochio grin three quarters - Trace girl - colored by susan - png.jpg"	"False"	"True"	"D:\github\ron-english-sketches-grins\images\Sketches\grins2\pinnochio grin three quarters - Trace girl - colored by susan - png.jpg"	"False"	"2026-05-07 18:38:40"
"pinocchio grin left side - B&W - Trace girl.jpg"	"0.47"	"D:\github\ron-english-sketches-grins\images\Sketches\grins\pinocchio grin left side - B&W - Trace girl.jpg"	"False"	"True"	"D:\github\ron-english-sketches-grins\images\Sketches\grins2\pinocchio grin left side - B&W - Trace girl.jpg"	"False"	"2026-05-08 06:52:45"
"Rabbbit with Fangs side ORIGINAL.jpg"	"0.077"	"D:\github\ron-english-sketches-grins\images\Sketches\grins\Rabbbit with Fangs side ORIGINAL.jpg"	"False"	"True"	"D:\github\ron-english-sketches-grins\images\Sketches\grins2\Rabbbit with Fangs side ORIGINAL.jpg"	"False"	"2026-05-07 18:38:39"
"Rabbit Grin 2 B&W.jpg"	"0.42"	"D:\github\ron-english-sketches-grins\images\Sketches\grins\Rabbit Grin 2 B&W.jpg"	"False"	"True"	"D:\github\ron-english-sketches-grins\images\Sketches\grins2\Rabbit Grin 2 B&W.jpg"	"False"	"2026-05-08 06:53:03"
"Rabbit Grin 2 COLOR.jpg"	"0.139"	"D:\github\ron-english-sketches-grins\images\Sketches\grins\Rabbit Grin 2 COLOR.jpg"	"False"	"True"	"D:\github\ron-english-sketches-grins\images\Sketches\grins2\Rabbit Grin 2 COLOR.jpg"	"False"	"2026-05-07 18:38:40"
"Rabbit Grin 2 ORIGINAL.jpg"	"0.167"	"D:\github\ron-english-sketches-grins\images\Sketches\grins\Rabbit Grin 2 ORIGINAL.jpg"	"False"	"True"	"D:\github\ron-english-sketches-grins\images\Sketches\grins2\Rabbit Grin 2 ORIGINAL.jpg"	"False"	"2026-05-08 05:37:11"
"Rabbit Grin B&W.jpg"	"0.338"	"D:\github\ron-english-sketches-grins\images\Sketches\grins\Rabbit Grin B&W.jpg"	"False"	"True"	"D:\github\ron-english-sketches-grins\images\Sketches\grins2\Rabbit Grin B&W.jpg"	"False"	"2026-05-08 06:36:59"
"Rabbit Grin COLOR.jpg"	"0.288"	"D:\github\ron-english-sketches-grins\images\Sketches\grins\Rabbit Grin COLOR.jpg"	"False"	"True"	"D:\github\ron-english-sketches-grins\images\Sketches\grins2\Rabbit Grin COLOR.jpg"	"False"	"2026-05-08 06:36:52"
"Rabbit Grin ORIGINAL.jpg"	"0.256"	"D:\github\ron-english-sketches-grins\images\Sketches\grins\Rabbit Grin ORIGINAL.jpg"	"False"	"True"	"D:\github\ron-english-sketches-grins\images\Sketches\grins2\Rabbit Grin ORIGINAL.jpg"	"False"	"2026-05-07 18:38:40"
"Ramones Grin 1 ORIGINAL.jpg"	"0.161"	"D:\github\ron-english-sketches-grins\images\Sketches\grins\Ramones Grin 1 ORIGINAL.jpg"	"False"	"True"	"D:\github\ron-english-sketches-grins\images\Sketches\grins2\Ramones Grin 1 ORIGINAL.jpg"	"False"	"2026-05-07 18:58:01"
"Ramones Grin 2 ORIGINAL.jpg"	"0.16"	"D:\github\ron-english-sketches-grins\images\Sketches\grins\Ramones Grin 2 ORIGINAL.jpg"	"False"	"True"	"D:\github\ron-english-sketches-grins\images\Sketches\grins2\Ramones Grin 2 ORIGINAL.jpg"	"False"	"2026-05-07 18:58:01"
"Ramones Grin 3 ORIGINAL.jpg"	"0.046"	"D:\github\ron-english-sketches-grins\images\Sketches\grins\Ramones Grin 3 ORIGINAL.jpg"	"False"	"True"	"D:\github\ron-english-sketches-grins\images\Sketches\grins2\Ramones Grin 3 ORIGINAL.jpg"	"False"	"2026-05-07 18:56:43"
"Ramones Grin 4 ORIGINAL.jpg"	"0.333"	"D:\github\ron-english-sketches-grins\images\Sketches\grins\Ramones Grin 4 ORIGINAL.jpg"	"False"	"True"	"D:\github\ron-english-sketches-grins\images\Sketches\grins2\Ramones Grin 4 ORIGINAL.jpg"	"False"	"2026-05-07 18:38:39"
"Ramones Grin 5 ORIGINAL.jpg"	"0.149"	"D:\github\ron-english-sketches-grins\images\Sketches\grins\Ramones Grin 5 ORIGINAL.jpg"	"False"	"True"	"D:\github\ron-english-sketches-grins\images\Sketches\grins2\Ramones Grin 5 ORIGINAL.jpg"	"False"	"2026-05-07 18:46:44"
"Richie Grin COLOR.jpg"	"0.483"	"D:\github\ron-english-sketches-grins\images\Sketches\grins\Richie Grin COLOR.jpg"	"False"	"True"	"D:\github\ron-english-sketches-grins\images\Sketches\grins2\Richie Grin COLOR.jpg"	"False"	"2026-05-08 06:53:03"
"Richie Grin ORIGINAL COLOR 2.jpg"	"0.13"	"D:\github\ron-english-sketches-grins\images\Sketches\grins\Richie Grin ORIGINAL COLOR 2.jpg"	"False"	"True"	"D:\github\ron-english-sketches-grins\images\Sketches\grins2\Richie Grin ORIGINAL COLOR 2.jpg"	"False"	"2026-05-08 06:12:28"
"Richie Grin ORIGINAL COLOR.jpg"	"0.211"	"D:\github\ron-english-sketches-grins\images\Sketches\grins\Richie Grin ORIGINAL COLOR.jpg"	"False"	"True"	"D:\github\ron-english-sketches-grins\images\Sketches\grins2\Richie Grin ORIGINAL COLOR.jpg"	"False"	"2026-05-07 18:49:49"
"Richie Grin ORIGINAL.jpg"	"0.1"	"D:\github\ron-english-sketches-grins\images\Sketches\grins\Richie Grin ORIGINAL.jpg"	"False"	"True"	"D:\github\ron-english-sketches-grins\images\Sketches\grins2\Richie Grin ORIGINAL.jpg"	"False"	"2026-05-07 18:53:54"
"Ring Racer 1 ORIGINAL COLOR.png"	"0.321"	"D:\github\ron-english-sketches-grins\images\Sketches\grins\Ring Racer 1 ORIGINAL COLOR.png"	"False"	"True"	"D:\github\ron-english-sketches-grins\images\Sketches\grins2\Ring Racer 1 ORIGINAL COLOR.png"	"False"	"2026-05-08 05:39:51"
"Ring Racer 2 ORIGINAL COLOR.png"	"0.34"	"D:\github\ron-english-sketches-grins\images\Sketches\grins\Ring Racer 2 ORIGINAL COLOR.png"	"False"	"True"	"D:\github\ron-english-sketches-grins\images\Sketches\grins2\Ring Racer 2 ORIGINAL COLOR.png"	"False"	"2026-05-08 05:39:51"
"Ring Racer 3 ORIGINAL COLOR.jpg"	"0.326"	"D:\github\ron-english-sketches-grins\images\Sketches\grins\Ring Racer 3 ORIGINAL COLOR.jpg"	"False"	"True"	"D:\github\ron-english-sketches-grins\images\Sketches\grins2\Ring Racer 3 ORIGINAL COLOR.jpg"	"False"	"2026-05-08 06:07:11"
"Ring Racer 4 ORIGINAL COLOR.jpg"	"0.335"	"D:\github\ron-english-sketches-grins\images\Sketches\grins\Ring Racer 4 ORIGINAL COLOR.jpg"	"False"	"True"	"D:\github\ron-english-sketches-grins\images\Sketches\grins2\Ring Racer 4 ORIGINAL COLOR.jpg"	"False"	"2026-05-08 06:07:11"
"Ring Racer 5 ORIGINAL COLOR.jpg"	"0.212"	"D:\github\ron-english-sketches-grins\images\Sketches\grins\Ring Racer 5 ORIGINAL COLOR.jpg"	"False"	"True"	"D:\github\ron-english-sketches-grins\images\Sketches\grins2\Ring Racer 5 ORIGINAL COLOR.jpg"	"False"	"2026-05-08 06:36:59"
"Ring Racer 5 ORIGINAL COLOR.png"	"0.344"	"D:\github\ron-english-sketches-grins\images\Sketches\grins\Ring Racer 5 ORIGINAL COLOR.png"	"False"	"True"	"D:\github\ron-english-sketches-grins\images\Sketches\grins2\Ring Racer 5 ORIGINAL COLOR.png"	"False"	"2026-05-08 05:39:51"
"Ring Racer 6 ORIGINAL COLOR.png"	"0.339"	"D:\github\ron-english-sketches-grins\images\Sketches\grins\Ring Racer 6 ORIGINAL COLOR.png"	"False"	"True"	"D:\github\ron-english-sketches-grins\images\Sketches\grins2\Ring Racer 6 ORIGINAL COLOR.png"	"False"	"2026-05-08 05:39:51"
"Ring Racer 7 ORIGINAL COLOR.png"	"0.339"	"D:\github\ron-english-sketches-grins\images\Sketches\grins\Ring Racer 7 ORIGINAL COLOR.png"	"False"	"True"	"D:\github\ron-english-sketches-grins\images\Sketches\grins2\Ring Racer 7 ORIGINAL COLOR.png"	"False"	"2026-05-08 05:39:51"
"Ring Racer 8 ORIGINAL COLOR.png"	"0.325"	"D:\github\ron-english-sketches-grins\images\Sketches\grins\Ring Racer 8 ORIGINAL COLOR.png"	"False"	"True"	"D:\github\ron-english-sketches-grins\images\Sketches\grins2\Ring Racer 8 ORIGINAL COLOR.png"	"False"	"2026-05-08 05:39:48"
"Ring Racer 9 ORIGINAL COLOR.png"	"0.316"	"D:\github\ron-english-sketches-grins\images\Sketches\grins\Ring Racer 9 ORIGINAL COLOR.png"	"False"	"True"	"D:\github\ron-english-sketches-grins\images\Sketches\grins2\Ring Racer 9 ORIGINAL COLOR.png"	"False"	"2026-05-08 05:39:48"
"Ring Racer ORIGINAL COLOR.1.jpg"	"0.226"	"D:\github\ron-english-sketches-grins\images\Sketches\grins\Ring Racer ORIGINAL COLOR.1.jpg"	"False"	"True"	"D:\github\ron-english-sketches-grins\images\Sketches\grins2\Ring Racer ORIGINAL COLOR.1.jpg"	"False"	"2026-05-08 06:36:59"
"Ring Racer ORIGINAL COLOR.jpg"	"0.456"	"D:\github\ron-english-sketches-grins\images\Sketches\grins\Ring Racer ORIGINAL COLOR.jpg"	"False"	"True"	"D:\github\ron-english-sketches-grins\images\Sketches\grins2\Ring Racer ORIGINAL COLOR.jpg"	"False"	"2026-05-08 06:53:03"
"Robbie Spray Grin B&W.jpg"	"0.437"	"D:\github\ron-english-sketches-grins\images\Sketches\grins\Robbie Spray Grin B&W.jpg"	"False"	"True"	"D:\github\ron-english-sketches-grins\images\Sketches\grins2\Robbie Spray Grin B&W.jpg"	"False"	"2026-05-08 06:52:45"
"Robbie Spray Grin COLOR.jpg"	"0.154"	"D:\github\ron-english-sketches-grins\images\Sketches\grins\Robbie Spray Grin COLOR.jpg"	"False"	"True"	"D:\github\ron-english-sketches-grins\images\Sketches\grins2\Robbie Spray Grin COLOR.jpg"	"False"	"2026-05-07 18:58:01"
"Robbie Spray Grin ORIGINAL.jpg"	"0.133"	"D:\github\ron-english-sketches-grins\images\Sketches\grins\Robbie Spray Grin ORIGINAL.jpg"	"False"	"True"	"D:\github\ron-english-sketches-grins\images\Sketches\grins2\Robbie Spray Grin ORIGINAL.jpg"	"False"	"2026-05-08 06:35:29"
"Robbie Spray Grin.jpg"	"0.472"	"D:\github\ron-english-sketches-grins\images\Sketches\grins\Robbie Spray Grin.jpg"	"False"	"True"	"D:\github\ron-english-sketches-grins\images\Sketches\grins2\Robbie Spray Grin.jpg"	"False"	"2026-05-07 09:49:23"
"Robby Robot Grin B&W.jpg"	"0.166"	"D:\github\ron-english-sketches-grins\images\Sketches\grins\Robby Robot Grin B&W.jpg"	"False"	"True"	"D:\github\ron-english-sketches-grins\images\Sketches\grins2\Robby Robot Grin B&W.jpg"	"False"	"2026-05-07 18:55:22"
"Robby Robot Grin COLOR.jpg"	"0.311"	"D:\github\ron-english-sketches-grins\images\Sketches\grins\Robby Robot Grin COLOR.jpg"	"False"	"True"	"D:\github\ron-english-sketches-grins\images\Sketches\grins2\Robby Robot Grin COLOR.jpg"	"False"	"2026-05-08 06:53:03"
"Robby Robot Grin ORIGINAL.jpg"	"0.324"	"D:\github\ron-english-sketches-grins\images\Sketches\grins\Robby Robot Grin ORIGINAL.jpg"	"False"	"True"	"D:\github\ron-english-sketches-grins\images\Sketches\grins2\Robby Robot Grin ORIGINAL.jpg"	"False"	"2026-05-07 19:03:08"
"Ron Fink Grin B&W.jpg"	"0.264"	"D:\github\ron-english-sketches-grins\images\Sketches\grins\Ron Fink Grin B&W.jpg"	"False"	"True"	"D:\github\ron-english-sketches-grins\images\Sketches\grins2\Ron Fink Grin B&W.jpg"	"False"	"2026-05-07 15:44:44"
"Ron Fink Grin COLOR.jpg"	"0.141"	"D:\github\ron-english-sketches-grins\images\Sketches\grins\Ron Fink Grin COLOR.jpg"	"False"	"True"	"D:\github\ron-english-sketches-grins\images\Sketches\grins2\Ron Fink Grin COLOR.jpg"	"False"	"2026-05-07 15:42:39"
"Ron Fink Grin ORIGINAL (2).jpg"	"0.194"	"D:\github\ron-english-sketches-grins\images\Sketches\grins\Ron Fink Grin ORIGINAL (2).jpg"	"False"	"True"	"D:\github\ron-english-sketches-grins\images\Sketches\grins2\Ron Fink Grin ORIGINAL (2).jpg"	"False"	"2026-05-07 15:43:46"
"Ron Fink Grin ORIGINAL.jpg"	"0.107"	"D:\github\ron-english-sketches-grins\images\Sketches\grins\Ron Fink Grin ORIGINAL.jpg"	"False"	"True"	"D:\github\ron-english-sketches-grins\images\Sketches\grins2\Ron Fink Grin ORIGINAL.jpg"	"False"	"2026-05-07 18:58:01"
"Ron Grin Face Icon ORIGINAL COLOR.jpg"	"0.19"	"D:\github\ron-english-sketches-grins\images\Sketches\grins\Ron Grin Face Icon ORIGINAL COLOR.jpg"	"False"	"True"	"D:\github\ron-english-sketches-grins\images\Sketches\grins2\Ron Grin Face Icon ORIGINAL COLOR.jpg"	"False"	"2026-05-08 06:36:59"
"Rosie Jetson Grin B&W.jpg"	"0.468"	"D:\github\ron-english-sketches-grins\images\Sketches\grins\Rosie Jetson Grin B&W.jpg"	"False"	"True"	"D:\github\ron-english-sketches-grins\images\Sketches\grins2\Rosie Jetson Grin B&W.jpg"	"False"	"2026-05-08 06:52:54"
"Rosie Jetson Grin COLOR.jpg"	"0.369"	"D:\github\ron-english-sketches-grins\images\Sketches\grins\Rosie Jetson Grin COLOR.jpg"	"False"	"True"	"D:\github\ron-english-sketches-grins\images\Sketches\grins2\Rosie Jetson Grin COLOR.jpg"	"False"	"2026-05-08 06:52:45"
"Rosie Jetson Grin ORIGINAL.jpg"	"0.283"	"D:\github\ron-english-sketches-grins\images\Sketches\grins\Rosie Jetson Grin ORIGINAL.jpg"	"False"	"True"	"D:\github\ron-english-sketches-grins\images\Sketches\grins2\Rosie Jetson Grin ORIGINAL.jpg"	"False"	"2026-05-07 18:38:40"
"Rugrat Grin B&W.jpg"	"0.3"	"D:\github\ron-english-sketches-grins\images\Sketches\grins\Rugrat Grin B&W.jpg"	"False"	"True"	"D:\github\ron-english-sketches-grins\images\Sketches\grins2\Rugrat Grin B&W.jpg"	"False"	"2026-05-08 06:36:52"
"Rugrat Grin COLOR.jpg"	"0.517"	"D:\github\ron-english-sketches-grins\images\Sketches\grins\Rugrat Grin COLOR.jpg"	"False"	"True"	"D:\github\ron-english-sketches-grins\images\Sketches\grins2\Rugrat Grin COLOR.jpg"	"False"	"2026-05-08 06:53:03"
"Rugrat Grin ORIGINAL.jpg"	"0.344"	"D:\github\ron-english-sketches-grins\images\Sketches\grins\Rugrat Grin ORIGINAL.jpg"	"False"	"True"	"D:\github\ron-english-sketches-grins\images\Sketches\grins2\Rugrat Grin ORIGINAL.jpg"	"False"	"2026-05-07 18:45:22"
"Santa Cruz Hand Grin B&W.jpg"	"0.324"	"D:\github\ron-english-sketches-grins\images\Sketches\grins\Santa Cruz Hand Grin B&W.jpg"	"False"	"True"	"D:\github\ron-english-sketches-grins\images\Sketches\grins2\Santa Cruz Hand Grin B&W.jpg"	"False"	"2026-05-08 06:36:15"
"Santa Cruz Hand Grin COLOR.png"	"0.252"	"D:\github\ron-english-sketches-grins\images\Sketches\grins\Santa Cruz Hand Grin COLOR.png"	"False"	"True"	"D:\github\ron-english-sketches-grins\images\Sketches\grins2\Santa Cruz Hand Grin COLOR.png"	"False"	"2026-05-08 10:15:40"
"Santa Cruz Hand Grin ORIGINAL.jpg"	"0.152"	"D:\github\ron-english-sketches-grins\images\Sketches\grins\Santa Cruz Hand Grin ORIGINAL.jpg"	"False"	"True"	"D:\github\ron-english-sketches-grins\images\Sketches\grins2\Santa Cruz Hand Grin ORIGINAL.jpg"	"False"	"2026-05-07 18:36:35"
"Santa Grin 1 B&W.jpg"	"0.456"	"D:\github\ron-english-sketches-grins\images\Sketches\grins\Santa Grin 1 B&W.jpg"	"False"	"True"	"D:\github\ron-english-sketches-grins\images\Sketches\grins2\Santa Grin 1 B&W.jpg"	"False"	"2026-05-08 06:52:54"
"Santa Grin 1 COLOR.jpg"	"0.191"	"D:\github\ron-english-sketches-grins\images\Sketches\grins\Santa Grin 1 COLOR.jpg"	"False"	"True"	"D:\github\ron-english-sketches-grins\images\Sketches\grins2\Santa Grin 1 COLOR.jpg"	"False"	"2026-05-07 19:03:08"
"Santa Grin 1 ORIGINAL.jpg"	"0.306"	"D:\github\ron-english-sketches-grins\images\Sketches\grins\Santa Grin 1 ORIGINAL.jpg"	"False"	"True"	"D:\github\ron-english-sketches-grins\images\Sketches\grins2\Santa Grin 1 ORIGINAL.jpg"	"False"	"2026-05-07 18:38:39"
"Santa Grin 2 B&W.jpg"	"0.434"	"D:\github\ron-english-sketches-grins\images\Sketches\grins\Santa Grin 2 B&W.jpg"	"False"	"True"	"D:\github\ron-english-sketches-grins\images\Sketches\grins2\Santa Grin 2 B&W.jpg"	"False"	"2026-05-08 06:52:54"
"Santa Grin 2 card.png"	"0.223"	"D:\github\ron-english-sketches-grins\images\Sketches\grins\Santa Grin 2 card.png"	"False"	"True"	"D:\github\ron-english-sketches-grins\images\Sketches\grins2\Santa Grin 2 card.png"	"False"	"2026-03-21 07:25:40"
"Santa Grin 2 COLOR.jpg"	"0.126"	"D:\github\ron-english-sketches-grins\images\Sketches\grins\Santa Grin 2 COLOR.jpg"	"False"	"True"	"D:\github\ron-english-sketches-grins\images\Sketches\grins2\Santa Grin 2 COLOR.jpg"	"False"	"2026-05-07 18:56:43"
"Santa Grin 2 ORIGINAL COLOR.jpg"	"0.07"	"D:\github\ron-english-sketches-grins\images\Sketches\grins\Santa Grin 2 ORIGINAL COLOR.jpg"	"False"	"True"	"D:\github\ron-english-sketches-grins\images\Sketches\grins2\Santa Grin 2 ORIGINAL COLOR.jpg"	"False"	"2026-05-07 18:49:49"
"Santa Grin 3 B&W.jpg"	"0.35"	"D:\github\ron-english-sketches-grins\images\Sketches\grins\Santa Grin 3 B&W.jpg"	"False"	"True"	"D:\github\ron-english-sketches-grins\images\Sketches\grins2\Santa Grin 3 B&W.jpg"	"False"	"2026-05-08 06:52:54"
"Santa Grin 3 COLOR.jpg"	"0.27"	"D:\github\ron-english-sketches-grins\images\Sketches\grins\Santa Grin 3 COLOR.jpg"	"False"	"True"	"D:\github\ron-english-sketches-grins\images\Sketches\grins2\Santa Grin 3 COLOR.jpg"	"False"	"2026-05-08 06:53:02"
"Santa Grin 3 ORIGINAL.jpg"	"0.164"	"D:\github\ron-english-sketches-grins\images\Sketches\grins\Santa Grin 3 ORIGINAL.jpg"	"False"	"True"	"D:\github\ron-english-sketches-grins\images\Sketches\grins2\Santa Grin 3 ORIGINAL.jpg"	"False"	"2026-05-07 18:55:22"
"Scan_20241122 ORIGINAL.jpg"	"0.261"	"D:\github\ron-english-sketches-grins\images\Sketches\grins\Scan_20241122 ORIGINAL.jpg"	"False"	"True"	"D:\github\ron-english-sketches-grins\images\Sketches\grins2\Scan_20241122 ORIGINAL.jpg"	"False"	"2026-05-24 18:19:08"
"Scooby Doo Grin B&W.jpg"	"0.327"	"D:\github\ron-english-sketches-grins\images\Sketches\grins\Scooby Doo Grin B&W.jpg"	"False"	"True"	"D:\github\ron-english-sketches-grins\images\Sketches\grins2\Scooby Doo Grin B&W.jpg"	"False"	"2026-05-08 06:36:59"
"Scooby Doo Grin COLOR.jpg"	"0.291"	"D:\github\ron-english-sketches-grins\images\Sketches\grins\Scooby Doo Grin COLOR.jpg"	"False"	"True"	"D:\github\ron-english-sketches-grins\images\Sketches\grins2\Scooby Doo Grin COLOR.jpg"	"False"	"2026-05-08 06:36:52"
"Scooby Doo Grin ORIGINAL.jpg"	"0.178"	"D:\github\ron-english-sketches-grins\images\Sketches\grins\Scooby Doo Grin ORIGINAL.jpg"	"False"	"True"	"D:\github\ron-english-sketches-grins\images\Sketches\grins2\Scooby Doo Grin ORIGINAL.jpg"	"False"	"2026-05-07 18:38:40"
"Scream Grin B&W.jpg"	"0.332"	"D:\github\ron-english-sketches-grins\images\Sketches\grins\Scream Grin B&W.jpg"	"False"	"True"	"D:\github\ron-english-sketches-grins\images\Sketches\grins2\Scream Grin B&W.jpg"	"False"	"2026-05-08 06:52:45"
"Scream Grin COLOR.jpg"	"0.208"	"D:\github\ron-english-sketches-grins\images\Sketches\grins\Scream Grin COLOR.jpg"	"False"	"True"	"D:\github\ron-english-sketches-grins\images\Sketches\grins2\Scream Grin COLOR.jpg"	"False"	"2026-05-07 19:03:08"
"Scream Grin ORIGINAL.jpg"	"0.211"	"D:\github\ron-english-sketches-grins\images\Sketches\grins\Scream Grin ORIGINAL.jpg"	"False"	"True"	"D:\github\ron-english-sketches-grins\images\Sketches\grins2\Scream Grin ORIGINAL.jpg"	"False"	"2026-05-07 18:38:39"
"seen collab spraycan toy front2 ORIGINAL.jpg"	"0.21"	"D:\github\ron-english-sketches-grins\images\Sketches\grins\seen collab spraycan toy front2 ORIGINAL.jpg"	"False"	"True"	"D:\github\ron-english-sketches-grins\images\Sketches\grins2\seen collab spraycan toy front2 ORIGINAL.jpg"	"False"	"2026-05-24 18:19:08"
"Sever Fairy Landshark Grin (Mickey Fin) B&W.png"	"0.061"	"D:\github\ron-english-sketches-grins\images\Sketches\grins\Sever Fairy Landshark Grin (Mickey Fin) B&W.png"	"False"	"True"	"D:\github\ron-english-sketches-grins\images\Sketches\grins2\Sever Fairy Landshark Grin (Mickey Fin) B&W.png"	"False"	"2026-05-08 07:05:03"
"Sever Fairy Landshark Grin (Mickey Fin) COLOR.jpg"	"0.172"	"D:\github\ron-english-sketches-grins\images\Sketches\grins\Sever Fairy Landshark Grin (Mickey Fin) COLOR.jpg"	"False"	"True"	"D:\github\ron-english-sketches-grins\images\Sketches\grins2\Sever Fairy Landshark Grin (Mickey Fin) COLOR.jpg"	"False"	"2026-05-08 06:07:11"
"Sever Fairy Landshark Grin (Mickey Fin) ORIGINAL.jpg"	"0.165"	"D:\github\ron-english-sketches-grins\images\Sketches\grins\Sever Fairy Landshark Grin (Mickey Fin) ORIGINAL.jpg"	"False"	"True"	"D:\github\ron-english-sketches-grins\images\Sketches\grins2\Sever Fairy Landshark Grin (Mickey Fin) ORIGINAL.jpg"	"False"	"2026-05-07 18:37:32"
"Sever Fairy Landshark Grin Front (Mickey Fin) COLOR.png"	"0.198"	"D:\github\ron-english-sketches-grins\images\Sketches\grins\Sever Fairy Landshark Grin Front (Mickey Fin) COLOR.png"	"False"	"True"	"D:\github\ron-english-sketches-grins\images\Sketches\grins2\Sever Fairy Landshark Grin Front (Mickey Fin) COLOR.png"	"False"	"2026-05-08 07:02:47"
"Sever Fairy Landshark Grin Front (Mickey Fin) ORIGINAL.jpg"	"0.074"	"D:\github\ron-english-sketches-grins\images\Sketches\grins\Sever Fairy Landshark Grin Front (Mickey Fin) ORIGINAL.jpg"	"False"	"True"	"D:\github\ron-english-sketches-grins\images\Sketches\grins2\Sever Fairy Landshark Grin Front (Mickey Fin) ORIGINAL.jpg"	"False"	"2026-05-07 18:55:22"
"Sever Fairy Landshark Grin ORIGINAL COLOR.jpg"	"0.069"	"D:\github\ron-english-sketches-grins\images\Sketches\grins\Sever Fairy Landshark Grin ORIGINAL COLOR.jpg"	"False"	"True"	"D:\github\ron-english-sketches-grins\images\Sketches\grins2\Sever Fairy Landshark Grin ORIGINAL COLOR.jpg"	"False"	"2026-05-08 06:07:11"
"Sever Fairy Landshark Grin three quarters COLOR.jpg"	"0.183"	"D:\github\ron-english-sketches-grins\images\Sketches\grins\Sever Fairy Landshark Grin three quarters COLOR.jpg"	"False"	"True"	"D:\github\ron-english-sketches-grins\images\Sketches\grins2\Sever Fairy Landshark Grin three quarters COLOR.jpg"	"False"	"2026-05-07 18:38:40"
"Sever Fairy Landshark Grin three quarters ORIGINAL.jpg"	"0.212"	"D:\github\ron-english-sketches-grins\images\Sketches\grins\Sever Fairy Landshark Grin three quarters ORIGINAL.jpg"	"False"	"True"	"D:\github\ron-english-sketches-grins\images\Sketches\grins2\Sever Fairy Landshark Grin three quarters ORIGINAL.jpg"	"False"	"2026-05-07 18:53:53"
"Sever Fairy Landshark Grin three quarters png.jpg"	"0.323"	"D:\github\ron-english-sketches-grins\images\Sketches\grins\Sever Fairy Landshark Grin three quarters png.jpg"	"False"	"True"	"D:\github\ron-english-sketches-grins\images\Sketches\grins2\Sever Fairy Landshark Grin three quarters png.jpg"	"False"	"2026-05-08 06:36:52"
"Shark Grin B&W.jpg"	"0.35"	"D:\github\ron-english-sketches-grins\images\Sketches\grins\Shark Grin B&W.jpg"	"False"	"True"	"D:\github\ron-english-sketches-grins\images\Sketches\grins2\Shark Grin B&W.jpg"	"False"	"2026-05-08 06:52:45"
"Shark Grin COLOR.jpg"	"0.05"	"D:\github\ron-english-sketches-grins\images\Sketches\grins\Shark Grin COLOR.jpg"	"False"	"True"	"D:\github\ron-english-sketches-grins\images\Sketches\grins2\Shark Grin COLOR.jpg"	"False"	"2026-05-07 18:36:35"
"Shark Grin Hotrod B&W.jpg"	"0.168"	"D:\github\ron-english-sketches-grins\images\Sketches\grins\Shark Grin Hotrod B&W.jpg"	"False"	"True"	"D:\github\ron-english-sketches-grins\images\Sketches\grins2\Shark Grin Hotrod B&W.jpg"	"False"	"2026-05-07 18:38:40"
"Shark Grin Hotrod COLOR.jpg"	"0.219"	"D:\github\ron-english-sketches-grins\images\Sketches\grins\Shark Grin Hotrod COLOR.jpg"	"False"	"True"	"D:\github\ron-english-sketches-grins\images\Sketches\grins2\Shark Grin Hotrod COLOR.jpg"	"False"	"2026-05-08 06:36:59"
"Shark Grin Hotrod ORIGINAL.jpg"	"0.098"	"D:\github\ron-english-sketches-grins\images\Sketches\grins\Shark Grin Hotrod ORIGINAL.jpg"	"False"	"True"	"D:\github\ron-english-sketches-grins\images\Sketches\grins2\Shark Grin Hotrod ORIGINAL.jpg"	"False"	"2026-05-07 18:37:32"
"Shark Grin ORIGINAL COLOR.jpg"	"0.199"	"D:\github\ron-english-sketches-grins\images\Sketches\grins\Shark Grin ORIGINAL COLOR.jpg"	"False"	"True"	"D:\github\ron-english-sketches-grins\images\Sketches\grins2\Shark Grin ORIGINAL COLOR.jpg"	"False"	"2026-05-07 18:49:49"
"Shark Grin ORIGINAL.jpg"	"0.201"	"D:\github\ron-english-sketches-grins\images\Sketches\grins\Shark Grin ORIGINAL.jpg"	"False"	"True"	"D:\github\ron-english-sketches-grins\images\Sketches\grins2\Shark Grin ORIGINAL.jpg"	"False"	"2026-05-07 18:29:17"
"Shark Man Grin B&W.jpg"	"0.058"	"D:\github\ron-english-sketches-grins\images\Sketches\grins\Shark Man Grin B&W.jpg"	"False"	"True"	"D:\github\ron-english-sketches-grins\images\Sketches\grins2\Shark Man Grin B&W.jpg"	"False"	"2026-05-08 06:12:29"
"Shark Man Grin COLOR.jpg"	"0.269"	"D:\github\ron-english-sketches-grins\images\Sketches\grins\Shark Man Grin COLOR.jpg"	"False"	"True"	"D:\github\ron-english-sketches-grins\images\Sketches\grins2\Shark Man Grin COLOR.jpg"	"False"	"2026-05-07 16:38:35"
"Shark Man Grin ORIGINAL.jpg"	"0.117"	"D:\github\ron-english-sketches-grins\images\Sketches\grins\Shark Man Grin ORIGINAL.jpg"	"False"	"True"	"D:\github\ron-english-sketches-grins\images\Sketches\grins2\Shark Man Grin ORIGINAL.jpg"	"False"	"2026-05-07 18:38:40"
"sharkhead grin front ORIGINAL.jpg"	"0.175"	"D:\github\ron-english-sketches-grins\images\Sketches\grins\sharkhead grin front ORIGINAL.jpg"	"False"	"True"	"D:\github\ron-english-sketches-grins\images\Sketches\grins2\sharkhead grin front ORIGINAL.jpg"	"False"	"2026-05-24 18:19:08"
"sharkhead grin side ORIGINAL.jpg"	"0.129"	"D:\github\ron-english-sketches-grins\images\Sketches\grins\sharkhead grin side ORIGINAL.jpg"	"False"	"True"	"D:\github\ron-english-sketches-grins\images\Sketches\grins2\sharkhead grin side ORIGINAL.jpg"	"False"	"2026-05-24 18:19:09"
"Simpsons Family Grins 1 ORIGINAL.jpg"	"0.095"	"D:\github\ron-english-sketches-grins\images\Sketches\grins\Simpsons Family Grins 1 ORIGINAL.jpg"	"False"	"True"	"D:\github\ron-english-sketches-grins\images\Sketches\grins2\Simpsons Family Grins 1 ORIGINAL.jpg"	"False"	"2026-05-07 18:56:43"
"Simpsons Family Grins 2 ORIGINAL.jpg"	"0.226"	"D:\github\ron-english-sketches-grins\images\Sketches\grins\Simpsons Family Grins 2 ORIGINAL.jpg"	"False"	"True"	"D:\github\ron-english-sketches-grins\images\Sketches\grins2\Simpsons Family Grins 2 ORIGINAL.jpg"	"False"	"2026-05-07 18:52:24"
"Skeleton Grin front B&W.jpg"	"0.471"	"D:\github\ron-english-sketches-grins\images\Sketches\grins\Skeleton Grin front B&W.jpg"	"False"	"True"	"D:\github\ron-english-sketches-grins\images\Sketches\grins2\Skeleton Grin front B&W.jpg"	"False"	"2026-05-08 06:53:03"
"Skeleton Grin front COLOR.jpg"	"0.15"	"D:\github\ron-english-sketches-grins\images\Sketches\grins\Skeleton Grin front COLOR.jpg"	"False"	"True"	"D:\github\ron-english-sketches-grins\images\Sketches\grins2\Skeleton Grin front COLOR.jpg"	"False"	"2026-05-07 18:38:40"
"Skeleton Grin front ORIGINAL.jpg"	"0.095"	"D:\github\ron-english-sketches-grins\images\Sketches\grins\Skeleton Grin front ORIGINAL.jpg"	"False"	"True"	"D:\github\ron-english-sketches-grins\images\Sketches\grins2\Skeleton Grin front ORIGINAL.jpg"	"False"	"2026-05-07 18:46:44"
"Skeleton Grin side B&W.jpg"	"0.397"	"D:\github\ron-english-sketches-grins\images\Sketches\grins\Skeleton Grin side B&W.jpg"	"False"	"True"	"D:\github\ron-english-sketches-grins\images\Sketches\grins2\Skeleton Grin side B&W.jpg"	"False"	"2026-05-08 06:53:03"
"Skeleton Grin side COLOR.jpg"	"0.127"	"D:\github\ron-english-sketches-grins\images\Sketches\grins\Skeleton Grin side COLOR.jpg"	"False"	"True"	"D:\github\ron-english-sketches-grins\images\Sketches\grins2\Skeleton Grin side COLOR.jpg"	"False"	"2026-05-07 18:38:40"
"Skeleton Grin side ORIGINAL.jpg"	"0.064"	"D:\github\ron-english-sketches-grins\images\Sketches\grins\Skeleton Grin side ORIGINAL.jpg"	"False"	"True"	"D:\github\ron-english-sketches-grins\images\Sketches\grins2\Skeleton Grin side ORIGINAL.jpg"	"False"	"2026-05-07 18:36:35"
"Slo Moe Grin Portrait B&W.jpg"	"0.062"	"D:\github\ron-english-sketches-grins\images\Sketches\grins\Slo Moe Grin Portrait B&W.jpg"	"False"	"True"	"D:\github\ron-english-sketches-grins\images\Sketches\grins2\Slo Moe Grin Portrait B&W.jpg"	"False"	"2026-05-08 07:05:25"
"Slo Moe Grin portrait closeup ORIGINAL.jpg"	"0.074"	"D:\github\ron-english-sketches-grins\images\Sketches\grins\Slo Moe Grin portrait closeup ORIGINAL.jpg"	"False"	"True"	"D:\github\ron-english-sketches-grins\images\Sketches\grins2\Slo Moe Grin portrait closeup ORIGINAL.jpg"	"False"	"2026-05-07 18:55:22"
"Slo Moe Grin Portrait COLOR.jpg"	"0.181"	"D:\github\ron-english-sketches-grins\images\Sketches\grins\Slo Moe Grin Portrait COLOR.jpg"	"False"	"True"	"D:\github\ron-english-sketches-grins\images\Sketches\grins2\Slo Moe Grin Portrait COLOR.jpg"	"False"	"2026-05-07 15:43:12"
"Slo Moe Grin portrait ORIGINAL.jpg"	"0.278"	"D:\github\ron-english-sketches-grins\images\Sketches\grins\Slo Moe Grin portrait ORIGINAL.jpg"	"False"	"True"	"D:\github\ron-english-sketches-grins\images\Sketches\grins2\Slo Moe Grin portrait ORIGINAL.jpg"	"False"	"2026-05-07 18:58:01"
"Slow Moe Grin B&W.jpg"	"0.356"	"D:\github\ron-english-sketches-grins\images\Sketches\grins\Slow Moe Grin B&W.jpg"	"False"	"True"	"D:\github\ron-english-sketches-grins\images\Sketches\grins2\Slow Moe Grin B&W.jpg"	"False"	"2026-05-08 06:52:45"
"Slow Moe Grin COLOR.jpg"	"0.127"	"D:\github\ron-english-sketches-grins\images\Sketches\grins\Slow Moe Grin COLOR.jpg"	"False"	"True"	"D:\github\ron-english-sketches-grins\images\Sketches\grins2\Slow Moe Grin COLOR.jpg"	"False"	"2026-05-07 18:58:01"
"Slushsquatch Grin B&W.jpg"	"0.279"	"D:\github\ron-english-sketches-grins\images\Sketches\grins\Slushsquatch Grin B&W.jpg"	"False"	"True"	"D:\github\ron-english-sketches-grins\images\Sketches\grins2\Slushsquatch Grin B&W.jpg"	"False"	"2026-05-08 06:36:59"
"Slushsquatch Grin COLOR.jpg"	"0.393"	"D:\github\ron-english-sketches-grins\images\Sketches\grins\Slushsquatch Grin COLOR.jpg"	"False"	"True"	"D:\github\ron-english-sketches-grins\images\Sketches\grins2\Slushsquatch Grin COLOR.jpg"	"False"	"2026-05-08 06:53:03"
"Slushsquatch Grin ORIGINAL.jpg"	"0.246"	"D:\github\ron-english-sketches-grins\images\Sketches\grins\Slushsquatch Grin ORIGINAL.jpg"	"False"	"True"	"D:\github\ron-english-sketches-grins\images\Sketches\grins2\Slushsquatch Grin ORIGINAL.jpg"	"False"	"2026-05-07 18:53:53"
"Smack, Crack, Pop Grin B&W.jpg"	"0.458"	"D:\github\ron-english-sketches-grins\images\Sketches\grins\Smack, Crack, Pop Grin B&W.jpg"	"False"	"True"	"D:\github\ron-english-sketches-grins\images\Sketches\grins2\Smack, Crack, Pop Grin B&W.jpg"	"False"	"2026-05-08 06:52:54"
"Smack, Crack, Pop Grin COLOR.jpg"	"0.354"	"D:\github\ron-english-sketches-grins\images\Sketches\grins\Smack, Crack, Pop Grin COLOR.jpg"	"False"	"True"	"D:\github\ron-english-sketches-grins\images\Sketches\grins2\Smack, Crack, Pop Grin COLOR.jpg"	"False"	"2026-05-08 06:52:45"
"Smack, Crack, Pop Grin ORIGINAL.jpg"	"0.115"	"D:\github\ron-english-sketches-grins\images\Sketches\grins\Smack, Crack, Pop Grin ORIGINAL.jpg"	"False"	"True"	"D:\github\ron-english-sketches-grins\images\Sketches\grins2\Smack, Crack, Pop Grin ORIGINAL.jpg"	"False"	"2026-05-07 18:36:35"
"Smiley Face Dog Grin Newcastle B&W.jpg"	"0.378"	"D:\github\ron-english-sketches-grins\images\Sketches\grins\Smiley Face Dog Grin Newcastle B&W.jpg"	"False"	"True"	"D:\github\ron-english-sketches-grins\images\Sketches\grins2\Smiley Face Dog Grin Newcastle B&W.jpg"	"False"	"2026-05-08 06:52:45"
"Smiley Face Dog Grin Newcastle ORIGINAL.jpg"	"0.051"	"D:\github\ron-english-sketches-grins\images\Sketches\grins\Smiley Face Dog Grin Newcastle ORIGINAL.jpg"	"False"	"True"	"D:\github\ron-english-sketches-grins\images\Sketches\grins2\Smiley Face Dog Grin Newcastle ORIGINAL.jpg"	"False"	"2026-05-07 18:56:43"
"Smoking Grin B&W.jpg"	"0.381"	"D:\github\ron-english-sketches-grins\images\Sketches\grins\Smoking Grin B&W.jpg"	"False"	"True"	"D:\github\ron-english-sketches-grins\images\Sketches\grins2\Smoking Grin B&W.jpg"	"False"	"2026-05-08 06:52:54"
"Smoking Grin COLOR.jpg"	"0.398"	"D:\github\ron-english-sketches-grins\images\Sketches\grins\Smoking Grin COLOR.jpg"	"False"	"True"	"D:\github\ron-english-sketches-grins\images\Sketches\grins2\Smoking Grin COLOR.jpg"	"False"	"2026-05-08 06:52:54"
"Smoking Grin ORIGINAL COLOR.jpg"	"0.217"	"D:\github\ron-english-sketches-grins\images\Sketches\grins\Smoking Grin ORIGINAL COLOR.jpg"	"False"	"True"	"D:\github\ron-english-sketches-grins\images\Sketches\grins2\Smoking Grin ORIGINAL COLOR.jpg"	"False"	"2026-05-08 06:09:39"
"Smoking Grin ORIGINAL.jpg"	"0.301"	"D:\github\ron-english-sketches-grins\images\Sketches\grins\Smoking Grin ORIGINAL.jpg"	"False"	"True"	"D:\github\ron-english-sketches-grins\images\Sketches\grins2\Smoking Grin ORIGINAL.jpg"	"False"	"2026-05-07 18:55:22"
"Smurf Grin B&W.jpg"	"0.293"	"D:\github\ron-english-sketches-grins\images\Sketches\grins\Smurf Grin B&W.jpg"	"False"	"True"	"D:\github\ron-english-sketches-grins\images\Sketches\grins2\Smurf Grin B&W.jpg"	"False"	"2026-05-08 06:36:52"
"Smurf Grin COLOR.jpg"	"0.493"	"D:\github\ron-english-sketches-grins\images\Sketches\grins\Smurf Grin COLOR.jpg"	"False"	"True"	"D:\github\ron-english-sketches-grins\images\Sketches\grins2\Smurf Grin COLOR.jpg"	"False"	"2026-05-08 06:53:03"
"Smurf Grin ORIGINAL COLOR.jpg"	"0.345"	"D:\github\ron-english-sketches-grins\images\Sketches\grins\Smurf Grin ORIGINAL COLOR.jpg"	"False"	"True"	"D:\github\ron-english-sketches-grins\images\Sketches\grins2\Smurf Grin ORIGINAL COLOR.jpg"	"False"	"2026-05-07 16:21:36"
"Smurf Grin ORIGINAL.jpg"	"0.221"	"D:\github\ron-english-sketches-grins\images\Sketches\grins\Smurf Grin ORIGINAL.jpg"	"False"	"True"	"D:\github\ron-english-sketches-grins\images\Sketches\grins2\Smurf Grin ORIGINAL.jpg"	"False"	"2026-05-07 18:38:40"
"Smurfette Grin B&W.jpg"	"0.422"	"D:\github\ron-english-sketches-grins\images\Sketches\grins\Smurfette Grin B&W.jpg"	"False"	"True"	"D:\github\ron-english-sketches-grins\images\Sketches\grins2\Smurfette Grin B&W.jpg"	"False"	"2026-05-08 06:52:54"
"Smurfette Grin COLOR.jpg"	"0.345"	"D:\github\ron-english-sketches-grins\images\Sketches\grins\Smurfette Grin COLOR.jpg"	"False"	"True"	"D:\github\ron-english-sketches-grins\images\Sketches\grins2\Smurfette Grin COLOR.jpg"	"False"	"2026-05-07 18:46:44"
"Smurfette Grin ORIGINAL COLOR.jpg"	"0.176"	"D:\github\ron-english-sketches-grins\images\Sketches\grins\Smurfette Grin ORIGINAL COLOR.jpg"	"False"	"True"	"D:\github\ron-english-sketches-grins\images\Sketches\grins2\Smurfette Grin ORIGINAL COLOR.jpg"	"False"	"2026-05-08 06:36:23"
"Smurfette Grin ORIGINAL.jpg"	"0.316"	"D:\github\ron-english-sketches-grins\images\Sketches\grins\Smurfette Grin ORIGINAL.jpg"	"False"	"True"	"D:\github\ron-english-sketches-grins\images\Sketches\grins2\Smurfette Grin ORIGINAL.jpg"	"False"	"2026-05-07 18:52:24"
"Snoopy Grin back B&W.jpg"	"0.301"	"D:\github\ron-english-sketches-grins\images\Sketches\grins\Snoopy Grin back B&W.jpg"	"False"	"True"	"D:\github\ron-english-sketches-grins\images\Sketches\grins2\Snoopy Grin back B&W.jpg"	"False"	"2026-05-08 06:36:52"
"Snoopy Grin back COLOR.jpg"	"0.283"	"D:\github\ron-english-sketches-grins\images\Sketches\grins\Snoopy Grin back COLOR.jpg"	"False"	"True"	"D:\github\ron-english-sketches-grins\images\Sketches\grins2\Snoopy Grin back COLOR.jpg"	"False"	"2026-05-08 06:36:52"
"Snoopy Grin back ORIGINAL.jpg"	"0.138"	"D:\github\ron-english-sketches-grins\images\Sketches\grins\Snoopy Grin back ORIGINAL.jpg"	"False"	"True"	"D:\github\ron-english-sketches-grins\images\Sketches\grins2\Snoopy Grin back ORIGINAL.jpg"	"False"	"2026-05-07 18:56:43"
"Snoopy Grin COLOR.jpg"	"0.31"	"D:\github\ron-english-sketches-grins\images\Sketches\grins\Snoopy Grin COLOR.jpg"	"False"	"True"	"D:\github\ron-english-sketches-grins\images\Sketches\grins2\Snoopy Grin COLOR.jpg"	"False"	"2026-05-08 06:53:03"
"Snoopy Grin front B&W.jpg"	"0.428"	"D:\github\ron-english-sketches-grins\images\Sketches\grins\Snoopy Grin front B&W.jpg"	"False"	"True"	"D:\github\ron-english-sketches-grins\images\Sketches\grins2\Snoopy Grin front B&W.jpg"	"False"	"2026-05-08 06:52:45"
"Snoopy Grin front COLOR.jpg"	"0.146"	"D:\github\ron-english-sketches-grins\images\Sketches\grins\Snoopy Grin front COLOR.jpg"	"False"	"True"	"D:\github\ron-english-sketches-grins\images\Sketches\grins2\Snoopy Grin front COLOR.jpg"	"False"	"2026-05-07 18:58:01"
"Snoopy Grin front ORIGINAL.jpg"	"0.159"	"D:\github\ron-english-sketches-grins\images\Sketches\grins\Snoopy Grin front ORIGINAL.jpg"	"False"	"True"	"D:\github\ron-english-sketches-grins\images\Sketches\grins2\Snoopy Grin front ORIGINAL.jpg"	"False"	"2026-05-07 18:49:49"
"Snoopy Grin ORIGINAL COLOR.jpg"	"0.107"	"D:\github\ron-english-sketches-grins\images\Sketches\grins\Snoopy Grin ORIGINAL COLOR.jpg"	"False"	"True"	"D:\github\ron-english-sketches-grins\images\Sketches\grins2\Snoopy Grin ORIGINAL COLOR.jpg"	"False"	"2026-05-08 06:12:28"
"Snoopy Grin ORIGINAL.jpg"	"0.19"	"D:\github\ron-english-sketches-grins\images\Sketches\grins\Snoopy Grin ORIGINAL.jpg"	"False"	"True"	"D:\github\ron-english-sketches-grins\images\Sketches\grins2\Snoopy Grin ORIGINAL.jpg"	"False"	"2026-05-07 18:49:49"
"Snoopy Traditional Grin B&W.jpg"	"0.491"	"D:\github\ron-english-sketches-grins\images\Sketches\grins\Snoopy Traditional Grin B&W.jpg"	"False"	"True"	"D:\github\ron-english-sketches-grins\images\Sketches\grins2\Snoopy Traditional Grin B&W.jpg"	"False"	"2026-05-07 18:53:53"
"Snoopy Traditional Grin COLOR.jpg"	"0.151"	"D:\github\ron-english-sketches-grins\images\Sketches\grins\Snoopy Traditional Grin COLOR.jpg"	"False"	"True"	"D:\github\ron-english-sketches-grins\images\Sketches\grins2\Snoopy Traditional Grin COLOR.jpg"	"False"	"2026-05-07 18:58:01"
"Snoopy Traditional Grin ORIGINAL.jpg"	"0.16"	"D:\github\ron-english-sketches-grins\images\Sketches\grins\Snoopy Traditional Grin ORIGINAL.jpg"	"False"	"True"	"D:\github\ron-english-sketches-grins\images\Sketches\grins2\Snoopy Traditional Grin ORIGINAL.jpg"	"False"	"2026-05-07 18:38:40"
"Soccer Ball Grin ORIGINAL COLOR.jpg"	"0.25"	"D:\github\ron-english-sketches-grins\images\Sketches\grins\Soccer Ball Grin ORIGINAL COLOR.jpg"	"False"	"True"	"D:\github\ron-english-sketches-grins\images\Sketches\grins2\Soccer Ball Grin ORIGINAL COLOR.jpg"	"False"	"2026-05-07 18:49:49"
"Sock Monkey Grin card.jpg"	"0.142"	"D:\github\ron-english-sketches-grins\images\Sketches\grins\Sock Monkey Grin card.jpg"	"False"	"True"	"D:\github\ron-english-sketches-grins\images\Sketches\grins2\Sock Monkey Grin card.jpg"	"False"	"2026-03-21 07:28:08"
"Sock Monkey Grin COLOR.jpg"	"0.332"	"D:\github\ron-english-sketches-grins\images\Sketches\grins\Sock Monkey Grin COLOR.jpg"	"False"	"True"	"D:\github\ron-english-sketches-grins\images\Sketches\grins2\Sock Monkey Grin COLOR.jpg"	"False"	"2026-05-08 06:36:15"
"Sock Monkey Grin ORIGINAL COLOR 2.jpg"	"0.064"	"D:\github\ron-english-sketches-grins\images\Sketches\grins\Sock Monkey Grin ORIGINAL COLOR 2.jpg"	"False"	"True"	"D:\github\ron-english-sketches-grins\images\Sketches\grins2\Sock Monkey Grin ORIGINAL COLOR 2.jpg"	"False"	"2026-05-07 18:49:49"
"Sock Monkey Grin ORIGINAL.jpg"	"0.207"	"D:\github\ron-english-sketches-grins\images\Sketches\grins\Sock Monkey Grin ORIGINAL.jpg"	"False"	"True"	"D:\github\ron-english-sketches-grins\images\Sketches\grins2\Sock Monkey Grin ORIGINAL.jpg"	"False"	"2026-05-07 18:38:40"
"Sonic Grin B&W.jpg"	"0.149"	"D:\github\ron-english-sketches-grins\images\Sketches\grins\Sonic Grin B&W.jpg"	"False"	"True"	"D:\github\ron-english-sketches-grins\images\Sketches\grins2\Sonic Grin B&W.jpg"	"False"	"2026-05-07 18:37:32"
"Sonic Grin COLOR.jpg"	"0.321"	"D:\github\ron-english-sketches-grins\images\Sketches\grins\Sonic Grin COLOR.jpg"	"False"	"True"	"D:\github\ron-english-sketches-grins\images\Sketches\grins2\Sonic Grin COLOR.jpg"	"False"	"2026-05-08 06:36:39"
"Sonic Grin ORIGINAL.jpg"	"0.109"	"D:\github\ron-english-sketches-grins\images\Sketches\grins\Sonic Grin ORIGINAL.jpg"	"False"	"True"	"D:\github\ron-english-sketches-grins\images\Sketches\grins2\Sonic Grin ORIGINAL.jpg"	"False"	"2026-05-07 18:36:35"
"Space Shark Grin front COLOR.jpg"	"0.095"	"D:\github\ron-english-sketches-grins\images\Sketches\grins\Space Shark Grin front COLOR.jpg"	"False"	"True"	"D:\github\ron-english-sketches-grins\images\Sketches\grins2\Space Shark Grin front COLOR.jpg"	"False"	"2026-05-07 18:36:35"
"Space Shark Grin ORIGINAL COLOR.jpg"	"0.088"	"D:\github\ron-english-sketches-grins\images\Sketches\grins\Space Shark Grin ORIGINAL COLOR.jpg"	"False"	"True"	"D:\github\ron-english-sketches-grins\images\Sketches\grins2\Space Shark Grin ORIGINAL COLOR.jpg"	"False"	"2026-05-07 18:38:40"
"Space Shark Grin ORIGINAL.jpg"	"0.082"	"D:\github\ron-english-sketches-grins\images\Sketches\grins\Space Shark Grin ORIGINAL.jpg"	"False"	"True"	"D:\github\ron-english-sketches-grins\images\Sketches\grins2\Space Shark Grin ORIGINAL.jpg"	"False"	"2026-05-08 06:35:59"
"Spaz Grin ORIGINAL COLOR.jpg"	"0.212"	"D:\github\ron-english-sketches-grins\images\Sketches\grins\Spaz Grin ORIGINAL COLOR.jpg"	"False"	"True"	"D:\github\ron-english-sketches-grins\images\Sketches\grins2\Spaz Grin ORIGINAL COLOR.jpg"	"False"	"2026-05-08 06:36:23"
"Spaz Grin ORIGINAL.jpg"	"0.171"	"D:\github\ron-english-sketches-grins\images\Sketches\grins\Spaz Grin ORIGINAL.jpg"	"False"	"True"	"D:\github\ron-english-sketches-grins\images\Sketches\grins2\Spaz Grin ORIGINAL.jpg"	"False"	"2026-05-07 15:44:01"
"Speak More Evil Grin B&W.jpg"	"0.35"	"D:\github\ron-english-sketches-grins\images\Sketches\grins\Speak More Evil Grin B&W.jpg"	"False"	"True"	"D:\github\ron-english-sketches-grins\images\Sketches\grins2\Speak More Evil Grin B&W.jpg"	"False"	"2026-05-08 06:52:45"
"Speak More Evil Grin COLOR.jpg"	"0.194"	"D:\github\ron-english-sketches-grins\images\Sketches\grins\Speak More Evil Grin COLOR.jpg"	"False"	"True"	"D:\github\ron-english-sketches-grins\images\Sketches\grins2\Speak More Evil Grin COLOR.jpg"	"False"	"2026-05-07 19:03:08"
"Speak More Evil Grin ORIGINAL.jpg"	"0.133"	"D:\github\ron-english-sketches-grins\images\Sketches\grins\Speak More Evil Grin ORIGINAL.jpg"	"False"	"True"	"D:\github\ron-english-sketches-grins\images\Sketches\grins2\Speak More Evil Grin ORIGINAL.jpg"	"False"	"2026-05-07 15:45:00"
"Speak More Evil Grin side ORIGINAL.jpg"	"0.117"	"D:\github\ron-english-sketches-grins\images\Sketches\grins\Speak More Evil Grin side ORIGINAL.jpg"	"False"	"True"	"D:\github\ron-english-sketches-grins\images\Sketches\grins2\Speak More Evil Grin side ORIGINAL.jpg"	"False"	"2026-05-07 18:38:40"
"Spitting Grin B&W.jpg"	"0.243"	"D:\github\ron-english-sketches-grins\images\Sketches\grins\Spitting Grin B&W.jpg"	"False"	"True"	"D:\github\ron-english-sketches-grins\images\Sketches\grins2\Spitting Grin B&W.jpg"	"False"	"2026-05-08 06:53:03"
"Spitting Grin COLOR.jpg"	"0.408"	"D:\github\ron-english-sketches-grins\images\Sketches\grins\Spitting Grin COLOR.jpg"	"False"	"True"	"D:\github\ron-english-sketches-grins\images\Sketches\grins2\Spitting Grin COLOR.jpg"	"False"	"2026-05-08 06:52:45"
"Spongebob Grin B&W.jpg"	"0.428"	"D:\github\ron-english-sketches-grins\images\Sketches\grins\Spongebob Grin B&W.jpg"	"False"	"True"	"D:\github\ron-english-sketches-grins\images\Sketches\grins2\Spongebob Grin B&W.jpg"	"False"	"2026-05-08 06:52:54"
"Spongebob Grin COLOR.jpg"	"0.198"	"D:\github\ron-english-sketches-grins\images\Sketches\grins\Spongebob Grin COLOR.jpg"	"False"	"True"	"D:\github\ron-english-sketches-grins\images\Sketches\grins2\Spongebob Grin COLOR.jpg"	"False"	"2026-05-07 19:03:08"
"Spongebob Grin in Waves B&W.jpg"	"0.503"	"D:\github\ron-english-sketches-grins\images\Sketches\grins\Spongebob Grin in Waves B&W.jpg"	"False"	"True"	"D:\github\ron-english-sketches-grins\images\Sketches\grins2\Spongebob Grin in Waves B&W.jpg"	"False"	"2026-05-07 18:53:53"
"Spongebob Grin in Waves COLOR.jpg"	"0.242"	"D:\github\ron-english-sketches-grins\images\Sketches\grins\Spongebob Grin in Waves COLOR.jpg"	"False"	"True"	"D:\github\ron-english-sketches-grins\images\Sketches\grins2\Spongebob Grin in Waves COLOR.jpg"	"False"	"2026-05-07 18:38:40"
"Spongebob Grin in Waves ORIGINAL.jpg"	"0.205"	"D:\github\ron-english-sketches-grins\images\Sketches\grins\Spongebob Grin in Waves ORIGINAL.jpg"	"False"	"True"	"D:\github\ron-english-sketches-grins\images\Sketches\grins2\Spongebob Grin in Waves ORIGINAL.jpg"	"False"	"2026-05-07 18:38:39"
"Spongebob Grin ORIGINAL COLOR.jpg"	"0.078"	"D:\github\ron-english-sketches-grins\images\Sketches\grins\Spongebob Grin ORIGINAL COLOR.jpg"	"False"	"True"	"D:\github\ron-english-sketches-grins\images\Sketches\grins2\Spongebob Grin ORIGINAL COLOR.jpg"	"False"	"2026-05-08 06:36:38"
"Spongebob Grin ORIGINAL.jpg"	"0.459"	"D:\github\ron-english-sketches-grins\images\Sketches\grins\Spongebob Grin ORIGINAL.jpg"	"False"	"True"	"D:\github\ron-english-sketches-grins\images\Sketches\grins2\Spongebob Grin ORIGINAL.jpg"	"False"	"2026-05-07 18:58:01"
"Squirrel Squirt Grin B&W.jpg"	"0.232"	"D:\github\ron-english-sketches-grins\images\Sketches\grins\Squirrel Squirt Grin B&W.jpg"	"False"	"True"	"D:\github\ron-english-sketches-grins\images\Sketches\grins2\Squirrel Squirt Grin B&W.jpg"	"False"	"2026-05-08 06:53:02"
"Squirrel Squirt Grin COLOR.jpg"	"0.181"	"D:\github\ron-english-sketches-grins\images\Sketches\grins\Squirrel Squirt Grin COLOR.jpg"	"False"	"True"	"D:\github\ron-english-sketches-grins\images\Sketches\grins2\Squirrel Squirt Grin COLOR.jpg"	"False"	"2026-05-07 18:38:40"
"squirrel squirt grin head - B&W - trace girl - png.jpg"	"0.269"	"D:\github\ron-english-sketches-grins\images\Sketches\grins\squirrel squirt grin head - B&W - trace girl - png.jpg"	"False"	"True"	"D:\github\ron-english-sketches-grins\images\Sketches\grins2\squirrel squirt grin head - B&W - trace girl - png.jpg"	"False"	"2026-05-08 06:53:03"
"Squirrel Squirt Grin Head COLOR.jpg"	"0.186"	"D:\github\ron-english-sketches-grins\images\Sketches\grins\Squirrel Squirt Grin Head COLOR.jpg"	"False"	"True"	"D:\github\ron-english-sketches-grins\images\Sketches\grins2\Squirrel Squirt Grin Head COLOR.jpg"	"False"	"2026-05-07 18:37:32"
"Squirrel Squirt Grin Head ORIGINAL.jpg"	"0.089"	"D:\github\ron-english-sketches-grins\images\Sketches\grins\Squirrel Squirt Grin Head ORIGINAL.jpg"	"False"	"True"	"D:\github\ron-english-sketches-grins\images\Sketches\grins2\Squirrel Squirt Grin Head ORIGINAL.jpg"	"False"	"2026-05-07 18:58:01"
"Staples Pigeon Grin front B&W.jpg"	"0.412"	"D:\github\ron-english-sketches-grins\images\Sketches\grins\Staples Pigeon Grin front B&W.jpg"	"False"	"True"	"D:\github\ron-english-sketches-grins\images\Sketches\grins2\Staples Pigeon Grin front B&W.jpg"	"False"	"2026-05-08 06:52:45"
"Staples Pigeon Grin front COLOR.jpg"	"0.495"	"D:\github\ron-english-sketches-grins\images\Sketches\grins\Staples Pigeon Grin front COLOR.jpg"	"False"	"True"	"D:\github\ron-english-sketches-grins\images\Sketches\grins2\Staples Pigeon Grin front COLOR.jpg"	"False"	"2026-05-08 06:52:45"
"Staples Pigeon Grin front ORIGINAL.jpg"	"0.076"	"D:\github\ron-english-sketches-grins\images\Sketches\grins\Staples Pigeon Grin front ORIGINAL.jpg"	"False"	"True"	"D:\github\ron-english-sketches-grins\images\Sketches\grins2\Staples Pigeon Grin front ORIGINAL.jpg"	"False"	"2026-05-07 18:58:01"
"Staples Pigeon Grin side B&W.jpg"	"0.446"	"D:\github\ron-english-sketches-grins\images\Sketches\grins\Staples Pigeon Grin side B&W.jpg"	"False"	"True"	"D:\github\ron-english-sketches-grins\images\Sketches\grins2\Staples Pigeon Grin side B&W.jpg"	"False"	"2026-05-08 06:52:45"
"Staples Pigeon Grin side COLOR.jpg"	"0.158"	"D:\github\ron-english-sketches-grins\images\Sketches\grins\Staples Pigeon Grin side COLOR.jpg"	"False"	"True"	"D:\github\ron-english-sketches-grins\images\Sketches\grins2\Staples Pigeon Grin side COLOR.jpg"	"False"	"2026-05-07 18:38:40"
"Staples Pigeon Grin side ORIGINAL.jpg"	"0.079"	"D:\github\ron-english-sketches-grins\images\Sketches\grins\Staples Pigeon Grin side ORIGINAL.jpg"	"False"	"True"	"D:\github\ron-english-sketches-grins\images\Sketches\grins2\Staples Pigeon Grin side ORIGINAL.jpg"	"False"	"2026-05-07 18:36:35"
"Starskull Trooper Grin B&W.jpg"	"0.427"	"D:\github\ron-english-sketches-grins\images\Sketches\grins\Starskull Trooper Grin B&W.jpg"	"False"	"True"	"D:\github\ron-english-sketches-grins\images\Sketches\grins2\Starskull Trooper Grin B&W.jpg"	"False"	"2026-05-08 06:52:54"
"Starskull Trooper Grin COLOR.jpg"	"0.291"	"D:\github\ron-english-sketches-grins\images\Sketches\grins\Starskull Trooper Grin COLOR.jpg"	"False"	"True"	"D:\github\ron-english-sketches-grins\images\Sketches\grins2\Starskull Trooper Grin COLOR.jpg"	"False"	"2026-05-08 06:36:38"
"Starskull Trooper Grin ORIGINAL.jpeg"	"0.268"	"D:\github\ron-english-sketches-grins\images\Sketches\grins\Starskull Trooper Grin ORIGINAL.jpeg"	"False"	"True"	"D:\github\ron-english-sketches-grins\images\Sketches\grins2\Starskull Trooper Grin ORIGINAL.jpeg"	"False"	"2026-05-07 18:38:40"
"Stewie Grin B&W.jpg"	"0.319"	"D:\github\ron-english-sketches-grins\images\Sketches\grins\Stewie Grin B&W.jpg"	"False"	"True"	"D:\github\ron-english-sketches-grins\images\Sketches\grins2\Stewie Grin B&W.jpg"	"False"	"2026-05-08 06:36:52"
"Stewie Grin COLOR.jpg"	"0.38"	"D:\github\ron-english-sketches-grins\images\Sketches\grins\Stewie Grin COLOR.jpg"	"False"	"True"	"D:\github\ron-english-sketches-grins\images\Sketches\grins2\Stewie Grin COLOR.jpg"	"False"	"2026-05-08 06:52:54"
"Stewie Grin ORIGINAL.jpg"	"0.085"	"D:\github\ron-english-sketches-grins\images\Sketches\grins\Stewie Grin ORIGINAL.jpg"	"False"	"True"	"D:\github\ron-english-sketches-grins\images\Sketches\grins2\Stewie Grin ORIGINAL.jpg"	"False"	"2026-05-07 18:52:24"
"Stitch Grin B&W.jpg"	"0.122"	"D:\github\ron-english-sketches-grins\images\Sketches\grins\Stitch Grin B&W.jpg"	"False"	"True"	"D:\github\ron-english-sketches-grins\images\Sketches\grins2\Stitch Grin B&W.jpg"	"False"	"2026-05-07 18:38:40"
"Stitch Grin COLOR.jpg"	"0.434"	"D:\github\ron-english-sketches-grins\images\Sketches\grins\Stitch Grin COLOR.jpg"	"False"	"True"	"D:\github\ron-english-sketches-grins\images\Sketches\grins2\Stitch Grin COLOR.jpg"	"False"	"2026-05-08 06:52:54"
"Stitch Grin ORIGINAL COLOR.jpg"	"0.129"	"D:\github\ron-english-sketches-grins\images\Sketches\grins\Stitch Grin ORIGINAL COLOR.jpg"	"False"	"True"	"D:\github\ron-english-sketches-grins\images\Sketches\grins2\Stitch Grin ORIGINAL COLOR.jpg"	"False"	"2026-05-08 06:36:15"
"Stitch Grin ORIGINAL.jpg"	"0.141"	"D:\github\ron-english-sketches-grins\images\Sketches\grins\Stitch Grin ORIGINAL.jpg"	"False"	"True"	"D:\github\ron-english-sketches-grins\images\Sketches\grins2\Stitch Grin ORIGINAL.jpg"	"False"	"2026-05-07 18:37:32"
"Stormtrooper Grin B&W.jpg"	"0.293"	"D:\github\ron-english-sketches-grins\images\Sketches\grins\Stormtrooper Grin B&W.jpg"	"False"	"True"	"D:\github\ron-english-sketches-grins\images\Sketches\grins2\Stormtrooper Grin B&W.jpg"	"False"	"2026-05-08 06:53:03"
"Stormtrooper Grin COLOR.jpg"	"0.439"	"D:\github\ron-english-sketches-grins\images\Sketches\grins\Stormtrooper Grin COLOR.jpg"	"False"	"True"	"D:\github\ron-english-sketches-grins\images\Sketches\grins2\Stormtrooper Grin COLOR.jpg"	"False"	"2026-05-08 06:53:03"
"Stormtrooper Grin ORIGINAL.jpg"	"0.233"	"D:\github\ron-english-sketches-grins\images\Sketches\grins\Stormtrooper Grin ORIGINAL.jpg"	"False"	"True"	"D:\github\ron-english-sketches-grins\images\Sketches\grins2\Stormtrooper Grin ORIGINAL.jpg"	"False"	"2026-05-07 18:53:54"
"Street Fighter Guile Grin B&W.jpg"	"0.131"	"D:\github\ron-english-sketches-grins\images\Sketches\grins\Street Fighter Guile Grin B&W.jpg"	"False"	"True"	"D:\github\ron-english-sketches-grins\images\Sketches\grins2\Street Fighter Guile Grin B&W.jpg"	"False"	"2026-05-07 18:38:40"
"Street Fighter Guile Grin COLOR.jpg"	"0.382"	"D:\github\ron-english-sketches-grins\images\Sketches\grins\Street Fighter Guile Grin COLOR.jpg"	"False"	"True"	"D:\github\ron-english-sketches-grins\images\Sketches\grins2\Street Fighter Guile Grin COLOR.jpg"	"False"	"2026-05-08 06:52:54"
"Street Fighter Guile Grin ORIGINAL.jpg"	"0.629"	"D:\github\ron-english-sketches-grins\images\Sketches\grins\Street Fighter Guile Grin ORIGINAL.jpg"	"False"	"True"	"D:\github\ron-english-sketches-grins\images\Sketches\grins2\Street Fighter Guile Grin ORIGINAL.jpg"	"False"	"2026-05-07 18:58:01"
"Sugar Clown Grin B&W.jpg"	"0.338"	"D:\github\ron-english-sketches-grins\images\Sketches\grins\Sugar Clown Grin B&W.jpg"	"False"	"True"	"D:\github\ron-english-sketches-grins\images\Sketches\grins2\Sugar Clown Grin B&W.jpg"	"False"	"2026-05-08 06:52:45"
"Sugar Clown Grin back B&W.jpg"	"0.43"	"D:\github\ron-english-sketches-grins\images\Sketches\grins\Sugar Clown Grin back B&W.jpg"	"False"	"True"	"D:\github\ron-english-sketches-grins\images\Sketches\grins2\Sugar Clown Grin back B&W.jpg"	"False"	"2026-05-08 06:52:54"
"Sugar Clown Grin back COLOR.jpg"	"0.299"	"D:\github\ron-english-sketches-grins\images\Sketches\grins\Sugar Clown Grin back COLOR.jpg"	"False"	"True"	"D:\github\ron-english-sketches-grins\images\Sketches\grins2\Sugar Clown Grin back COLOR.jpg"	"False"	"2026-05-08 06:53:02"
"Sugar Clown Grin back ORIGINAL.jpg"	"0.257"	"D:\github\ron-english-sketches-grins\images\Sketches\grins\Sugar Clown Grin back ORIGINAL.jpg"	"False"	"True"	"D:\github\ron-english-sketches-grins\images\Sketches\grins2\Sugar Clown Grin back ORIGINAL.jpg"	"False"	"2026-05-07 18:56:43"
"Sugar Clown Grin COLOR.jpg"	"0.185"	"D:\github\ron-english-sketches-grins\images\Sketches\grins\Sugar Clown Grin COLOR.jpg"	"False"	"True"	"D:\github\ron-english-sketches-grins\images\Sketches\grins2\Sugar Clown Grin COLOR.jpg"	"False"	"2026-05-07 19:03:08"
"Sugar Clown Grin left side COLOR.jpg"	"0.442"	"D:\github\ron-english-sketches-grins\images\Sketches\grins\Sugar Clown Grin left side COLOR.jpg"	"False"	"True"	"D:\github\ron-english-sketches-grins\images\Sketches\grins2\Sugar Clown Grin left side COLOR.jpg"	"False"	"2026-05-08 06:52:45"
"Sugar Clown Grin left side ORIGINAL.jpg"	"0.293"	"D:\github\ron-english-sketches-grins\images\Sketches\grins\Sugar Clown Grin left side ORIGINAL.jpg"	"False"	"True"	"D:\github\ron-english-sketches-grins\images\Sketches\grins2\Sugar Clown Grin left side ORIGINAL.jpg"	"False"	"2026-05-07 18:56:43"
"Sugar Clown Grin ORIGINAL.jpg"	"0.305"	"D:\github\ron-english-sketches-grins\images\Sketches\grins\Sugar Clown Grin ORIGINAL.jpg"	"False"	"True"	"D:\github\ron-english-sketches-grins\images\Sketches\grins2\Sugar Clown Grin ORIGINAL.jpg"	"False"	"2026-05-07 18:56:43"
"Sugar Clown Grin right side B&W.jpg"	"0.266"	"D:\github\ron-english-sketches-grins\images\Sketches\grins\Sugar Clown Grin right side B&W.jpg"	"False"	"True"	"D:\github\ron-english-sketches-grins\images\Sketches\grins2\Sugar Clown Grin right side B&W.jpg"	"False"	"2026-05-08 06:53:02"
"Sugar Clown Grin right side COLOR.jpg"	"0.386"	"D:\github\ron-english-sketches-grins\images\Sketches\grins\Sugar Clown Grin right side COLOR.jpg"	"False"	"True"	"D:\github\ron-english-sketches-grins\images\Sketches\grins2\Sugar Clown Grin right side COLOR.jpg"	"False"	"2026-05-08 06:52:45"
"Sugar Clown Grin right side ORIGINAL.jpg"	"0.282"	"D:\github\ron-english-sketches-grins\images\Sketches\grins\Sugar Clown Grin right side ORIGINAL.jpg"	"False"	"True"	"D:\github\ron-english-sketches-grins\images\Sketches\grins2\Sugar Clown Grin right side ORIGINAL.jpg"	"False"	"2026-05-07 18:56:43"
"Sugar Diabetic Bear Grin B&W.jpg"	"0.433"	"D:\github\ron-english-sketches-grins\images\Sketches\grins\Sugar Diabetic Bear Grin B&W.jpg"	"False"	"True"	"D:\github\ron-english-sketches-grins\images\Sketches\grins2\Sugar Diabetic Bear Grin B&W.jpg"	"False"	"2026-05-08 06:52:54"
"Sugar Diabetic Bear Grin COLOR.jpg"	"0.345"	"D:\github\ron-english-sketches-grins\images\Sketches\grins\Sugar Diabetic Bear Grin COLOR.jpg"	"False"	"True"	"D:\github\ron-english-sketches-grins\images\Sketches\grins2\Sugar Diabetic Bear Grin COLOR.jpg"	"False"	"2026-05-07 18:56:43"
"Sugar Diabetic Bear Grin ORIGINAL.jpg"	"0.294"	"D:\github\ron-english-sketches-grins\images\Sketches\grins\Sugar Diabetic Bear Grin ORIGINAL.jpg"	"False"	"True"	"D:\github\ron-english-sketches-grins\images\Sketches\grins2\Sugar Diabetic Bear Grin ORIGINAL.jpg"	"False"	"2026-05-07 19:03:08"
"Sugar Smack Grin B&W.jpg"	"0.279"	"D:\github\ron-english-sketches-grins\images\Sketches\grins\Sugar Smack Grin B&W.jpg"	"False"	"True"	"D:\github\ron-english-sketches-grins\images\Sketches\grins2\Sugar Smack Grin B&W.jpg"	"False"	"2026-05-08 06:36:59"
"Sugar Smack Grin COLOR.jpg"	"0.297"	"D:\github\ron-english-sketches-grins\images\Sketches\grins\Sugar Smack Grin COLOR.jpg"	"False"	"True"	"D:\github\ron-english-sketches-grins\images\Sketches\grins2\Sugar Smack Grin COLOR.jpg"	"False"	"2026-05-08 06:36:59"
"Sugar Smack Grin ORIGINAL.jpg"	"0.315"	"D:\github\ron-english-sketches-grins\images\Sketches\grins\Sugar Smack Grin ORIGINAL.jpg"	"False"	"True"	"D:\github\ron-english-sketches-grins\images\Sketches\grins2\Sugar Smack Grin ORIGINAL.jpg"	"False"	"2026-05-07 18:38:40"
"Surf Girl Grin B&W.png"	"0.326"	"D:\github\ron-english-sketches-grins\images\Sketches\grins\Surf Girl Grin B&W.png"	"False"	"True"	"D:\github\ron-english-sketches-grins\images\Sketches\grins2\Surf Girl Grin B&W.png"	"False"	"2026-03-21 07:20:51"
"Surf Girl Grin ORIGINAL COLOR 2.jpg"	"0.203"	"D:\github\ron-english-sketches-grins\images\Sketches\grins\Surf Girl Grin ORIGINAL COLOR 2.jpg"	"False"	"True"	"D:\github\ron-english-sketches-grins\images\Sketches\grins2\Surf Girl Grin ORIGINAL COLOR 2.jpg"	"False"	"2026-05-08 06:35:13"
"Surf Girl Grin ORIGINAL COLOR.jpg"	"0.094"	"D:\github\ron-english-sketches-grins\images\Sketches\grins\Surf Girl Grin ORIGINAL COLOR.jpg"	"False"	"True"	"D:\github\ron-english-sketches-grins\images\Sketches\grins2\Surf Girl Grin ORIGINAL COLOR.jpg"	"False"	"2026-05-08 06:12:28"
"Surf Girl Grin ORIGINAL.jpg"	"0.083"	"D:\github\ron-english-sketches-grins\images\Sketches\grins\Surf Girl Grin ORIGINAL.jpg"	"False"	"True"	"D:\github\ron-english-sketches-grins\images\Sketches\grins2\Surf Girl Grin ORIGINAL.jpg"	"False"	"2026-05-07 18:55:22"
"Taz Grin B&W.jpg"	"0.391"	"D:\github\ron-english-sketches-grins\images\Sketches\grins\Taz Grin B&W.jpg"	"False"	"True"	"D:\github\ron-english-sketches-grins\images\Sketches\grins2\Taz Grin B&W.jpg"	"False"	"2026-05-08 06:52:54"
"Taz Grin circle B&W.jpg"	"0.222"	"D:\github\ron-english-sketches-grins\images\Sketches\grins\Taz Grin circle B&W.jpg"	"False"	"True"	"D:\github\ron-english-sketches-grins\images\Sketches\grins2\Taz Grin circle B&W.jpg"	"False"	"2026-05-07 18:37:32"
"Taz Grin circle COLOR.jpg"	"0.316"	"D:\github\ron-english-sketches-grins\images\Sketches\grins\Taz Grin circle COLOR.jpg"	"False"	"True"	"D:\github\ron-english-sketches-grins\images\Sketches\grins2\Taz Grin circle COLOR.jpg"	"False"	"2026-05-08 06:36:15"
"Taz Grin COLOR.jpg"	"0.284"	"D:\github\ron-english-sketches-grins\images\Sketches\grins\Taz Grin COLOR.jpg"	"False"	"True"	"D:\github\ron-english-sketches-grins\images\Sketches\grins2\Taz Grin COLOR.jpg"	"False"	"2026-05-08 06:36:39"
"Taz Grin Flower Face ORIGINAL.jpg"	"0.053"	"D:\github\ron-english-sketches-grins\images\Sketches\grins\Taz Grin Flower Face ORIGINAL.jpg"	"False"	"True"	"D:\github\ron-english-sketches-grins\images\Sketches\grins2\Taz Grin Flower Face ORIGINAL.jpg"	"False"	"2026-05-08 05:41:18"
"Taz Grin Flower Face.jpg"	"0.053"	"D:\github\ron-english-sketches-grins\images\Sketches\grins\Taz Grin Flower Face.jpg"	"False"	"True"	"D:\github\ron-english-sketches-grins\images\Sketches\grins2\Taz Grin Flower Face.jpg"	"False"	"2026-03-21 07:27:04"
"Taz Grin ORIGINAL.jpg"	"0.316"	"D:\github\ron-english-sketches-grins\images\Sketches\grins\Taz Grin ORIGINAL.jpg"	"False"	"True"	"D:\github\ron-english-sketches-grins\images\Sketches\grins2\Taz Grin ORIGINAL.jpg"	"False"	"2026-05-07 18:49:49"
"Techno Kitten Grin B&W.jpg"	"0.246"	"D:\github\ron-english-sketches-grins\images\Sketches\grins\Techno Kitten Grin B&W.jpg"	"False"	"True"	"D:\github\ron-english-sketches-grins\images\Sketches\grins2\Techno Kitten Grin B&W.jpg"	"False"	"2026-05-08 06:36:52"
"Techno Kitten Grin COLOR.jpg"	"0.398"	"D:\github\ron-english-sketches-grins\images\Sketches\grins\Techno Kitten Grin COLOR.jpg"	"False"	"True"	"D:\github\ron-english-sketches-grins\images\Sketches\grins2\Techno Kitten Grin COLOR.jpg"	"False"	"2026-05-08 06:53:03"
"Techno Kitten Grin ORIGINAL.jpg"	"0.318"	"D:\github\ron-english-sketches-grins\images\Sketches\grins\Techno Kitten Grin ORIGINAL.jpg"	"False"	"True"	"D:\github\ron-english-sketches-grins\images\Sketches\grins2\Techno Kitten Grin ORIGINAL.jpg"	"False"	"2026-05-07 19:03:08"
"Teddy Bear Grin COLOR.png"	"0.313"	"D:\github\ron-english-sketches-grins\images\Sketches\grins\Teddy Bear Grin COLOR.png"	"False"	"True"	"D:\github\ron-english-sketches-grins\images\Sketches\grins2\Teddy Bear Grin COLOR.png"	"False"	"2026-03-21 07:22:34"
"Teddy Bear Grin ORIGINAL COLOR.jpg"	"0.098"	"D:\github\ron-english-sketches-grins\images\Sketches\grins\Teddy Bear Grin ORIGINAL COLOR.jpg"	"False"	"True"	"D:\github\ron-english-sketches-grins\images\Sketches\grins2\Teddy Bear Grin ORIGINAL COLOR.jpg"	"False"	"2026-05-08 06:36:39"
"Teddy Bear Grin ORIGINAL.jpg"	"0.178"	"D:\github\ron-english-sketches-grins\images\Sketches\grins\Teddy Bear Grin ORIGINAL.jpg"	"False"	"True"	"D:\github\ron-english-sketches-grins\images\Sketches\grins2\Teddy Bear Grin ORIGINAL.jpg"	"False"	"2026-05-07 18:38:40"
"Teddy Bear Grin Standing B&W.jpg"	"0.498"	"D:\github\ron-english-sketches-grins\images\Sketches\grins\Teddy Bear Grin Standing B&W.jpg"	"False"	"True"	"D:\github\ron-english-sketches-grins\images\Sketches\grins2\Teddy Bear Grin Standing B&W.jpg"	"False"	"2026-05-08 06:53:03"
"Teddy Bear Grin Standing card.png"	"0.208"	"D:\github\ron-english-sketches-grins\images\Sketches\grins\Teddy Bear Grin Standing card.png"	"False"	"True"	"D:\github\ron-english-sketches-grins\images\Sketches\grins2\Teddy Bear Grin Standing card.png"	"False"	"2026-03-21 07:28:52"
"Teddy Bear Grin Standing COLOR.jpg"	"0.414"	"D:\github\ron-english-sketches-grins\images\Sketches\grins\Teddy Bear Grin Standing COLOR.jpg"	"False"	"True"	"D:\github\ron-english-sketches-grins\images\Sketches\grins2\Teddy Bear Grin Standing COLOR.jpg"	"False"	"2026-05-08 06:52:54"
"Teddy Bear Grin Standing ORIGINAL COLOR.jpg"	"0.064"	"D:\github\ron-english-sketches-grins\images\Sketches\grins\Teddy Bear Grin Standing ORIGINAL COLOR.jpg"	"False"	"True"	"D:\github\ron-english-sketches-grins\images\Sketches\grins2\Teddy Bear Grin Standing ORIGINAL COLOR.jpg"	"False"	"2026-05-07 18:49:49"
"Telegrinnie B&W.jpg"	"0.338"	"D:\github\ron-english-sketches-grins\images\Sketches\grins\Telegrinnie B&W.jpg"	"False"	"True"	"D:\github\ron-english-sketches-grins\images\Sketches\grins2\Telegrinnie B&W.jpg"	"False"	"2026-05-08 06:36:39"
"Telegrinnie COLOR.jpg"	"0.188"	"D:\github\ron-english-sketches-grins\images\Sketches\grins\Telegrinnie COLOR.jpg"	"False"	"True"	"D:\github\ron-english-sketches-grins\images\Sketches\grins2\Telegrinnie COLOR.jpg"	"False"	"2026-05-07 19:03:08"
"Telegrinnie ORIGINAL COLOR.jpg"	"0.062"	"D:\github\ron-english-sketches-grins\images\Sketches\grins\Telegrinnie ORIGINAL COLOR.jpg"	"False"	"True"	"D:\github\ron-english-sketches-grins\images\Sketches\grins2\Telegrinnie ORIGINAL COLOR.jpg"	"False"	"2026-05-08 06:36:39"
"Telegrinnie ORIGINAL.jpg"	"0.092"	"D:\github\ron-english-sketches-grins\images\Sketches\grins\Telegrinnie ORIGINAL.jpg"	"False"	"True"	"D:\github\ron-english-sketches-grins\images\Sketches\grins2\Telegrinnie ORIGINAL.jpg"	"False"	"2026-05-07 18:58:01"
"Telegrinnie side B&W.jpg"	"0.087"	"D:\github\ron-english-sketches-grins\images\Sketches\grins\Telegrinnie side B&W.jpg"	"False"	"True"	"D:\github\ron-english-sketches-grins\images\Sketches\grins2\Telegrinnie side B&W.jpg"	"False"	"2026-05-07 18:38:39"
"Telegrinnie side COLOR.jpg"	"0.188"	"D:\github\ron-english-sketches-grins\images\Sketches\grins\Telegrinnie side COLOR.jpg"	"False"	"True"	"D:\github\ron-english-sketches-grins\images\Sketches\grins2\Telegrinnie side COLOR.jpg"	"False"	"2026-05-07 19:03:08"
"Telegrinnie side ORIGINAL.jpg"	"0.426"	"D:\github\ron-english-sketches-grins\images\Sketches\grins\Telegrinnie side ORIGINAL.jpg"	"False"	"True"	"D:\github\ron-english-sketches-grins\images\Sketches\grins2\Telegrinnie side ORIGINAL.jpg"	"False"	"2026-03-21 07:24:46"
"Teletubby Grin Flying B&W.jpg"	"0.373"	"D:\github\ron-english-sketches-grins\images\Sketches\grins\Teletubby Grin Flying B&W.jpg"	"False"	"True"	"D:\github\ron-english-sketches-grins\images\Sketches\grins2\Teletubby Grin Flying B&W.jpg"	"False"	"2026-05-08 06:52:54"
"Teletubby Grin Flying COLOR.jpg"	"0.43"	"D:\github\ron-english-sketches-grins\images\Sketches\grins\Teletubby Grin Flying COLOR.jpg"	"False"	"True"	"D:\github\ron-english-sketches-grins\images\Sketches\grins2\Teletubby Grin Flying COLOR.jpg"	"False"	"2026-05-08 06:52:54"
"Teletubby Grin Flying ORIGINAL.jpg"	"0.252"	"D:\github\ron-english-sketches-grins\images\Sketches\grins\Teletubby Grin Flying ORIGINAL.jpg"	"False"	"True"	"D:\github\ron-english-sketches-grins\images\Sketches\grins2\Teletubby Grin Flying ORIGINAL.jpg"	"False"	"2026-05-07 18:38:39"
"three-eyed monster grin ORIGINAL.jpg"	"0.205"	"D:\github\ron-english-sketches-grins\images\Sketches\grins\three-eyed monster grin ORIGINAL.jpg"	"False"	"True"	"D:\github\ron-english-sketches-grins\images\Sketches\grins2\three-eyed monster grin ORIGINAL.jpg"	"False"	"2026-05-24 18:19:09"
"Tiger Grin 2 ORIGINAL colorway 1.jpg"	"0.187"	"D:\github\ron-english-sketches-grins\images\Sketches\grins\Tiger Grin 2 ORIGINAL colorway 1.jpg"	"False"	"True"	"D:\github\ron-english-sketches-grins\images\Sketches\grins2\Tiger Grin 2 ORIGINAL colorway 1.jpg"	"False"	"2026-05-08 06:07:11"
"Tiger Grin 2 ORIGINAL colorway 2.jpg"	"0.182"	"D:\github\ron-english-sketches-grins\images\Sketches\grins\Tiger Grin 2 ORIGINAL colorway 2.jpg"	"False"	"True"	"D:\github\ron-english-sketches-grins\images\Sketches\grins2\Tiger Grin 2 ORIGINAL colorway 2.jpg"	"False"	"2026-05-08 06:07:11"
"Tiger Grin 2 ORIGINAL.jpg"	"0.307"	"D:\github\ron-english-sketches-grins\images\Sketches\grins\Tiger Grin 2 ORIGINAL.jpg"	"False"	"True"	"D:\github\ron-english-sketches-grins\images\Sketches\grins2\Tiger Grin 2 ORIGINAL.jpg"	"False"	"2026-05-07 18:38:40"
"Tiger Grin ORIGINAL COLOR.jpg"	"0.151"	"D:\github\ron-english-sketches-grins\images\Sketches\grins\Tiger Grin ORIGINAL COLOR.jpg"	"False"	"True"	"D:\github\ron-english-sketches-grins\images\Sketches\grins2\Tiger Grin ORIGINAL COLOR.jpg"	"False"	"2026-05-07 18:38:40"
"Tiger Grin ORIGINAL.jpg"	"0.105"	"D:\github\ron-english-sketches-grins\images\Sketches\grins\Tiger Grin ORIGINAL.jpg"	"False"	"True"	"D:\github\ron-english-sketches-grins\images\Sketches\grins2\Tiger Grin ORIGINAL.jpg"	"False"	"2026-05-07 18:38:40"
"Tiger Sphinx B&W.jpg"	"0.391"	"D:\github\ron-english-sketches-grins\images\Sketches\grins\Tiger Sphinx B&W.jpg"	"False"	"True"	"D:\github\ron-english-sketches-grins\images\Sketches\grins2\Tiger Sphinx B&W.jpg"	"False"	"2026-05-08 06:52:54"
"Tiger Sphinx Grin ORIGINAL COLOR.jpg"	"0.302"	"D:\github\ron-english-sketches-grins\images\Sketches\grins\Tiger Sphinx Grin ORIGINAL COLOR.jpg"	"False"	"True"	"D:\github\ron-english-sketches-grins\images\Sketches\grins2\Tiger Sphinx Grin ORIGINAL COLOR.jpg"	"False"	"2026-05-07 18:38:39"
"Tiger Sphinx Grin ORIGINAL.jpg"	"0.133"	"D:\github\ron-english-sketches-grins\images\Sketches\grins\Tiger Sphinx Grin ORIGINAL.jpg"	"False"	"True"	"D:\github\ron-english-sketches-grins\images\Sketches\grins2\Tiger Sphinx Grin ORIGINAL.jpg"	"False"	"2026-05-10 05:28:07"
"Tiger Sphinx Side B&W.jpg"	"0.197"	"D:\github\ron-english-sketches-grins\images\Sketches\grins\Tiger Sphinx Side B&W.jpg"	"False"	"True"	"D:\github\ron-english-sketches-grins\images\Sketches\grins2\Tiger Sphinx Side B&W.jpg"	"False"	"2026-05-07 18:58:01"
"Tiger Sphinx side COLOR.jpg"	"0.407"	"D:\github\ron-english-sketches-grins\images\Sketches\grins\Tiger Sphinx side COLOR.jpg"	"False"	"True"	"D:\github\ron-english-sketches-grins\images\Sketches\grins2\Tiger Sphinx side COLOR.jpg"	"False"	"2026-05-08 06:52:54"
"Tiger Sphinx Side ORIGINAL.jpg"	"0.073"	"D:\github\ron-english-sketches-grins\images\Sketches\grins\Tiger Sphinx Side ORIGINAL.jpg"	"False"	"True"	"D:\github\ron-english-sketches-grins\images\Sketches\grins2\Tiger Sphinx Side ORIGINAL.jpg"	"False"	"2026-05-07 18:55:22"
"Timid Shark Grin B&W.jpg"	"0.128"	"D:\github\ron-english-sketches-grins\images\Sketches\grins\Timid Shark Grin B&W.jpg"	"False"	"True"	"D:\github\ron-english-sketches-grins\images\Sketches\grins2\Timid Shark Grin B&W.jpg"	"False"	"2026-05-07 18:56:43"
"Timid Shark Grin COLOR.jpg"	"0.476"	"D:\github\ron-english-sketches-grins\images\Sketches\grins\Timid Shark Grin COLOR.jpg"	"False"	"True"	"D:\github\ron-english-sketches-grins\images\Sketches\grins2\Timid Shark Grin COLOR.jpg"	"False"	"2026-05-08 06:52:54"
"Timid Shark Grin ORIGINAL.jpg"	"0.158"	"D:\github\ron-english-sketches-grins\images\Sketches\grins\Timid Shark Grin ORIGINAL.jpg"	"False"	"True"	"D:\github\ron-english-sketches-grins\images\Sketches\grins2\Timid Shark Grin ORIGINAL.jpg"	"False"	"2026-05-07 19:03:08"
"Timmy Turner Grin B&W.jpg"	"0.137"	"D:\github\ron-english-sketches-grins\images\Sketches\grins\Timmy Turner Grin B&W.jpg"	"False"	"True"	"D:\github\ron-english-sketches-grins\images\Sketches\grins2\Timmy Turner Grin B&W.jpg"	"False"	"2026-05-07 18:38:39"
"Timmy Turner Grin COLOR.jpg"	"0.378"	"D:\github\ron-english-sketches-grins\images\Sketches\grins\Timmy Turner Grin COLOR.jpg"	"False"	"True"	"D:\github\ron-english-sketches-grins\images\Sketches\grins2\Timmy Turner Grin COLOR.jpg"	"False"	"2026-05-08 06:52:54"
"Timmy Turner Grin ORIGINAL.jpg"	"0.247"	"D:\github\ron-english-sketches-grins\images\Sketches\grins\Timmy Turner Grin ORIGINAL.jpg"	"False"	"True"	"D:\github\ron-english-sketches-grins\images\Sketches\grins2\Timmy Turner Grin ORIGINAL.jpg"	"False"	"2026-05-07 18:37:32"
"Tmnt Leonardo Grin B&W.jpg"	"0.408"	"D:\github\ron-english-sketches-grins\images\Sketches\grins\Tmnt Leonardo Grin B&W.jpg"	"False"	"True"	"D:\github\ron-english-sketches-grins\images\Sketches\grins2\Tmnt Leonardo Grin B&W.jpg"	"False"	"2026-05-08 06:52:45"
"Tmnt Leonardo Grin COLOR.jpg"	"0.141"	"D:\github\ron-english-sketches-grins\images\Sketches\grins\Tmnt Leonardo Grin COLOR.jpg"	"False"	"True"	"D:\github\ron-english-sketches-grins\images\Sketches\grins2\Tmnt Leonardo Grin COLOR.jpg"	"False"	"2026-05-07 18:58:01"
"Tmnt Leonardo Grin ORIGINAL.jpg"	"0.062"	"D:\github\ron-english-sketches-grins\images\Sketches\grins\Tmnt Leonardo Grin ORIGINAL.jpg"	"False"	"True"	"D:\github\ron-english-sketches-grins\images\Sketches\grins2\Tmnt Leonardo Grin ORIGINAL.jpg"	"False"	"2026-05-07 18:56:43"
"Tmnt Michelangelo Grin B&W.jpg"	"0.153"	"D:\github\ron-english-sketches-grins\images\Sketches\grins\Tmnt Michelangelo Grin B&W.jpg"	"False"	"True"	"D:\github\ron-english-sketches-grins\images\Sketches\grins2\Tmnt Michelangelo Grin B&W.jpg"	"False"	"2026-05-07 18:37:32"
"Tmnt Michelangelo Grin COLOR.jpg"	"0.298"	"D:\github\ron-english-sketches-grins\images\Sketches\grins\Tmnt Michelangelo Grin COLOR.jpg"	"False"	"True"	"D:\github\ron-english-sketches-grins\images\Sketches\grins2\Tmnt Michelangelo Grin COLOR.jpg"	"False"	"2026-05-08 06:53:02"
"Tmnt Michelangelo Grin ORIGINAL.jpg"	"0.05"	"D:\github\ron-english-sketches-grins\images\Sketches\grins\Tmnt Michelangelo Grin ORIGINAL.jpg"	"False"	"True"	"D:\github\ron-english-sketches-grins\images\Sketches\grins2\Tmnt Michelangelo Grin ORIGINAL.jpg"	"False"	"2026-05-07 18:56:43"
"Tmnt Raphael Grin B&W.jpg"	"0.3"	"D:\github\ron-english-sketches-grins\images\Sketches\grins\Tmnt Raphael Grin B&W.jpg"	"False"	"True"	"D:\github\ron-english-sketches-grins\images\Sketches\grins2\Tmnt Raphael Grin B&W.jpg"	"False"	"2026-05-08 06:53:03"
"Tmnt Raphael Grin COLOR.jpg"	"0.142"	"D:\github\ron-english-sketches-grins\images\Sketches\grins\Tmnt Raphael Grin COLOR.jpg"	"False"	"True"	"D:\github\ron-english-sketches-grins\images\Sketches\grins2\Tmnt Raphael Grin COLOR.jpg"	"False"	"2026-05-07 18:58:01"
"Tmnt Raphael Grin ORIGINAL.jpg"	"0.06"	"D:\github\ron-english-sketches-grins\images\Sketches\grins\Tmnt Raphael Grin ORIGINAL.jpg"	"False"	"True"	"D:\github\ron-english-sketches-grins\images\Sketches\grins2\Tmnt Raphael Grin ORIGINAL.jpg"	"False"	"2026-05-07 18:55:22"
"Tom N Jerry Grins ORIGINAL COLOR.jpg"	"0.362"	"D:\github\ron-english-sketches-grins\images\Sketches\grins\Tom N Jerry Grins ORIGINAL COLOR.jpg"	"False"	"True"	"D:\github\ron-english-sketches-grins\images\Sketches\grins2\Tom N Jerry Grins ORIGINAL COLOR.jpg"	"False"	"2026-05-07 18:58:01"
"Tom N Jerry Grins ORIGINAL.jpg"	"0.102"	"D:\github\ron-english-sketches-grins\images\Sketches\grins\Tom N Jerry Grins ORIGINAL.jpg"	"False"	"True"	"D:\github\ron-english-sketches-grins\images\Sketches\grins2\Tom N Jerry Grins ORIGINAL.jpg"	"False"	"2026-05-07 18:38:40"
"Tony Grin ORIGINAL COLOR.jpg"	"0.166"	"D:\github\ron-english-sketches-grins\images\Sketches\grins\Tony Grin ORIGINAL COLOR.jpg"	"False"	"True"	"D:\github\ron-english-sketches-grins\images\Sketches\grins2\Tony Grin ORIGINAL COLOR.jpg"	"False"	"2026-05-08 06:36:23"
"Tony Tiger Grin 1 B&W.jpg"	"0.361"	"D:\github\ron-english-sketches-grins\images\Sketches\grins\Tony Tiger Grin 1 B&W.jpg"	"False"	"True"	"D:\github\ron-english-sketches-grins\images\Sketches\grins2\Tony Tiger Grin 1 B&W.jpg"	"False"	"2026-05-08 06:52:54"
"Tony Tiger Grin 1 COLOR.jpg"	"0.29"	"D:\github\ron-english-sketches-grins\images\Sketches\grins\Tony Tiger Grin 1 COLOR.jpg"	"False"	"True"	"D:\github\ron-english-sketches-grins\images\Sketches\grins2\Tony Tiger Grin 1 COLOR.jpg"	"False"	"2026-05-08 06:36:45"
"Tony Tiger Grin 1 ORIGINAL COLOR.jpg"	"0.222"	"D:\github\ron-english-sketches-grins\images\Sketches\grins\Tony Tiger Grin 1 ORIGINAL COLOR.jpg"	"False"	"True"	"D:\github\ron-english-sketches-grins\images\Sketches\grins2\Tony Tiger Grin 1 ORIGINAL COLOR.jpg"	"False"	"2026-05-08 06:36:23"
"Tony Tiger Grin 1 ORIGINAL.jpg"	"0.286"	"D:\github\ron-english-sketches-grins\images\Sketches\grins\Tony Tiger Grin 1 ORIGINAL.jpg"	"False"	"True"	"D:\github\ron-english-sketches-grins\images\Sketches\grins2\Tony Tiger Grin 1 ORIGINAL.jpg"	"False"	"2026-05-07 18:38:40"
"Tony Tiger Grin 2 B&W.jpg"	"0.436"	"D:\github\ron-english-sketches-grins\images\Sketches\grins\Tony Tiger Grin 2 B&W.jpg"	"False"	"True"	"D:\github\ron-english-sketches-grins\images\Sketches\grins2\Tony Tiger Grin 2 B&W.jpg"	"False"	"2026-05-08 06:52:54"
"Tony Tiger Grin 2 COLOR.jpg"	"0.142"	"D:\github\ron-english-sketches-grins\images\Sketches\grins\Tony Tiger Grin 2 COLOR.jpg"	"False"	"True"	"D:\github\ron-english-sketches-grins\images\Sketches\grins2\Tony Tiger Grin 2 COLOR.jpg"	"False"	"2026-05-07 18:56:43"
"Tony Tiger Grin 2 ORIGINAL.jpg"	"0.29"	"D:\github\ron-english-sketches-grins\images\Sketches\grins\Tony Tiger Grin 2 ORIGINAL.jpg"	"False"	"True"	"D:\github\ron-english-sketches-grins\images\Sketches\grins2\Tony Tiger Grin 2 ORIGINAL.jpg"	"False"	"2026-05-07 18:38:40"
"Topcat Grin B&W.jpg"	"0.322"	"D:\github\ron-english-sketches-grins\images\Sketches\grins\Topcat Grin B&W.jpg"	"False"	"True"	"D:\github\ron-english-sketches-grins\images\Sketches\grins2\Topcat Grin B&W.jpg"	"False"	"2026-05-08 06:36:59"
"Topcat Grin COLOR.jpg"	"0.297"	"D:\github\ron-english-sketches-grins\images\Sketches\grins\Topcat Grin COLOR.jpg"	"False"	"True"	"D:\github\ron-english-sketches-grins\images\Sketches\grins2\Topcat Grin COLOR.jpg"	"False"	"2026-05-08 06:36:52"
"Topcat Grin ORIGINAL.jpg"	"0.256"	"D:\github\ron-english-sketches-grins\images\Sketches\grins\Topcat Grin ORIGINAL.jpg"	"False"	"True"	"D:\github\ron-english-sketches-grins\images\Sketches\grins2\Topcat Grin ORIGINAL.jpg"	"False"	"2026-05-07 18:38:40"
"Trippy Grin B&W.jpg"	"0.226"	"D:\github\ron-english-sketches-grins\images\Sketches\grins\Trippy Grin B&W.jpg"	"False"	"True"	"D:\github\ron-english-sketches-grins\images\Sketches\grins2\Trippy Grin B&W.jpg"	"False"	"2026-05-07 18:38:40"
"Trippy Grin COLOR.jpg"	"0.364"	"D:\github\ron-english-sketches-grins\images\Sketches\grins\Trippy Grin COLOR.jpg"	"False"	"True"	"D:\github\ron-english-sketches-grins\images\Sketches\grins2\Trippy Grin COLOR.jpg"	"False"	"2026-05-08 06:52:54"
"Trippy Grin COLORWAY 1.png"	"0.176"	"D:\github\ron-english-sketches-grins\images\Sketches\grins\Trippy Grin COLORWAY 1.png"	"False"	"True"	"D:\github\ron-english-sketches-grins\images\Sketches\grins2\Trippy Grin COLORWAY 1.png"	"False"	"2026-03-21 07:23:08"
"Trippy Grin COLORWAY 2.png"	"0.223"	"D:\github\ron-english-sketches-grins\images\Sketches\grins\Trippy Grin COLORWAY 2.png"	"False"	"True"	"D:\github\ron-english-sketches-grins\images\Sketches\grins2\Trippy Grin COLORWAY 2.png"	"False"	"2026-03-21 07:23:08"
"Trippy Grin COLORWAY 3.png"	"0.172"	"D:\github\ron-english-sketches-grins\images\Sketches\grins\Trippy Grin COLORWAY 3.png"	"False"	"True"	"D:\github\ron-english-sketches-grins\images\Sketches\grins2\Trippy Grin COLORWAY 3.png"	"False"	"2026-03-21 07:23:08"
"Trippy Grin ORIGINAL.jpg"	"0.226"	"D:\github\ron-english-sketches-grins\images\Sketches\grins\Trippy Grin ORIGINAL.jpg"	"False"	"True"	"D:\github\ron-english-sketches-grins\images\Sketches\grins2\Trippy Grin ORIGINAL.jpg"	"False"	"2026-05-07 18:38:40"
"Tupac Grin B&W.jpg"	"0.445"	"D:\github\ron-english-sketches-grins\images\Sketches\grins\Tupac Grin B&W.jpg"	"False"	"True"	"D:\github\ron-english-sketches-grins\images\Sketches\grins2\Tupac Grin B&W.jpg"	"False"	"2026-05-08 06:52:54"
"Tupac Grin COLOR 1.jpg"	"0.471"	"D:\github\ron-english-sketches-grins\images\Sketches\grins\Tupac Grin COLOR 1.jpg"	"False"	"True"	"D:\github\ron-english-sketches-grins\images\Sketches\grins2\Tupac Grin COLOR 1.jpg"	"False"	"2026-03-21 07:25:44"
"Tupac Grin COLOR 2.jpg"	"0.449"	"D:\github\ron-english-sketches-grins\images\Sketches\grins\Tupac Grin COLOR 2.jpg"	"False"	"True"	"D:\github\ron-english-sketches-grins\images\Sketches\grins2\Tupac Grin COLOR 2.jpg"	"False"	"2026-03-21 07:25:44"
"Tupac Grin COLOR.jpg"	"0.341"	"D:\github\ron-english-sketches-grins\images\Sketches\grins\Tupac Grin COLOR.jpg"	"False"	"True"	"D:\github\ron-english-sketches-grins\images\Sketches\grins2\Tupac Grin COLOR.jpg"	"False"	"2026-05-07 18:46:44"
"Tupac Grin ORIGINAL 1.jpg"	"0.414"	"D:\github\ron-english-sketches-grins\images\Sketches\grins\Tupac Grin ORIGINAL 1.jpg"	"False"	"True"	"D:\github\ron-english-sketches-grins\images\Sketches\grins2\Tupac Grin ORIGINAL 1.jpg"	"False"	"2026-05-07 18:58:01"
"Tweetie Grin ORIGINAL COLOR.jpg"	"0.281"	"D:\github\ron-english-sketches-grins\images\Sketches\grins\Tweetie Grin ORIGINAL COLOR.jpg"	"False"	"True"	"D:\github\ron-english-sketches-grins\images\Sketches\grins2\Tweetie Grin ORIGINAL COLOR.jpg"	"False"	"2026-05-08 06:53:02"
"Tweetie Grin ORIGINAL.jpg"	"0.286"	"D:\github\ron-english-sketches-grins\images\Sketches\grins\Tweetie Grin ORIGINAL.jpg"	"False"	"True"	"D:\github\ron-english-sketches-grins\images\Sketches\grins2\Tweetie Grin ORIGINAL.jpg"	"False"	"2026-05-07 18:46:44"
"Two-Faced Rabbbit Grin back B&W.jpg"	"0.462"	"D:\github\ron-english-sketches-grins\images\Sketches\grins\Two-Faced Rabbbit Grin back B&W.jpg"	"False"	"True"	"D:\github\ron-english-sketches-grins\images\Sketches\grins2\Two-Faced Rabbbit Grin back B&W.jpg"	"False"	"2026-05-08 06:52:54"
"Two-Faced Rabbbit Grin back COLOR.jpg"	"0.385"	"D:\github\ron-english-sketches-grins\images\Sketches\grins\Two-Faced Rabbbit Grin back COLOR.jpg"	"False"	"True"	"D:\github\ron-english-sketches-grins\images\Sketches\grins2\Two-Faced Rabbbit Grin back COLOR.jpg"	"False"	"2026-05-08 06:53:03"
"Two-Faced Rabbbit Grin back ORIGINAL.jpg"	"0.293"	"D:\github\ron-english-sketches-grins\images\Sketches\grins\Two-Faced Rabbbit Grin back ORIGINAL.jpg"	"False"	"True"	"D:\github\ron-english-sketches-grins\images\Sketches\grins2\Two-Faced Rabbbit Grin back ORIGINAL.jpg"	"False"	"2026-03-21 07:28:38"
"Two-Faced Rabbbit Grin face B&W.jpg"	"0.197"	"D:\github\ron-english-sketches-grins\images\Sketches\grins\Two-Faced Rabbbit Grin face B&W.jpg"	"False"	"True"	"D:\github\ron-english-sketches-grins\images\Sketches\grins2\Two-Faced Rabbbit Grin face B&W.jpg"	"False"	"2026-05-07 18:38:40"
"Two-Faced Rabbbit Grin face COLOR.jpg"	"0.191"	"D:\github\ron-english-sketches-grins\images\Sketches\grins\Two-Faced Rabbbit Grin face COLOR.jpg"	"False"	"True"	"D:\github\ron-english-sketches-grins\images\Sketches\grins2\Two-Faced Rabbbit Grin face COLOR.jpg"	"False"	"2026-05-09 12:16:55"
"Two-Faced Rabbbit Grin face ORIGINAL.jpg"	"0.117"	"D:\github\ron-english-sketches-grins\images\Sketches\grins\Two-Faced Rabbbit Grin face ORIGINAL.jpg"	"False"	"True"	"D:\github\ron-english-sketches-grins\images\Sketches\grins2\Two-Faced Rabbbit Grin face ORIGINAL.jpg"	"False"	"2026-05-07 18:38:39"
"Two-Faced Rabbbit Grin front B&W.jpg"	"0.131"	"D:\github\ron-english-sketches-grins\images\Sketches\grins\Two-Faced Rabbbit Grin front B&W.jpg"	"False"	"True"	"D:\github\ron-english-sketches-grins\images\Sketches\grins2\Two-Faced Rabbbit Grin front B&W.jpg"	"False"	"2026-05-07 18:37:32"
"Two-Faced Rabbbit Grin front COLOR.jpg"	"0.149"	"D:\github\ron-english-sketches-grins\images\Sketches\grins\Two-Faced Rabbbit Grin front COLOR.jpg"	"False"	"True"	"D:\github\ron-english-sketches-grins\images\Sketches\grins2\Two-Faced Rabbbit Grin front COLOR.jpg"	"False"	"2026-05-07 18:38:39"
"Two-Faced Rabbbit Grin front ORIGINAL.jpg"	"0.428"	"D:\github\ron-english-sketches-grins\images\Sketches\grins\Two-Faced Rabbbit Grin front ORIGINAL.jpg"	"False"	"True"	"D:\github\ron-english-sketches-grins\images\Sketches\grins2\Two-Faced Rabbbit Grin front ORIGINAL.jpg"	"False"	"2026-03-21 07:28:43"
"Two-Faced Rabbbit Grin front version 2 B&W.jpg"	"0.256"	"D:\github\ron-english-sketches-grins\images\Sketches\grins\Two-Faced Rabbbit Grin front version 2 B&W.jpg"	"False"	"True"	"D:\github\ron-english-sketches-grins\images\Sketches\grins2\Two-Faced Rabbbit Grin front version 2 B&W.jpg"	"False"	"2026-05-07 18:58:01"
"Two-Faced Rabbbit Grin front version 2 COLOR.jpg"	"0.138"	"D:\github\ron-english-sketches-grins\images\Sketches\grins\Two-Faced Rabbbit Grin front version 2 COLOR.jpg"	"False"	"True"	"D:\github\ron-english-sketches-grins\images\Sketches\grins2\Two-Faced Rabbbit Grin front version 2 COLOR.jpg"	"False"	"2026-05-09 12:16:53"
"Two-Faced Rabbbit Grin front version 2 ORIGINAL.jpg"	"0.084"	"D:\github\ron-english-sketches-grins\images\Sketches\grins\Two-Faced Rabbbit Grin front version 2 ORIGINAL.jpg"	"False"	"True"	"D:\github\ron-english-sketches-grins\images\Sketches\grins2\Two-Faced Rabbbit Grin front version 2 ORIGINAL.jpg"	"False"	"2026-05-07 18:38:40"
"Two-Faced Rabbbit grin holding record B&W.jpg"	"0.132"	"D:\github\ron-english-sketches-grins\images\Sketches\grins\Two-Faced Rabbbit grin holding record B&W.jpg"	"False"	"True"	"D:\github\ron-english-sketches-grins\images\Sketches\grins2\Two-Faced Rabbbit grin holding record B&W.jpg"	"False"	"2026-05-07 18:37:32"
"Two-Faced Rabbbit grin holding record COLOR.jpg"	"0.131"	"D:\github\ron-english-sketches-grins\images\Sketches\grins\Two-Faced Rabbbit grin holding record COLOR.jpg"	"False"	"True"	"D:\github\ron-english-sketches-grins\images\Sketches\grins2\Two-Faced Rabbbit grin holding record COLOR.jpg"	"False"	"2026-05-09 12:16:58"
"Two-Faced Rabbbit grin holding record ORIGINAL.jpg"	"0.223"	"D:\github\ron-english-sketches-grins\images\Sketches\grins\Two-Faced Rabbbit grin holding record ORIGINAL.jpg"	"False"	"True"	"D:\github\ron-english-sketches-grins\images\Sketches\grins2\Two-Faced Rabbbit grin holding record ORIGINAL.jpg"	"False"	"2026-05-07 18:52:24"
"Two-Faced Rabbbit Grin side B&W.jpg"	"0.329"	"D:\github\ron-english-sketches-grins\images\Sketches\grins\Two-Faced Rabbbit Grin side B&W.jpg"	"False"	"True"	"D:\github\ron-english-sketches-grins\images\Sketches\grins2\Two-Faced Rabbbit Grin side B&W.jpg"	"False"	"2026-05-08 06:36:52"
"Two-Faced Rabbbit Grin side COLOR.jpg"	"0.294"	"D:\github\ron-english-sketches-grins\images\Sketches\grins\Two-Faced Rabbbit Grin side COLOR.jpg"	"False"	"True"	"D:\github\ron-english-sketches-grins\images\Sketches\grins2\Two-Faced Rabbbit Grin side COLOR.jpg"	"False"	"2026-05-08 06:36:15"
"Two-Faced Rabbbit Grin side ORIGINAL.jpg"	"0.389"	"D:\github\ron-english-sketches-grins\images\Sketches\grins\Two-Faced Rabbbit Grin side ORIGINAL.jpg"	"False"	"True"	"D:\github\ron-english-sketches-grins\images\Sketches\grins2\Two-Faced Rabbbit Grin side ORIGINAL.jpg"	"False"	"2026-03-21 07:28:39"
"Two-Faced Rabbbit Grin three quarters B&W.jpg"	"0.133"	"D:\github\ron-english-sketches-grins\images\Sketches\grins\Two-Faced Rabbbit Grin three quarters B&W.jpg"	"False"	"True"	"D:\github\ron-english-sketches-grins\images\Sketches\grins2\Two-Faced Rabbbit Grin three quarters B&W.jpg"	"False"	"2026-05-07 18:56:43"
"Two-Faced Rabbbit Grin three quarters COLOR.jpg"	"0.385"	"D:\github\ron-english-sketches-grins\images\Sketches\grins\Two-Faced Rabbbit Grin three quarters COLOR.jpg"	"False"	"True"	"D:\github\ron-english-sketches-grins\images\Sketches\grins2\Two-Faced Rabbbit Grin three quarters COLOR.jpg"	"False"	"2026-05-07 18:53:53"
"Two-Faced Rabbbit Grin three quarters ORIGINAL.jpg"	"0.418"	"D:\github\ron-english-sketches-grins\images\Sketches\grins\Two-Faced Rabbbit Grin three quarters ORIGINAL.jpg"	"False"	"True"	"D:\github\ron-english-sketches-grins\images\Sketches\grins2\Two-Faced Rabbbit Grin three quarters ORIGINAL.jpg"	"False"	"2026-03-21 07:29:01"
"Ultraman Grin B&W.jpg"	"0.143"	"D:\github\ron-english-sketches-grins\images\Sketches\grins\Ultraman Grin B&W.jpg"	"False"	"True"	"D:\github\ron-english-sketches-grins\images\Sketches\grins2\Ultraman Grin B&W.jpg"	"False"	"2026-05-09 12:16:49"
"Ultraman Grin COLOR.jpg"	"0.163"	"D:\github\ron-english-sketches-grins\images\Sketches\grins\Ultraman Grin COLOR.jpg"	"False"	"True"	"D:\github\ron-english-sketches-grins\images\Sketches\grins2\Ultraman Grin COLOR.jpg"	"False"	"2026-05-07 18:38:40"
"Ultraman Grin ORIGINAL.jpg"	"0.158"	"D:\github\ron-english-sketches-grins\images\Sketches\grins\Ultraman Grin ORIGINAL.jpg"	"False"	"True"	"D:\github\ron-english-sketches-grins\images\Sketches\grins2\Ultraman Grin ORIGINAL.jpg"	"False"	"2026-05-07 18:38:40"
"Unicorn Grin B&W.jpg"	"0.134"	"D:\github\ron-english-sketches-grins\images\Sketches\grins\Unicorn Grin B&W.jpg"	"False"	"True"	"D:\github\ron-english-sketches-grins\images\Sketches\grins2\Unicorn Grin B&W.jpg"	"False"	"2026-05-07 18:38:40"
"Unicorn Grin COLOR 1.jpg"	"0.298"	"D:\github\ron-english-sketches-grins\images\Sketches\grins\Unicorn Grin COLOR 1.jpg"	"False"	"True"	"D:\github\ron-english-sketches-grins\images\Sketches\grins2\Unicorn Grin COLOR 1.jpg"	"False"	"2026-05-07 18:56:43"
"Unicorn Grin COLOR 2.jpg"	"0.314"	"D:\github\ron-english-sketches-grins\images\Sketches\grins\Unicorn Grin COLOR 2.jpg"	"False"	"True"	"D:\github\ron-english-sketches-grins\images\Sketches\grins2\Unicorn Grin COLOR 2.jpg"	"False"	"2026-05-07 18:56:43"
"Unicorn Grin ORIGINAL.jpg"	"0.147"	"D:\github\ron-english-sketches-grins\images\Sketches\grins\Unicorn Grin ORIGINAL.jpg"	"False"	"True"	"D:\github\ron-english-sketches-grins\images\Sketches\grins2\Unicorn Grin ORIGINAL.jpg"	"False"	"2026-05-07 18:38:39"
"Unicorn Grin skewered  1.png"	"0.179"	"D:\github\ron-english-sketches-grins\images\Sketches\grins\Unicorn Grin skewered  1.png"	"False"	"True"	"D:\github\ron-english-sketches-grins\images\Sketches\grins2\Unicorn Grin skewered  1.png"	"False"	"2026-03-21 07:27:54"
"Unicorn Grin skewered  2.png"	"0.186"	"D:\github\ron-english-sketches-grins\images\Sketches\grins\Unicorn Grin skewered  2.png"	"False"	"True"	"D:\github\ron-english-sketches-grins\images\Sketches\grins2\Unicorn Grin skewered  2.png"	"False"	"2026-03-21 07:27:55"
"Unicorn Grin skewered  3.png"	"0.175"	"D:\github\ron-english-sketches-grins\images\Sketches\grins\Unicorn Grin skewered  3.png"	"False"	"True"	"D:\github\ron-english-sketches-grins\images\Sketches\grins2\Unicorn Grin skewered  3.png"	"False"	"2026-03-21 07:27:55"
"Unicorn Grin skewered  4.png"	"0.183"	"D:\github\ron-english-sketches-grins\images\Sketches\grins\Unicorn Grin skewered  4.png"	"False"	"True"	"D:\github\ron-english-sketches-grins\images\Sketches\grins2\Unicorn Grin skewered  4.png"	"False"	"2026-03-21 07:27:55"
"Unicorn Grin skewered  5.png"	"0.185"	"D:\github\ron-english-sketches-grins\images\Sketches\grins\Unicorn Grin skewered  5.png"	"False"	"True"	"D:\github\ron-english-sketches-grins\images\Sketches\grins2\Unicorn Grin skewered  5.png"	"False"	"2026-03-21 07:27:55"
"Unicorn Grin skewered  6.png"	"0.175"	"D:\github\ron-english-sketches-grins\images\Sketches\grins\Unicorn Grin skewered  6.png"	"False"	"True"	"D:\github\ron-english-sketches-grins\images\Sketches\grins2\Unicorn Grin skewered  6.png"	"False"	"2026-03-21 07:27:55"
"Unicorn Grin skewered  7.png"	"0.191"	"D:\github\ron-english-sketches-grins\images\Sketches\grins\Unicorn Grin skewered  7.png"	"False"	"True"	"D:\github\ron-english-sketches-grins\images\Sketches\grins2\Unicorn Grin skewered  7.png"	"False"	"2026-03-21 07:27:55"
"Unicorn Grin skewered  8.png"	"0.181"	"D:\github\ron-english-sketches-grins\images\Sketches\grins\Unicorn Grin skewered  8.png"	"False"	"True"	"D:\github\ron-english-sketches-grins\images\Sketches\grins2\Unicorn Grin skewered  8.png"	"False"	"2026-03-21 07:27:55"
"Unipig Grin B&W.jpg"	"0.136"	"D:\github\ron-english-sketches-grins\images\Sketches\grins\Unipig Grin B&W.jpg"	"False"	"True"	"D:\github\ron-english-sketches-grins\images\Sketches\grins2\Unipig Grin B&W.jpg"	"False"	"2026-05-07 18:38:39"
"Unipig Grin COLOR.jpg"	"0.288"	"D:\github\ron-english-sketches-grins\images\Sketches\grins\Unipig Grin COLOR.jpg"	"False"	"True"	"D:\github\ron-english-sketches-grins\images\Sketches\grins2\Unipig Grin COLOR.jpg"	"False"	"2026-05-07 18:53:53"
"Unipig Grin ORIGINAL.jpg"	"0.274"	"D:\github\ron-english-sketches-grins\images\Sketches\grins\Unipig Grin ORIGINAL.jpg"	"False"	"True"	"D:\github\ron-english-sketches-grins\images\Sketches\grins2\Unipig Grin ORIGINAL.jpg"	"False"	"2026-05-07 18:52:24"
"Urban Bigfoot Grin front face ORIGINAL.jpg"	"0.215"	"D:\github\ron-english-sketches-grins\images\Sketches\grins\Urban Bigfoot Grin front face ORIGINAL.jpg"	"False"	"True"	"D:\github\ron-english-sketches-grins\images\Sketches\grins2\Urban Bigfoot Grin front face ORIGINAL.jpg"	"False"	"2026-05-07 18:53:53"
"Urban Bigfoot Grin front ORIGINAL.jpg"	"0.133"	"D:\github\ron-english-sketches-grins\images\Sketches\grins\Urban Bigfoot Grin front ORIGINAL.jpg"	"False"	"True"	"D:\github\ron-english-sketches-grins\images\Sketches\grins2\Urban Bigfoot Grin front ORIGINAL.jpg"	"False"	"2026-03-21 07:28:07"
"Urban Bigfoot Grin side head ORIGINAL.jpg"	"0.087"	"D:\github\ron-english-sketches-grins\images\Sketches\grins\Urban Bigfoot Grin side head ORIGINAL.jpg"	"False"	"True"	"D:\github\ron-english-sketches-grins\images\Sketches\grins2\Urban Bigfoot Grin side head ORIGINAL.jpg"	"False"	"2026-05-07 18:38:40"
"Urban Bigfoot Grin side ORIGINAL.jpg"	"0.138"	"D:\github\ron-english-sketches-grins\images\Sketches\grins\Urban Bigfoot Grin side ORIGINAL.jpg"	"False"	"True"	"D:\github\ron-english-sketches-grins\images\Sketches\grins2\Urban Bigfoot Grin side ORIGINAL.jpg"	"False"	"2026-03-21 07:27:55"
"Vampire Grin Front B&W.jpg"	"0.149"	"D:\github\ron-english-sketches-grins\images\Sketches\grins\Vampire Grin Front B&W.jpg"	"False"	"True"	"D:\github\ron-english-sketches-grins\images\Sketches\grins2\Vampire Grin Front B&W.jpg"	"False"	"2026-05-07 18:38:40"
"Vampire Grin Front COLOR.jpg"	"0.331"	"D:\github\ron-english-sketches-grins\images\Sketches\grins\Vampire Grin Front COLOR.jpg"	"False"	"True"	"D:\github\ron-english-sketches-grins\images\Sketches\grins2\Vampire Grin Front COLOR.jpg"	"False"	"2026-05-07 18:52:24"
"Veve ORIGINAL 1.jpg"	"0.251"	"D:\github\ron-english-sketches-grins\images\Sketches\grins\Veve ORIGINAL 1.jpg"	"False"	"True"	"D:\github\ron-english-sketches-grins\images\Sketches\grins2\Veve ORIGINAL 1.jpg"	"False"	"2026-05-24 18:19:10"
"VeVe ORIGINAL 2.jpg"	"0.362"	"D:\github\ron-english-sketches-grins\images\Sketches\grins\VeVe ORIGINAL 2.jpg"	"False"	"True"	"D:\github\ron-english-sketches-grins\images\Sketches\grins2\VeVe ORIGINAL 2.jpg"	"False"	"2026-05-24 18:19:11"
"Wing Grin body COLOR.png"	"0.169"	"D:\github\ron-english-sketches-grins\images\Sketches\grins\Wing Grin body COLOR.png"	"False"	"True"	"D:\github\ron-english-sketches-grins\images\Sketches\grins2\Wing Grin body COLOR.png"	"False"	"2026-03-21 07:27:04"
"Wing Grin body ORIGINAL.jpg"	"0.179"	"D:\github\ron-english-sketches-grins\images\Sketches\grins\Wing Grin body ORIGINAL.jpg"	"False"	"True"	"D:\github\ron-english-sketches-grins\images\Sketches\grins2\Wing Grin body ORIGINAL.jpg"	"False"	"2026-03-21 07:23:48"
"Wing Grin ORIGINAL COLOR.jpg"	"0.147"	"D:\github\ron-english-sketches-grins\images\Sketches\grins\Wing Grin ORIGINAL COLOR.jpg"	"False"	"True"	"D:\github\ron-english-sketches-grins\images\Sketches\grins2\Wing Grin ORIGINAL COLOR.jpg"	"False"	"2026-05-07 18:36:35"
"Wolf Grin B&W.jpg"	"0.14"	"D:\github\ron-english-sketches-grins\images\Sketches\grins\Wolf Grin B&W.jpg"	"False"	"True"	"D:\github\ron-english-sketches-grins\images\Sketches\grins2\Wolf Grin B&W.jpg"	"False"	"2026-05-07 18:56:43"
"Wolf Grin COLOR.jpg"	"0.142"	"D:\github\ron-english-sketches-grins\images\Sketches\grins\Wolf Grin COLOR.jpg"	"False"	"True"	"D:\github\ron-english-sketches-grins\images\Sketches\grins2\Wolf Grin COLOR.jpg"	"False"	"2026-05-07 18:38:40"
"Wolf Grin ORIGINAL COLOR 2.jpg"	"0.192"	"D:\github\ron-english-sketches-grins\images\Sketches\grins\Wolf Grin ORIGINAL COLOR 2.jpg"	"False"	"True"	"D:\github\ron-english-sketches-grins\images\Sketches\grins2\Wolf Grin ORIGINAL COLOR 2.jpg"	"False"	"2026-05-07 19:03:08"
"Wolf Grin ORIGINAL COLOR.jpg"	"0.064"	"D:\github\ron-english-sketches-grins\images\Sketches\grins\Wolf Grin ORIGINAL COLOR.jpg"	"False"	"True"	"D:\github\ron-english-sketches-grins\images\Sketches\grins2\Wolf Grin ORIGINAL COLOR.jpg"	"False"	"2026-05-07 18:49:49"
"Wolf Grin ORIGINAL.jpg"	"0.293"	"D:\github\ron-english-sketches-grins\images\Sketches\grins\Wolf Grin ORIGINAL.jpg"	"False"	"True"	"D:\github\ron-english-sketches-grins\images\Sketches\grins2\Wolf Grin ORIGINAL.jpg"	"False"	"2026-05-07 18:38:39"
"Woodstock Grin B&W.jpg"	"0.181"	"D:\github\ron-english-sketches-grins\images\Sketches\grins\Woodstock Grin B&W.jpg"	"False"	"True"	"D:\github\ron-english-sketches-grins\images\Sketches\grins2\Woodstock Grin B&W.jpg"	"False"	"2026-05-07 18:56:43"
"Woodstock Grin COLOR.jpg"	"0.099"	"D:\github\ron-english-sketches-grins\images\Sketches\grins\Woodstock Grin COLOR.jpg"	"False"	"True"	"D:\github\ron-english-sketches-grins\images\Sketches\grins2\Woodstock Grin COLOR.jpg"	"False"	"2026-05-07 18:38:40"
"Woodstock Grin ORIGINAL COLOR (2).jpg"	"0.287"	"D:\github\ron-english-sketches-grins\images\Sketches\grins\Woodstock Grin ORIGINAL COLOR (2).jpg"	"False"	"True"	"D:\github\ron-english-sketches-grins\images\Sketches\grins2\Woodstock Grin ORIGINAL COLOR (2).jpg"	"False"	"2026-05-07 16:18:45"
"Woodstock Grin ORIGINAL COLOR.jpg"	"0.091"	"D:\github\ron-english-sketches-grins\images\Sketches\grins\Woodstock Grin ORIGINAL COLOR.jpg"	"False"	"True"	"D:\github\ron-english-sketches-grins\images\Sketches\grins2\Woodstock Grin ORIGINAL COLOR.jpg"	"False"	"2026-05-07 18:38:40"
"Woodstock Grin ORIGINAL.jpg"	"0.151"	"D:\github\ron-english-sketches-grins\images\Sketches\grins\Woodstock Grin ORIGINAL.jpg"	"False"	"True"	"D:\github\ron-english-sketches-grins\images\Sketches\grins2\Woodstock Grin ORIGINAL.jpg"	"False"	"2026-05-07 18:38:40"
"Woodstock Grin three quarters B&W.jpg"	"0.088"	"D:\github\ron-english-sketches-grins\images\Sketches\grins\Woodstock Grin three quarters B&W.jpg"	"False"	"True"	"D:\github\ron-english-sketches-grins\images\Sketches\grins2\Woodstock Grin three quarters B&W.jpg"	"False"	"2026-05-07 18:38:40"
"Woodstock Grin three quarters COLOR.jpg"	"0.229"	"D:\github\ron-english-sketches-grins\images\Sketches\grins\Woodstock Grin three quarters COLOR.jpg"	"False"	"True"	"D:\github\ron-english-sketches-grins\images\Sketches\grins2\Woodstock Grin three quarters COLOR.jpg"	"False"	"2026-05-07 19:03:08"
"Woodstock Grin three quarters ORIGINAL.jpg"	"0.145"	"D:\github\ron-english-sketches-grins\images\Sketches\grins\Woodstock Grin three quarters ORIGINAL.jpg"	"False"	"True"	"D:\github\ron-english-sketches-grins\images\Sketches\grins2\Woodstock Grin three quarters ORIGINAL.jpg"	"False"	"2026-05-07 18:56:43"
"Yellow Submarine Grin B&W.jpg"	"0.166"	"D:\github\ron-english-sketches-grins\images\Sketches\grins\Yellow Submarine Grin B&W.jpg"	"False"	"True"	"D:\github\ron-english-sketches-grins\images\Sketches\grins2\Yellow Submarine Grin B&W.jpg"	"False"	"2026-05-07 18:56:43"
"Yellow Submarine Grin COLOR.jpg"	"0.093"	"D:\github\ron-english-sketches-grins\images\Sketches\grins\Yellow Submarine Grin COLOR.jpg"	"False"	"True"	"D:\github\ron-english-sketches-grins\images\Sketches\grins2\Yellow Submarine Grin COLOR.jpg"	"False"	"2026-05-07 18:38:40"
"Yellow Submarine Grin ORIGINAL.jpg"	"0.084"	"D:\github\ron-english-sketches-grins\images\Sketches\grins\Yellow Submarine Grin ORIGINAL.jpg"	"False"	"True"	"D:\github\ron-english-sketches-grins\images\Sketches\grins2\Yellow Submarine Grin ORIGINAL.jpg"	"False"	"2026-05-07 18:53:53"
"Yin Yang Face Grin COLOR.jpg"	"0.383"	"D:\github\ron-english-sketches-grins\images\Sketches\grins\Yin Yang Face Grin COLOR.jpg"	"False"	"True"	"D:\github\ron-english-sketches-grins\images\Sketches\grins2\Yin Yang Face Grin COLOR.jpg"	"False"	"2026-05-07 09:55:21"
"Yin Yang Grin 1 B&W.jpg"	"0.169"	"D:\github\ron-english-sketches-grins\images\Sketches\grins\Yin Yang Grin 1 B&W.jpg"	"False"	"True"	"D:\github\ron-english-sketches-grins\images\Sketches\grins2\Yin Yang Grin 1 B&W.jpg"	"False"	"2026-05-07 18:58:01"
"Yin Yang Grin 1 card.png"	"0.162"	"D:\github\ron-english-sketches-grins\images\Sketches\grins\Yin Yang Grin 1 card.png"	"False"	"True"	"D:\github\ron-english-sketches-grins\images\Sketches\grins2\Yin Yang Grin 1 card.png"	"False"	"2026-03-21 07:27:24"
"Yin Yang Grin 1 COLOR.jpg"	"0.109"	"D:\github\ron-english-sketches-grins\images\Sketches\grins\Yin Yang Grin 1 COLOR.jpg"	"False"	"True"	"D:\github\ron-english-sketches-grins\images\Sketches\grins2\Yin Yang Grin 1 COLOR.jpg"	"False"	"2026-05-07 18:38:40"
"Yin Yang Grin 1 ORIGINAL COLOR.jpg"	"0.061"	"D:\github\ron-english-sketches-grins\images\Sketches\grins\Yin Yang Grin 1 ORIGINAL COLOR.jpg"	"False"	"True"	"D:\github\ron-english-sketches-grins\images\Sketches\grins2\Yin Yang Grin 1 ORIGINAL COLOR.jpg"	"False"	"2026-05-08 06:07:11"
"Yin Yang Grin 2 B&W.jpg"	"0.507"	"D:\github\ron-english-sketches-grins\images\Sketches\grins\Yin Yang Grin 2 B&W.jpg"	"False"	"True"	"D:\github\ron-english-sketches-grins\images\Sketches\grins2\Yin Yang Grin 2 B&W.jpg"	"False"	"2026-05-07 18:58:01"
"Yin Yang Grin 2 COLOR.jpg"	"0.151"	"D:\github\ron-english-sketches-grins\images\Sketches\grins\Yin Yang Grin 2 COLOR.jpg"	"False"	"True"	"D:\github\ron-english-sketches-grins\images\Sketches\grins2\Yin Yang Grin 2 COLOR.jpg"	"False"	"2026-05-09 12:16:56"
"Yin Yang Grin 2 ORIGINAL 2.jpg"	"0.319"	"D:\github\ron-english-sketches-grins\images\Sketches\grins\Yin Yang Grin 2 ORIGINAL 2.jpg"	"False"	"True"	"D:\github\ron-english-sketches-grins\images\Sketches\grins2\Yin Yang Grin 2 ORIGINAL 2.jpg"	"False"	"2026-05-07 18:37:32"
"Yin Yang Grin 2 ORIGINAL COLOR.jpg"	"0.147"	"D:\github\ron-english-sketches-grins\images\Sketches\grins\Yin Yang Grin 2 ORIGINAL COLOR.jpg"	"False"	"True"	"D:\github\ron-english-sketches-grins\images\Sketches\grins2\Yin Yang Grin 2 ORIGINAL COLOR.jpg"	"False"	"2026-05-08 06:36:24"
"Yogi Bear Grin B&W.jpg"	"0.158"	"D:\github\ron-english-sketches-grins\images\Sketches\grins\Yogi Bear Grin B&W.jpg"	"False"	"True"	"D:\github\ron-english-sketches-grins\images\Sketches\grins2\Yogi Bear Grin B&W.jpg"	"False"	"2026-05-07 18:37:32"
"Yogi Bear Grin COLOR.jpg"	"0.152"	"D:\github\ron-english-sketches-grins\images\Sketches\grins\Yogi Bear Grin COLOR.jpg"	"False"	"True"	"D:\github\ron-english-sketches-grins\images\Sketches\grins2\Yogi Bear Grin COLOR.jpg"	"False"	"2026-05-07 18:56:43"
"Yogi Bear Grin ORIGINAL.jpg"	"0.09"	"D:\github\ron-english-sketches-grins\images\Sketches\grins\Yogi Bear Grin ORIGINAL.jpg"	"False"	"True"	"D:\github\ron-english-sketches-grins\images\Sketches\grins2\Yogi Bear Grin ORIGINAL.jpg"	"False"	"2026-05-07 18:58:01"
"Yucky Charmer Grin B&W.jpg"	"0.166"	"D:\github\ron-english-sketches-grins\images\Sketches\grins\Yucky Charmer Grin B&W.jpg"	"False"	"True"	"D:\github\ron-english-sketches-grins\images\Sketches\grins2\Yucky Charmer Grin B&W.jpg"	"False"	"2026-05-07 18:38:40"
"Yucky Charmer Grin COLOR.jpg"	"0.192"	"D:\github\ron-english-sketches-grins\images\Sketches\grins\Yucky Charmer Grin COLOR.jpg"	"False"	"True"	"D:\github\ron-english-sketches-grins\images\Sketches\grins2\Yucky Charmer Grin COLOR.jpg"	"False"	"2026-05-07 19:03:08"
"Yucky Charmer Grin ORIGINAL.jpg"	"0.086"	"D:\github\ron-english-sketches-grins\images\Sketches\grins\Yucky Charmer Grin ORIGINAL.jpg"	"False"	"True"	"D:\github\ron-english-sketches-grins\images\Sketches\grins2\Yucky Charmer Grin ORIGINAL.jpg"	"False"	"2026-05-10 05:40:41"
"Zephyr Zelephant Grin COLOR.png"	"0.214"	"D:\github\ron-english-sketches-grins\images\Sketches\grins\Zephyr Zelephant Grin COLOR.png"	"False"	"True"	"D:\github\ron-english-sketches-grins\images\Sketches\grins2\Zephyr Zelephant Grin COLOR.png"	"False"	"2026-05-08 07:02:31"
"Zephyr Zelephant Grin ORIGINAL.jpg"	"0.162"	"D:\github\ron-english-sketches-grins\images\Sketches\grins\Zephyr Zelephant Grin ORIGINAL.jpg"	"False"	"True"	"D:\github\ron-english-sketches-grins\images\Sketches\grins2\Zephyr Zelephant Grin ORIGINAL.jpg"	"False"	"2026-05-07 18:49:49"
"zipper grin front closed mouth ORIGINAL.jpg"	"0.17"	"D:\github\ron-english-sketches-grins\images\Sketches\grins\zipper grin front closed mouth ORIGINAL.jpg"	"False"	"True"	"D:\github\ron-english-sketches-grins\images\Sketches\grins2\zipper grin front closed mouth ORIGINAL.jpg"	"False"	"2026-05-24 18:19:11"
"zipper grin front closed mouth.jpg"	"1.011"	"D:\github\ron-english-sketches-grins\images\Sketches\grins\zipper grin front closed mouth.jpg"	"False"	"True"	"D:\github\ron-english-sketches-grins\images\Sketches\grins2\zipper grin front closed mouth.jpg"	"False"	"2026-05-24 12:19:07"
"zipper grin front open mouth ORIGINAL.jpg"	"0.201"	"D:\github\ron-english-sketches-grins\images\Sketches\grins\zipper grin front open mouth ORIGINAL.jpg"	"False"	"True"	"D:\github\ron-english-sketches-grins\images\Sketches\grins2\zipper grin front open mouth ORIGINAL.jpg"	"False"	"2026-05-24 18:19:11"
"zipper grin front open mouth.jpg"	"1.005"	"D:\github\ron-english-sketches-grins\images\Sketches\grins\zipper grin front open mouth.jpg"	"False"	"True"	"D:\github\ron-english-sketches-grins\images\Sketches\grins2\zipper grin front open mouth.jpg"	"False"	"2026-05-24 12:19:23"
"zipper grin side closed mouth ORIGINAL.jpg"	"0.086"	"D:\github\ron-english-sketches-grins\images\Sketches\grins\zipper grin side closed mouth ORIGINAL.jpg"	"False"	"True"	"D:\github\ron-english-sketches-grins\images\Sketches\grins2\zipper grin side closed mouth ORIGINAL.jpg"	"False"	"2026-05-24 18:19:12"
"zipper grin side open mouth ORIGINAL.jpg"	"0.101"	"D:\github\ron-english-sketches-grins\images\Sketches\grins\zipper grin side open mouth ORIGINAL.jpg"	"False"	"True"	"D:\github\ron-english-sketches-grins\images\Sketches\grins2\zipper grin side open mouth ORIGINAL.jpg"	"False"	"2026-05-24 18:19:12"
