"FileName"	"Path"	"HtmlUrl"	"Size"	"Sha"
"Alien Baby Grin colorway 1.jpg"	"images/Sketches/grins/Alien Baby Grin colorway 1.jpg"	"https://github.com/ronenglish-archive/ron-english-sketches-grins/blob/main/images/Sketches/grins/Alien%20Baby%20Grin%20colorway%201.jpg"	"393629"	"2ade0e24caed25d7eafe692ceb9bf9db8aef89c9"
"Alien Baby Grin colorway 2.jpg"	"images/Sketches/grins/Alien Baby Grin colorway 2.jpg"	"https://github.com/ronenglish-archive/ron-english-sketches-grins/blob/main/images/Sketches/grins/Alien%20Baby%20Grin%20colorway%202.jpg"	"409236"	"c2b1434e29341fb94187e242f9b6d461862190a0"
"Alien Baby Grin colorway 3.jpg"	"images/Sketches/grins/Alien Baby Grin colorway 3.jpg"	"https://github.com/ronenglish-archive/ron-english-sketches-grins/blob/main/images/Sketches/grins/Alien%20Baby%20Grin%20colorway%203.jpg"	"375120"	"ab0a595e05a09271bbd298942537413cc2c856ce"
"Alien Grin COLOR.png"	"images/Sketches/grins/Alien Grin COLOR.png"	"https://github.com/ronenglish-archive/ron-english-sketches-grins/blob/main/images/Sketches/grins/Alien%20Grin%20COLOR.png"	"411253"	"537b02ce2578e6449b8e9e1cbb19f134ec631c44"
"Alien Grin side view (2).png"	"images/Sketches/grins/Alien Grin side view (2).png"	"https://github.com/ronenglish-archive/ron-english-sketches-grins/blob/main/images/Sketches/grins/Alien%20Grin%20side%20view%20(2).png"	"195202"	"f5129c44c6eb276cd7c9d277d24171bfcddf4d36"
"Alien Grin side view (3).png"	"images/Sketches/grins/Alien Grin side view (3).png"	"https://github.com/ronenglish-archive/ron-english-sketches-grins/blob/main/images/Sketches/grins/Alien%20Grin%20side%20view%20(3).png"	"203661"	"37cefd91568046f1fc36a31cb1c3ed95fdcc519d"
"Alien Grin side view (4).png"	"images/Sketches/grins/Alien Grin side view (4).png"	"https://github.com/ronenglish-archive/ron-english-sketches-grins/blob/main/images/Sketches/grins/Alien%20Grin%20side%20view%20(4).png"	"204619"	"c32fed0c824f803692d219c48ae806934809d930"
"Alien Grin side view (5).png"	"images/Sketches/grins/Alien Grin side view (5).png"	"https://github.com/ronenglish-archive/ron-english-sketches-grins/blob/main/images/Sketches/grins/Alien%20Grin%20side%20view%20(5).png"	"202126"	"af5879e0dbf4f4f57d2aa23b9cfd11271de5718a"
"Alien Grin side view (6) copy.png"	"images/Sketches/grins/Alien Grin side view (6) copy.png"	"https://github.com/ronenglish-archive/ron-english-sketches-grins/blob/main/images/Sketches/grins/Alien%20Grin%20side%20view%20(6)%20copy.png"	"211484"	"3dddd3c382206d6dec9cba8c3dbc087e97bee5fb"
"Alien Grin side view (7).png"	"images/Sketches/grins/Alien Grin side view (7).png"	"https://github.com/ronenglish-archive/ron-english-sketches-grins/blob/main/images/Sketches/grins/Alien%20Grin%20side%20view%20(7).png"	"199425"	"06a9583414d461d76e730194c060b46002d8a914"
"Alien Grin side view.png"	"images/Sketches/grins/Alien Grin side view.png"	"https://github.com/ronenglish-archive/ron-english-sketches-grins/blob/main/images/Sketches/grins/Alien%20Grin%20side%20view.png"	"217212"	"0bccaec87fa4a257603ef6fc312c7cc765435fa3"
"Angel Grin B&W.jpg"	"images/Sketches/grins/Angel Grin B&W.jpg"	"https://github.com/ronenglish-archive/ron-english-sketches-grins/blob/main/images/Sketches/grins/Angel%20Grin%20B&W.jpg"	"369841"	"83e4986ea244f17fbd454a4acb65544f892f81d8"
"Angel Grin card.jpg"	"images/Sketches/grins/Angel Grin card.jpg"	"https://github.com/ronenglish-archive/ron-english-sketches-grins/blob/main/images/Sketches/grins/Angel%20Grin%20card.jpg"	"219696"	"206e486abce5ab2dc22ed30ec5ece4526e306edb"
"Angel Grin card.png"	"images/Sketches/grins/Angel Grin card.png"	"https://github.com/ronenglish-archive/ron-english-sketches-grins/blob/main/images/Sketches/grins/Angel%20Grin%20card.png"	"191977"	"d6bf12bc690f5e16974df10519ea688019239e1b"
"Angel Wings Grin 1.png"	"images/Sketches/grins/Angel Wings Grin 1.png"	"https://github.com/ronenglish-archive/ron-english-sketches-grins/blob/main/images/Sketches/grins/Angel%20Wings%20Grin%201.png"	"133568"	"f9793bdd72c502636423839ae4e12c28a676df38"
"Angel Wings Grin 2.png"	"images/Sketches/grins/Angel Wings Grin 2.png"	"https://github.com/ronenglish-archive/ron-english-sketches-grins/blob/main/images/Sketches/grins/Angel%20Wings%20Grin%202.png"	"133687"	"1f4ea67311a8cb43b2a73fc5150de0538e5b63d5"
"Angel Wings Grin 3.png"	"images/Sketches/grins/Angel Wings Grin 3.png"	"https://github.com/ronenglish-archive/ron-english-sketches-grins/blob/main/images/Sketches/grins/Angel%20Wings%20Grin%203.png"	"214853"	"ad71c9d42310ce2eff70431a854e8cc26ee8438b"
"Artist Grin B&W.jpg"	"images/Sketches/grins/Artist Grin B&W.jpg"	"https://github.com/ronenglish-archive/ron-english-sketches-grins/blob/main/images/Sketches/grins/Artist%20Grin%20B&W.jpg"	"435470"	"a0842cb03557728285b9ad19c133c38bd2d0f5f3"
"Artist Grin card.jpg"	"images/Sketches/grins/Artist Grin card.jpg"	"https://github.com/ronenglish-archive/ron-english-sketches-grins/blob/main/images/Sketches/grins/Artist%20Grin%20card.jpg"	"211867"	"a513bae7f6d7772d6e62c0a04a220a943daf9aa6"
"Artist Grin card.png"	"images/Sketches/grins/Artist Grin card.png"	"https://github.com/ronenglish-archive/ron-english-sketches-grins/blob/main/images/Sketches/grins/Artist%20Grin%20card.png"	"231390"	"bc5f259ca8ef13d8a06c654305729d4ae5f23db4"
"Artist Grin COLOR.jpg"	"images/Sketches/grins/Artist Grin COLOR.jpg"	"https://github.com/ronenglish-archive/ron-english-sketches-grins/blob/main/images/Sketches/grins/Artist%20Grin%20COLOR.jpg"	"242658"	"cb3a8c0786a59c4b01aeddf5bb80800f802494c5"
"Astro Boy Grin card.jpg"	"images/Sketches/grins/Astro Boy Grin card.jpg"	"https://github.com/ronenglish-archive/ron-english-sketches-grins/blob/main/images/Sketches/grins/Astro%20Boy%20Grin%20card.jpg"	"418204"	"9350b19239b83222f2654bd25d7fb67d5e5bfa0b"
"Astro Boy Grin COLOR.jpg"	"images/Sketches/grins/Astro Boy Grin COLOR.jpg"	"https://github.com/ronenglish-archive/ron-english-sketches-grins/blob/main/images/Sketches/grins/Astro%20Boy%20Grin%20COLOR.jpg"	"216932"	"3573de0d402c16a5ba6dd019ea47bb791eb37669"
"Astrogrin B&W.jpg"	"images/Sketches/grins/Astrogrin B&W.jpg"	"https://github.com/ronenglish-archive/ron-english-sketches-grins/blob/main/images/Sketches/grins/Astrogrin%20B&W.jpg"	"282258"	"8f618ec650d2c178be094023fa8432d2b70482e8"
"Astrogrin COLOR.jpg"	"images/Sketches/grins/Astrogrin COLOR.jpg"	"https://github.com/ronenglish-archive/ron-english-sketches-grins/blob/main/images/Sketches/grins/Astrogrin%20COLOR.jpg"	"336821"	"cc6aa314c7996d7a49d1072ade2bc9b62598213c"
"Astrogrin ORIGINAL.jpg"	"images/Sketches/grins/Astrogrin ORIGINAL.jpg"	"https://github.com/ronenglish-archive/ron-english-sketches-grins/blob/main/images/Sketches/grins/Astrogrin%20ORIGINAL.jpg"	"247893"	"3b8b0952f71f0a2253c088d2ff97e14a8a66adfc"
"Babalouie Grin B&W.jpg"	"images/Sketches/grins/Babalouie Grin B&W.jpg"	"https://github.com/ronenglish-archive/ron-english-sketches-grins/blob/main/images/Sketches/grins/Babalouie%20Grin%20B&W.jpg"	"209804"	"5de3a1adb0c302fd3e66589e1ca78c5934cc92ec"
"Babalouie Grin COLOR.jpg"	"images/Sketches/grins/Babalouie Grin COLOR.jpg"	"https://github.com/ronenglish-archive/ron-english-sketches-grins/blob/main/images/Sketches/grins/Babalouie%20Grin%20COLOR.jpg"	"240405"	"de0ef9c1a786f684ab67a3ff3800322fa6906062"
"Babalouie Grin ORIGINAL.jpg"	"images/Sketches/grins/Babalouie Grin ORIGINAL.jpg"	"https://github.com/ronenglish-archive/ron-english-sketches-grins/blob/main/images/Sketches/grins/Babalouie%20Grin%20ORIGINAL.jpg"	"210427"	"565a59d2cfa53f026aadad94677f45c53b5a1fd3"
"Baby Grin 2 B&W.jpg"	"images/Sketches/grins/Baby Grin 2 B&W.jpg"	"https://github.com/ronenglish-archive/ron-english-sketches-grins/blob/main/images/Sketches/grins/Baby%20Grin%202%20B&W.jpg"	"185516"	"3e6d44827806f36cc60f731eb543d1b79725c13d"
"Baby Grin 2 card.png"	"images/Sketches/grins/Baby Grin 2 card.png"	"https://github.com/ronenglish-archive/ron-english-sketches-grins/blob/main/images/Sketches/grins/Baby%20Grin%202%20card.png"	"151870"	"f992a2381f9d6fe9e0c04276dadecb80d832a1ad"
"Baby Grin 2 COLOR.jpg"	"images/Sketches/grins/Baby Grin 2 COLOR.jpg"	"https://github.com/ronenglish-archive/ron-english-sketches-grins/blob/main/images/Sketches/grins/Baby%20Grin%202%20COLOR.jpg"	"212569"	"163da6fa77cadcc7b68fd44de20cde9cbec77b63"
"Baby Grin 2 ORIGINAL.jpg"	"images/Sketches/grins/Baby Grin 2 ORIGINAL.jpg"	"https://github.com/ronenglish-archive/ron-english-sketches-grins/blob/main/images/Sketches/grins/Baby%20Grin%202%20ORIGINAL.jpg"	"276163"	"5a9daba1189e53de88363a5e2d35becfed7541d1"
"Baby Grin COLOR.jpg"	"images/Sketches/grins/Baby Grin COLOR.jpg"	"https://github.com/ronenglish-archive/ron-english-sketches-grins/blob/main/images/Sketches/grins/Baby%20Grin%20COLOR.jpg"	"307295"	"d243f838ba61baff7af9b206f7055d69fc491e35"
"Baby Grin ORIGINAL 2.jpg"	"images/Sketches/grins/Baby Grin ORIGINAL 2.jpg"	"https://github.com/ronenglish-archive/ron-english-sketches-grins/blob/main/images/Sketches/grins/Baby%20Grin%20ORIGINAL%202.jpg"	"256727"	"9f1927e20b8b042bca219c15fbf64d3920be27fe"
"Baby Grin ORIGINAL COLOR.jpg"	"images/Sketches/grins/Baby Grin ORIGINAL COLOR.jpg"	"https://github.com/ronenglish-archive/ron-english-sketches-grins/blob/main/images/Sketches/grins/Baby%20Grin%20ORIGINAL%20COLOR.jpg"	"252740"	"24c4e1dcf3a6a4668b9b84ceb8668ddc5d7b0698"
"Baby Grin ORIGINAL.jpg"	"images/Sketches/grins/Baby Grin ORIGINAL.jpg"	"https://github.com/ronenglish-archive/ron-english-sketches-grins/blob/main/images/Sketches/grins/Baby%20Grin%20ORIGINAL.jpg"	"284830"	"c82ed83253d04189b3f5d0c744e00280811f5f5a"
"Badly Drawn Batman Grin ORIGINAL COLOR.jpg"	"images/Sketches/grins/Badly Drawn Batman Grin ORIGINAL COLOR.jpg"	"https://github.com/ronenglish-archive/ron-english-sketches-grins/blob/main/images/Sketches/grins/Badly%20Drawn%20Batman%20Grin%20ORIGINAL%20COLOR.jpg"	"278184"	"6a66ca925f659fbb69de1eac4777286be609206e"
"Barney Grin B&W.jpg"	"images/Sketches/grins/Barney Grin B&W.jpg"	"https://github.com/ronenglish-archive/ron-english-sketches-grins/blob/main/images/Sketches/grins/Barney%20Grin%20B&W.jpg"	"206787"	"b853f9ee5ee12e7c1ee1b19a9eab31e245335064"
"Barney Grin back B&W.jpg"	"images/Sketches/grins/Barney Grin back B&W.jpg"	"https://github.com/ronenglish-archive/ron-english-sketches-grins/blob/main/images/Sketches/grins/Barney%20Grin%20back%20B&W.jpg"	"184563"	"675f8578bc71fd41fcc392d2a6bdb3c536fa7e64"
"Barney Grin back COLOR.jpg"	"images/Sketches/grins/Barney Grin back COLOR.jpg"	"https://github.com/ronenglish-archive/ron-english-sketches-grins/blob/main/images/Sketches/grins/Barney%20Grin%20back%20COLOR.jpg"	"205569"	"29d4e2f55d5db7ec0d891d739a47fe2c8b5f8254"
"Barney Grin back ORIGINAL.jpg"	"images/Sketches/grins/Barney Grin back ORIGINAL.jpg"	"https://github.com/ronenglish-archive/ron-english-sketches-grins/blob/main/images/Sketches/grins/Barney%20Grin%20back%20ORIGINAL.jpg"	"175272"	"fb8a3c224d796fdec8242169241b2284906e751b"
"Barney Grin COLOR.jpg"	"images/Sketches/grins/Barney Grin COLOR.jpg"	"https://github.com/ronenglish-archive/ron-english-sketches-grins/blob/main/images/Sketches/grins/Barney%20Grin%20COLOR.jpg"	"243876"	"3d8db13b0ad3da2d2a6337a31e40b55a12824ee5"
"Barney Grin Flying ORIGINAL.jpg"	"images/Sketches/grins/Barney Grin Flying ORIGINAL.jpg"	"https://github.com/ronenglish-archive/ron-english-sketches-grins/blob/main/images/Sketches/grins/Barney%20Grin%20Flying%20ORIGINAL.jpg"	"312772"	"b7dc743f41c3119b81c26bd0e23b080bd6ad733c"
"Barney Grin front 1 B&W.jpg"	"images/Sketches/grins/Barney Grin front 1 B&W.jpg"	"https://github.com/ronenglish-archive/ron-english-sketches-grins/blob/main/images/Sketches/grins/Barney%20Grin%20front%201%20B&W.jpg"	"213386"	"de828228ce3906fe9474469dead4b661dd79cae8"
"Barney Grin front 1 COLOR.jpg"	"images/Sketches/grins/Barney Grin front 1 COLOR.jpg"	"https://github.com/ronenglish-archive/ron-english-sketches-grins/blob/main/images/Sketches/grins/Barney%20Grin%20front%201%20COLOR.jpg"	"219755"	"d5364a0ae0bd51907e47f0e9f8ab75518a32d23c"
"Barney Grin front 1 ORIGINAL.jpg"	"images/Sketches/grins/Barney Grin front 1 ORIGINAL.jpg"	"https://github.com/ronenglish-archive/ron-english-sketches-grins/blob/main/images/Sketches/grins/Barney%20Grin%20front%201%20ORIGINAL.jpg"	"242080"	"97821adc4d43bb137b5d6024eb66bf6cf67d3226"
"Barney Grin front 2 B&W.jpg"	"images/Sketches/grins/Barney Grin front 2 B&W.jpg"	"https://github.com/ronenglish-archive/ron-english-sketches-grins/blob/main/images/Sketches/grins/Barney%20Grin%20front%202%20B&W.jpg"	"192339"	"976b2e09d4a6d774abc7d5b67b8eac2e74cec3bf"
"Barney Grin front 2 COLOR.jpg"	"images/Sketches/grins/Barney Grin front 2 COLOR.jpg"	"https://github.com/ronenglish-archive/ron-english-sketches-grins/blob/main/images/Sketches/grins/Barney%20Grin%20front%202%20COLOR.jpg"	"198668"	"854d45f6a1eae108c37b6fec3d0fc71e2b841b7d"
"Barney Grin front 2 ORIGINAL.jpg"	"images/Sketches/grins/Barney Grin front 2 ORIGINAL.jpg"	"https://github.com/ronenglish-archive/ron-english-sketches-grins/blob/main/images/Sketches/grins/Barney%20Grin%20front%202%20ORIGINAL.jpg"	"207664"	"45c9fb4e6cf7bf9218629ec88d1484b78a605b18"
"Barney Grin Guernical B&W.jpg"	"images/Sketches/grins/Barney Grin Guernical B&W.jpg"	"https://github.com/ronenglish-archive/ron-english-sketches-grins/blob/main/images/Sketches/grins/Barney%20Grin%20Guernical%20B&W.jpg"	"185432"	"64fa15aaa090280f41c12abe8c1ce11686581d8e"
"Barney Grin Guernical COLOR.jpg"	"images/Sketches/grins/Barney Grin Guernical COLOR.jpg"	"https://github.com/ronenglish-archive/ron-english-sketches-grins/blob/main/images/Sketches/grins/Barney%20Grin%20Guernical%20COLOR.jpg"	"205700"	"535ea84a8ec78f5b6cd816e0deb480cd042c4d5e"
"Barney Grin Guernical ORIGINAL.jpg"	"images/Sketches/grins/Barney Grin Guernical ORIGINAL.jpg"	"https://github.com/ronenglish-archive/ron-english-sketches-grins/blob/main/images/Sketches/grins/Barney%20Grin%20Guernical%20ORIGINAL.jpg"	"209177"	"f9b1bf5785c9aa71be5af3839b238c4e1b68ebd4"
"Barney Grin ORIGINAL.jpg"	"images/Sketches/grins/Barney Grin ORIGINAL.jpg"	"https://github.com/ronenglish-archive/ron-english-sketches-grins/blob/main/images/Sketches/grins/Barney%20Grin%20ORIGINAL.jpg"	"239394"	"8e9e53b12768172adb5a7fa806a219ef690df675"
"Barney Grin side B&W.jpg"	"images/Sketches/grins/Barney Grin side B&W.jpg"	"https://github.com/ronenglish-archive/ron-english-sketches-grins/blob/main/images/Sketches/grins/Barney%20Grin%20side%20B&W.jpg"	"219647"	"3e2980632e287b3941d704bc6bb9833a47017394"
"Barney Grin side COLOR.jpg"	"images/Sketches/grins/Barney Grin side COLOR.jpg"	"https://github.com/ronenglish-archive/ron-english-sketches-grins/blob/main/images/Sketches/grins/Barney%20Grin%20side%20COLOR.jpg"	"232964"	"ff30c04b776cf0f937fe1c01c6b34eef269135e2"
"Barney Grin side ORIGINAL 2.jpg"	"images/Sketches/grins/Barney Grin side ORIGINAL 2.jpg"	"https://github.com/ronenglish-archive/ron-english-sketches-grins/blob/main/images/Sketches/grins/Barney%20Grin%20side%20ORIGINAL%202.jpg"	"236894"	"7b1b345032c1525343892a5f9af9f5b682cfa821"
"Barney Grin side ORIGINAL closeup.jpg"	"images/Sketches/grins/Barney Grin side ORIGINAL closeup.jpg"	"https://github.com/ronenglish-archive/ron-english-sketches-grins/blob/main/images/Sketches/grins/Barney%20Grin%20side%20ORIGINAL%20closeup.jpg"	"43516"	"d482fe3252d3d5a44e0c2057df0a0c62923b8beb"
"Barney Grin side ORIGINAL.jpg"	"images/Sketches/grins/Barney Grin side ORIGINAL.jpg"	"https://github.com/ronenglish-archive/ron-english-sketches-grins/blob/main/images/Sketches/grins/Barney%20Grin%20side%20ORIGINAL.jpg"	"258544"	"b477cb9752f1a01b732398009632ad3e4df416fa"
"Bart Grin chubby back ORIGINAL.jpg"	"images/Sketches/grins/Bart Grin chubby back ORIGINAL.jpg"	"https://github.com/ronenglish-archive/ron-english-sketches-grins/blob/main/images/Sketches/grins/Bart%20Grin%20chubby%20back%20ORIGINAL.jpg"	"956258"	"4d91e2f2ec7f982774351414ca962b8de63bc9e9"
"Bart Grin Chubby front B&W.png"	"images/Sketches/grins/Bart Grin Chubby front B&W.png"	"https://github.com/ronenglish-archive/ron-english-sketches-grins/blob/main/images/Sketches/grins/Bart%20Grin%20Chubby%20front%20B&W.png"	"863056"	"631bf54302c303ae7e91d1d1833a5f90a189732d"
"Bart Grin Chubby front COLOR.jpg"	"images/Sketches/grins/Bart Grin Chubby front COLOR.jpg"	"https://github.com/ronenglish-archive/ron-english-sketches-grins/blob/main/images/Sketches/grins/Bart%20Grin%20Chubby%20front%20COLOR.jpg"	"196824"	"b31c7da9258163fbf576feed25775004cb9afda6"
"Bart Grin Chubby front ORIGINAL.jpg"	"images/Sketches/grins/Bart Grin Chubby front ORIGINAL.jpg"	"https://github.com/ronenglish-archive/ron-english-sketches-grins/blob/main/images/Sketches/grins/Bart%20Grin%20Chubby%20front%20ORIGINAL.jpg"	"559676"	"f7ecdd0b1a40b665e57d387322cc7ea0d82f1dd3"
"Bart Grin chubby side ORIGINAL.jpg"	"images/Sketches/grins/Bart Grin chubby side ORIGINAL.jpg"	"https://github.com/ronenglish-archive/ron-english-sketches-grins/blob/main/images/Sketches/grins/Bart%20Grin%20chubby%20side%20ORIGINAL.jpg"	"987040"	"9d5cf58d9dbb54bb1d8acc9f70f5ac0295976308"
"Bart Grin chubby side raw file copy.jpg"	"images/Sketches/grins/Bart Grin chubby side raw file copy.jpg"	"https://github.com/ronenglish-archive/ron-english-sketches-grins/blob/main/images/Sketches/grins/Bart%20Grin%20chubby%20side%20raw%20file%20copy.jpg"	"165854"	"4cc514f5ad550529f9471af913703632dcfed8c4"
"Bart Grin front B&W.jpg"	"images/Sketches/grins/Bart Grin front B&W.jpg"	"https://github.com/ronenglish-archive/ron-english-sketches-grins/blob/main/images/Sketches/grins/Bart%20Grin%20front%20B&W.jpg"	"178074"	"a61ecda08da8949f87a0207b11283b6daa4c5252"
"Bart Grin front COLOR.jpg"	"images/Sketches/grins/Bart Grin front COLOR.jpg"	"https://github.com/ronenglish-archive/ron-english-sketches-grins/blob/main/images/Sketches/grins/Bart%20Grin%20front%20COLOR.jpg"	"194720"	"53490a8f63bee6faf39a6ed76878fe089206d6d2"
"Bart Grin front ORIGINAL COLOR.jpg"	"images/Sketches/grins/Bart Grin front ORIGINAL COLOR.jpg"	"https://github.com/ronenglish-archive/ron-english-sketches-grins/blob/main/images/Sketches/grins/Bart%20Grin%20front%20ORIGINAL%20COLOR.jpg"	"172846"	"ad08e9a55a51947feda90f6ff4f632be29baa6e8"
"Bart Grin short front ORIGINAL COLOR.png"	"images/Sketches/grins/Bart Grin short front ORIGINAL COLOR.png"	"https://github.com/ronenglish-archive/ron-english-sketches-grins/blob/main/images/Sketches/grins/Bart%20Grin%20short%20front%20ORIGINAL%20COLOR.png"	"91567"	"16b98384f979248e22fd432e27437dfc5d729777"
"Bart Grin side B&W.jpg"	"images/Sketches/grins/Bart Grin side B&W.jpg"	"https://github.com/ronenglish-archive/ron-english-sketches-grins/blob/main/images/Sketches/grins/Bart%20Grin%20side%20B&W.jpg"	"147362"	"bb3d405f25f46fa60632323636f2a31c2f7cfc3c"
"Bart Grin side COLOR.jpg"	"images/Sketches/grins/Bart Grin side COLOR.jpg"	"https://github.com/ronenglish-archive/ron-english-sketches-grins/blob/main/images/Sketches/grins/Bart%20Grin%20side%20COLOR.jpg"	"154360"	"f29f5c579f1c21bf8871316a5fa6104c0134d5d2"
"Bart Grin side ORIGINAL COLOR.jpg"	"images/Sketches/grins/Bart Grin side ORIGINAL COLOR.jpg"	"https://github.com/ronenglish-archive/ron-english-sketches-grins/blob/main/images/Sketches/grins/Bart%20Grin%20side%20ORIGINAL%20COLOR.jpg"	"156855"	"ba0fbd35ba47381173d6607aa13935ad317f4359"
"Bart Grin side ORIGINAL.jpg"	"images/Sketches/grins/Bart Grin side ORIGINAL.jpg"	"https://github.com/ronenglish-archive/ron-english-sketches-grins/blob/main/images/Sketches/grins/Bart%20Grin%20side%20ORIGINAL.jpg"	"339266"	"78a26ef03f13cec965814ec0868eb8b9a49dc6ab"
"Bartman Grin flying B&W.jpg"	"images/Sketches/grins/Bartman Grin flying B&W.jpg"	"https://github.com/ronenglish-archive/ron-english-sketches-grins/blob/main/images/Sketches/grins/Bartman%20Grin%20flying%20B&W.jpg"	"204497"	"58acd1d9d6db37978bfb260c74ad653d891b0f20"
"Bartman Grin flying COLOR.jpg"	"images/Sketches/grins/Bartman Grin flying COLOR.jpg"	"https://github.com/ronenglish-archive/ron-english-sketches-grins/blob/main/images/Sketches/grins/Bartman%20Grin%20flying%20COLOR.jpg"	"243467"	"e3b5cef28a67b643bb833b2f0fa5253d061fc649"
"Bartman Grin flying ORIGINAL COLOR.jpg"	"images/Sketches/grins/Bartman Grin flying ORIGINAL COLOR.jpg"	"https://github.com/ronenglish-archive/ron-english-sketches-grins/blob/main/images/Sketches/grins/Bartman%20Grin%20flying%20ORIGINAL%20COLOR.jpg"	"244786"	"76183279e213c3c15df7113ce9c16421b7f1d642"
"Baseball Grin B&W.jpg"	"images/Sketches/grins/Baseball Grin B&W.jpg"	"https://github.com/ronenglish-archive/ron-english-sketches-grins/blob/main/images/Sketches/grins/Baseball%20Grin%20B&W.jpg"	"204966"	"9a5c49379574bc7b304add844adcd4bc2883bf48"
"Baseball Grin card.png"	"images/Sketches/grins/Baseball Grin card.png"	"https://github.com/ronenglish-archive/ron-english-sketches-grins/blob/main/images/Sketches/grins/Baseball%20Grin%20card.png"	"202071"	"686f766bcb11951a808aac519c60e2a443931235"
"Baseball Grin COLOR.jpg"	"images/Sketches/grins/Baseball Grin COLOR.jpg"	"https://github.com/ronenglish-archive/ron-english-sketches-grins/blob/main/images/Sketches/grins/Baseball%20Grin%20COLOR.jpg"	"222549"	"60eba3c8aa441ccff4e29a4330e69686a8559e50"
"Baseball Grin ORIGINAL COLOR 2.jpg"	"images/Sketches/grins/Baseball Grin ORIGINAL COLOR 2.jpg"	"https://github.com/ronenglish-archive/ron-english-sketches-grins/blob/main/images/Sketches/grins/Baseball%20Grin%20ORIGINAL%20COLOR%202.jpg"	"222642"	"9c5353cf5b64a81a0b9390a4b05b897fc0c0e7c3"
"Baseball Grin ORIGINAL COLOR 3.jpg"	"images/Sketches/grins/Baseball Grin ORIGINAL COLOR 3.jpg"	"https://github.com/ronenglish-archive/ron-english-sketches-grins/blob/main/images/Sketches/grins/Baseball%20Grin%20ORIGINAL%20COLOR%203.jpg"	"190767"	"f630b70113339d86ebd8965f813e86ed4b91c650"
"Baseball Grin ORIGINAL.jpg"	"images/Sketches/grins/Baseball Grin ORIGINAL.jpg"	"https://github.com/ronenglish-archive/ron-english-sketches-grins/blob/main/images/Sketches/grins/Baseball%20Grin%20ORIGINAL.jpg"	"245740"	"d42ec6ce23ec012da3f633b60229a2e3ac7e0d50"
"Basketball Bulldog Grin B&W.jpg"	"images/Sketches/grins/Basketball Bulldog Grin B&W.jpg"	"https://github.com/ronenglish-archive/ron-english-sketches-grins/blob/main/images/Sketches/grins/Basketball%20Bulldog%20Grin%20B&W.jpg"	"197055"	"f1f58c03386af8bac7c1460136ab60859caacda9"
"Basketball Bulldog Grin COLOR.jpg"	"images/Sketches/grins/Basketball Bulldog Grin COLOR.jpg"	"https://github.com/ronenglish-archive/ron-english-sketches-grins/blob/main/images/Sketches/grins/Basketball%20Bulldog%20Grin%20COLOR.jpg"	"226183"	"d14763bb8173193d0930cdbf24347ec38e41ad8e"
"Basketball Grin B&W.jpg"	"images/Sketches/grins/Basketball Grin B&W.jpg"	"https://github.com/ronenglish-archive/ron-english-sketches-grins/blob/main/images/Sketches/grins/Basketball%20Grin%20B&W.jpg"	"228064"	"f43e48bbdbb3aa3130d673efb990d78c8a5a306d"
"Basketball Grin back B&W.jpg"	"images/Sketches/grins/Basketball Grin back B&W.jpg"	"https://github.com/ronenglish-archive/ron-english-sketches-grins/blob/main/images/Sketches/grins/Basketball%20Grin%20back%20B&W.jpg"	"160067"	"71195d45691d580752afada87c292ee8fa11e7b3"
"Basketball Grin back COLOR.jpg"	"images/Sketches/grins/Basketball Grin back COLOR.jpg"	"https://github.com/ronenglish-archive/ron-english-sketches-grins/blob/main/images/Sketches/grins/Basketball%20Grin%20back%20COLOR.jpg"	"194779"	"947617f1aafdd1edb7285c344ca8767323f10330"
"Basketball Grin back ORIGINAL colorway 1.jpg"	"images/Sketches/grins/Basketball Grin back ORIGINAL colorway 1.jpg"	"https://github.com/ronenglish-archive/ron-english-sketches-grins/blob/main/images/Sketches/grins/Basketball%20Grin%20back%20ORIGINAL%20colorway%201.jpg"	"177015"	"6cbf9d2bf6b77ccfbe896f021bb490d88c24823c"
"Basketball Grin back ORIGINAL colorway 2.jpg"	"images/Sketches/grins/Basketball Grin back ORIGINAL colorway 2.jpg"	"https://github.com/ronenglish-archive/ron-english-sketches-grins/blob/main/images/Sketches/grins/Basketball%20Grin%20back%20ORIGINAL%20colorway%202.jpg"	"178620"	"540b15b01e65c75585b052a1137fa29568a20515"
"Basketball Grin back ORIGINAL colorway 3.jpg"	"images/Sketches/grins/Basketball Grin back ORIGINAL colorway 3.jpg"	"https://github.com/ronenglish-archive/ron-english-sketches-grins/blob/main/images/Sketches/grins/Basketball%20Grin%20back%20ORIGINAL%20colorway%203.jpg"	"177990"	"abda5cfed79fdd01e58596fe89c56f404fb47ee1"
"Basketball Grin back ORIGINAL.jpg"	"images/Sketches/grins/Basketball Grin back ORIGINAL.jpg"	"https://github.com/ronenglish-archive/ron-english-sketches-grins/blob/main/images/Sketches/grins/Basketball%20Grin%20back%20ORIGINAL.jpg"	"188155"	"35130507c6cb3847c47ffcac8feb2138d0cd656c"
"Basketball Grin COLOR.jpg"	"images/Sketches/grins/Basketball Grin COLOR.jpg"	"https://github.com/ronenglish-archive/ron-english-sketches-grins/blob/main/images/Sketches/grins/Basketball%20Grin%20COLOR.jpg"	"289785"	"a3b4a29ffaaff503fdf02c2353f33a7f18365df7"
"Basketball Grin head.jpg"	"images/Sketches/grins/Basketball Grin head.jpg"	"https://github.com/ronenglish-archive/ron-english-sketches-grins/blob/main/images/Sketches/grins/Basketball%20Grin%20head.jpg"	"433505"	"5d22cc429eb7e58e5e1db6c8d008b516f6624fec"
"Basketball Grin ORIGINAL  colorway 2.jpg"	"images/Sketches/grins/Basketball Grin ORIGINAL  colorway 2.jpg"	"https://github.com/ronenglish-archive/ron-english-sketches-grins/blob/main/images/Sketches/grins/Basketball%20Grin%20ORIGINAL%20%20colorway%202.jpg"	"259278"	"05f9092f061dd73e81c183d15d6cd1e50868eb0c"
"Basketball Grin ORIGINAL  colorway 3.jpg"	"images/Sketches/grins/Basketball Grin ORIGINAL  colorway 3.jpg"	"https://github.com/ronenglish-archive/ron-english-sketches-grins/blob/main/images/Sketches/grins/Basketball%20Grin%20ORIGINAL%20%20colorway%203.jpg"	"275307"	"facc3152184c3822870f63b60bdb4cb74a9a8e5b"
"Basketball Grin ORIGINAL COLOR.jpg"	"images/Sketches/grins/Basketball Grin ORIGINAL COLOR.jpg"	"https://github.com/ronenglish-archive/ron-english-sketches-grins/blob/main/images/Sketches/grins/Basketball%20Grin%20ORIGINAL%20COLOR.jpg"	"222518"	"c23895dd2b7cba8090910e4ea1ad3d2eef3ff99a"
"Basketball Grin ORIGINAL colorway 1.jpg"	"images/Sketches/grins/Basketball Grin ORIGINAL colorway 1.jpg"	"https://github.com/ronenglish-archive/ron-english-sketches-grins/blob/main/images/Sketches/grins/Basketball%20Grin%20ORIGINAL%20colorway%201.jpg"	"257878"	"4228de288c2ae4c7fc7779af653a5dfe0a6d4947"
"Basketball Grin side B&W.jpg"	"images/Sketches/grins/Basketball Grin side B&W.jpg"	"https://github.com/ronenglish-archive/ron-english-sketches-grins/blob/main/images/Sketches/grins/Basketball%20Grin%20side%20B&W.jpg"	"178669"	"6ab6cde26765c3eabd678a8af6bbcdc7f4472328"
"Basketball Grin side COLOR.jpg"	"images/Sketches/grins/Basketball Grin side COLOR.jpg"	"https://github.com/ronenglish-archive/ron-english-sketches-grins/blob/main/images/Sketches/grins/Basketball%20Grin%20side%20COLOR.jpg"	"212253"	"61f350dd8ff9a878c6f5832ede8d7124b7d7aa31"
"Basketball Grin side ORIGINAL.jpg"	"images/Sketches/grins/Basketball Grin side ORIGINAL.jpg"	"https://github.com/ronenglish-archive/ron-english-sketches-grins/blob/main/images/Sketches/grins/Basketball%20Grin%20side%20ORIGINAL.jpg"	"213281"	"ac50b2a5265e904925e3a52a4472a3dbe0cac8fc"
"Bat Grin front B&W.jpg"	"images/Sketches/grins/Bat Grin front B&W.jpg"	"https://github.com/ronenglish-archive/ron-english-sketches-grins/blob/main/images/Sketches/grins/Bat%20Grin%20front%20B&W.jpg"	"240724"	"00335129abd4bb6b43c501d671fafc78a618f9a8"
"Bat Grin front COLOR.jpg"	"images/Sketches/grins/Bat Grin front COLOR.jpg"	"https://github.com/ronenglish-archive/ron-english-sketches-grins/blob/main/images/Sketches/grins/Bat%20Grin%20front%20COLOR.jpg"	"258199"	"8d78c3bd1619359b3d63d98fcdce36b23a257119"
"Bat Grin front ORIGINAL.jpg"	"images/Sketches/grins/Bat Grin front ORIGINAL.jpg"	"https://github.com/ronenglish-archive/ron-english-sketches-grins/blob/main/images/Sketches/grins/Bat%20Grin%20front%20ORIGINAL.jpg"	"280543"	"8f89c9bd9107cefa9033eb6b797aee8fe207f6a9"
"Bat Grin side B&W.jpg"	"images/Sketches/grins/Bat Grin side B&W.jpg"	"https://github.com/ronenglish-archive/ron-english-sketches-grins/blob/main/images/Sketches/grins/Bat%20Grin%20side%20B&W.jpg"	"189618"	"cd96a8a7f73f79fd805dbe7a9caebff895db8f0d"
"Bat Grin side COLOR.jpg"	"images/Sketches/grins/Bat Grin side COLOR.jpg"	"https://github.com/ronenglish-archive/ron-english-sketches-grins/blob/main/images/Sketches/grins/Bat%20Grin%20side%20COLOR.jpg"	"215598"	"1e9aa280aee8fbd6c337629a50572d8d3b1fdd55"
"Bat Grin side ORIGINAL.jpg"	"images/Sketches/grins/Bat Grin side ORIGINAL.jpg"	"https://github.com/ronenglish-archive/ron-english-sketches-grins/blob/main/images/Sketches/grins/Bat%20Grin%20side%20ORIGINAL.jpg"	"224285"	"56238a5895bcc596a9259e3ba3c1c203624ea300"
"Bat Grin version 2 front B&W.jpg"	"images/Sketches/grins/Bat Grin version 2 front B&W.jpg"	"https://github.com/ronenglish-archive/ron-english-sketches-grins/blob/main/images/Sketches/grins/Bat%20Grin%20version%202%20front%20B&W.jpg"	"173753"	"1b88dbf8e2707003ad897da1f7ccc5e74dca126f"
"Bat Grin version 2 front COLOR.jpg"	"images/Sketches/grins/Bat Grin version 2 front COLOR.jpg"	"https://github.com/ronenglish-archive/ron-english-sketches-grins/blob/main/images/Sketches/grins/Bat%20Grin%20version%202%20front%20COLOR.jpg"	"182782"	"b16230c1506a9f4379e525723cc454fa545aa917"
"Bat Grin version 2 front ORIGINAL.jpg"	"images/Sketches/grins/Bat Grin version 2 front ORIGINAL.jpg"	"https://github.com/ronenglish-archive/ron-english-sketches-grins/blob/main/images/Sketches/grins/Bat%20Grin%20version%202%20front%20ORIGINAL.jpg"	"152911"	"842474b8b0917fd58bb246cd59c7c491590ad410"
"Bat Grin version 2 side B&W.jpg"	"images/Sketches/grins/Bat Grin version 2 side B&W.jpg"	"https://github.com/ronenglish-archive/ron-english-sketches-grins/blob/main/images/Sketches/grins/Bat%20Grin%20version%202%20side%20B&W.jpg"	"173153"	"6a4c56ad1e43d963c3d38d5ba6f5f898ad2d4e9b"
"Bat Grin version 2 side COLOR.jpg"	"images/Sketches/grins/Bat Grin version 2 side COLOR.jpg"	"https://github.com/ronenglish-archive/ron-english-sketches-grins/blob/main/images/Sketches/grins/Bat%20Grin%20version%202%20side%20COLOR.jpg"	"191186"	"f6064d95f676b85a0faf827c35e34a16ff11551d"
"Bat Grin version 2 side ORIGINAL.jpg"	"images/Sketches/grins/Bat Grin version 2 side ORIGINAL.jpg"	"https://github.com/ronenglish-archive/ron-english-sketches-grins/blob/main/images/Sketches/grins/Bat%20Grin%20version%202%20side%20ORIGINAL.jpg"	"180298"	"33446c40fb092a7f1158f6814dcb095f77c50ee4"
"Batman Grin and Robin 2 ORIGINAL.jpg"	"images/Sketches/grins/Batman Grin and Robin 2 ORIGINAL.jpg"	"https://github.com/ronenglish-archive/ron-english-sketches-grins/blob/main/images/Sketches/grins/Batman%20Grin%20and%20Robin%202%20ORIGINAL.jpg"	"556718"	"2af67fa19328e07ac92a655dbab6ff4164c365cf"
"Batman Grin B&W.jpg"	"images/Sketches/grins/Batman Grin B&W.jpg"	"https://github.com/ronenglish-archive/ron-english-sketches-grins/blob/main/images/Sketches/grins/Batman%20Grin%20B&W.jpg"	"248794"	"f01543f553fff926509b76f742e436435e360e83"
"Batman Grin COLOR.jpg"	"images/Sketches/grins/Batman Grin COLOR.jpg"	"https://github.com/ronenglish-archive/ron-english-sketches-grins/blob/main/images/Sketches/grins/Batman%20Grin%20COLOR.jpg"	"249644"	"5b681ec6396d0c080150ba4aa2565dea3fe8d94a"
"Batman Grin Icon .jpg"	"images/Sketches/grins/Batman Grin Icon .jpg"	"https://github.com/ronenglish-archive/ron-english-sketches-grins/blob/main/images/Sketches/grins/Batman%20Grin%20Icon%20.jpg"	"438108"	"dc84897ab49f79521b558affdf3d8def02591045"
"Batman Grin Icon B&W.jpg"	"images/Sketches/grins/Batman Grin Icon B&W.jpg"	"https://github.com/ronenglish-archive/ron-english-sketches-grins/blob/main/images/Sketches/grins/Batman%20Grin%20Icon%20B&W.jpg"	"200123"	"38f91fcfd64c3db08c909fb3a3fd1eeebf413d0b"
"Batman Grin Icon COLOR.jpg"	"images/Sketches/grins/Batman Grin Icon COLOR.jpg"	"https://github.com/ronenglish-archive/ron-english-sketches-grins/blob/main/images/Sketches/grins/Batman%20Grin%20Icon%20COLOR.jpg"	"162247"	"f317667c9d9d2932499bb54e5a340fa8d9f1fde3"
"Batman Grin ORIGINAL 2.jpg"	"images/Sketches/grins/Batman Grin ORIGINAL 2.jpg"	"https://github.com/ronenglish-archive/ron-english-sketches-grins/blob/main/images/Sketches/grins/Batman%20Grin%20ORIGINAL%202.jpg"	"311651"	"d5f1195493311a109e53b9ff49d8835f61471dbb"
"Batman Grin ORIGINAL COLOR.jpg"	"images/Sketches/grins/Batman Grin ORIGINAL COLOR.jpg"	"https://github.com/ronenglish-archive/ron-english-sketches-grins/blob/main/images/Sketches/grins/Batman%20Grin%20ORIGINAL%20COLOR.jpg"	"207996"	"11337ee931ef68b75a087dfa7e8e05b29f3e659e"
"Batman Grin ORIGINAL.jpg"	"images/Sketches/grins/Batman Grin ORIGINAL.jpg"	"https://github.com/ronenglish-archive/ron-english-sketches-grins/blob/main/images/Sketches/grins/Batman%20Grin%20ORIGINAL.jpg"	"322915"	"544c9ab2929bfed5151ba0d5e5c9d1f28336b9e6"
"Batman Grin side B&W.jpg"	"images/Sketches/grins/Batman Grin side B&W.jpg"	"https://github.com/ronenglish-archive/ron-english-sketches-grins/blob/main/images/Sketches/grins/Batman%20Grin%20side%20B&W.jpg"	"178173"	"3523bc75f6f42f4e3e54e17a8e70d7aa25e5a30c"
"Batman Grin side COLOR.jpg"	"images/Sketches/grins/Batman Grin side COLOR.jpg"	"https://github.com/ronenglish-archive/ron-english-sketches-grins/blob/main/images/Sketches/grins/Batman%20Grin%20side%20COLOR.jpg"	"190808"	"c2abc8f046ef2609489b2354b580ebf3c041b057"
"Batman Grin side ORIGINAL.jpg"	"images/Sketches/grins/Batman Grin side ORIGINAL.jpg"	"https://github.com/ronenglish-archive/ron-english-sketches-grins/blob/main/images/Sketches/grins/Batman%20Grin%20side%20ORIGINAL.jpg"	"157645"	"0e5c5320144c4b2d5cc16f3e41f73b0ec67b8edf"
"Batman Grin three quarters COLOR 1.png"	"images/Sketches/grins/Batman Grin three quarters COLOR 1.png"	"https://github.com/ronenglish-archive/ron-english-sketches-grins/blob/main/images/Sketches/grins/Batman%20Grin%20three%20quarters%20COLOR%201.png"	"214604"	"d1c8a5c2cc8d6314ed259972f48b79497f264148"
"Batman Grin three quarters COLOR 2.png"	"images/Sketches/grins/Batman Grin three quarters COLOR 2.png"	"https://github.com/ronenglish-archive/ron-english-sketches-grins/blob/main/images/Sketches/grins/Batman%20Grin%20three%20quarters%20COLOR%202.png"	"206495"	"81e07717c199c4770ce14928cf57bb8efaa305cd"
"Batman Grin three quarters COLOR 3.png"	"images/Sketches/grins/Batman Grin three quarters COLOR 3.png"	"https://github.com/ronenglish-archive/ron-english-sketches-grins/blob/main/images/Sketches/grins/Batman%20Grin%20three%20quarters%20COLOR%203.png"	"182850"	"f450c710222932c5495210e469ce42c082fa3761"
"Batman Grin three quarters COLOR 4.png"	"images/Sketches/grins/Batman Grin three quarters COLOR 4.png"	"https://github.com/ronenglish-archive/ron-english-sketches-grins/blob/main/images/Sketches/grins/Batman%20Grin%20three%20quarters%20COLOR%204.png"	"187879"	"a7a77152ef013e6391073754d056f9993cd620e9"
"Battle Cat Grin B&W.png"	"images/Sketches/grins/Battle Cat Grin B&W.png"	"https://github.com/ronenglish-archive/ron-english-sketches-grins/blob/main/images/Sketches/grins/Battle%20Cat%20Grin%20B&W.png"	"2385433"	"08750fdd4b59f5ae2f731a59e8e6bb977d885da7"
"Battle Cat Grin COLOR.png"	"images/Sketches/grins/Battle Cat Grin COLOR.png"	"https://github.com/ronenglish-archive/ron-english-sketches-grins/blob/main/images/Sketches/grins/Battle%20Cat%20Grin%20COLOR.png"	"760042"	"3a2735031b1d856c792f5db43c4fd3e81461c819"
"Battle Cat Grin Crouching B&W.png"	"images/Sketches/grins/Battle Cat Grin Crouching B&W.png"	"https://github.com/ronenglish-archive/ron-english-sketches-grins/blob/main/images/Sketches/grins/Battle%20Cat%20Grin%20Crouching%20B&W.png"	"2398626"	"abb6a3d4a4f1e08296e06a890e00b71276977b3e"
"Battle Cat Grin Crouching COLOR.jpg"	"images/Sketches/grins/Battle Cat Grin Crouching COLOR.jpg"	"https://github.com/ronenglish-archive/ron-english-sketches-grins/blob/main/images/Sketches/grins/Battle%20Cat%20Grin%20Crouching%20COLOR.jpg"	"511897"	"1769b98c03f162e962121ccd169e0d70b44f36a8"
"Battle Cat Grin Crouching COLOR.png"	"images/Sketches/grins/Battle Cat Grin Crouching COLOR.png"	"https://github.com/ronenglish-archive/ron-english-sketches-grins/blob/main/images/Sketches/grins/Battle%20Cat%20Grin%20Crouching%20COLOR.png"	"8169999"	"07eeaaefdd338f9ab77170a079b370c09a307172"
"Battle Cat Grin Crouching ORIGINAL.jpg"	"images/Sketches/grins/Battle Cat Grin Crouching ORIGINAL.jpg"	"https://github.com/ronenglish-archive/ron-english-sketches-grins/blob/main/images/Sketches/grins/Battle%20Cat%20Grin%20Crouching%20ORIGINAL.jpg"	"1312885"	"8c08292093de667dd91e671f85f9e31f782af3fc"
"Battle Cat Grin ORIGINAL.jpg"	"images/Sketches/grins/Battle Cat Grin ORIGINAL.jpg"	"https://github.com/ronenglish-archive/ron-english-sketches-grins/blob/main/images/Sketches/grins/Battle%20Cat%20Grin%20ORIGINAL.jpg"	"1462142"	"b9708be8ef69e2e3d0722901f92a712d093cda05"
"Battle Skull Grin B&W.jpg"	"images/Sketches/grins/Battle Skull Grin B&W.jpg"	"https://github.com/ronenglish-archive/ron-english-sketches-grins/blob/main/images/Sketches/grins/Battle%20Skull%20Grin%20B&W.jpg"	"343202"	"cfa8322beacc6896dcc0521ff887350a90c2d118"
"Battle Skull Grin COLOR 1.jpg"	"images/Sketches/grins/Battle Skull Grin COLOR 1.jpg"	"https://github.com/ronenglish-archive/ron-english-sketches-grins/blob/main/images/Sketches/grins/Battle%20Skull%20Grin%20COLOR%201.jpg"	"393452"	"cea889f3840a6f7d92bcde102579610e510031ba"
"Battle Skull Grin COLOR 2.jpg"	"images/Sketches/grins/Battle Skull Grin COLOR 2.jpg"	"https://github.com/ronenglish-archive/ron-english-sketches-grins/blob/main/images/Sketches/grins/Battle%20Skull%20Grin%20COLOR%202.jpg"	"352854"	"333e783993517891c9a8a150257619abad41d2ca"
"Battle Skull Grin ORIGINAL.jpg"	"images/Sketches/grins/Battle Skull Grin ORIGINAL.jpg"	"https://github.com/ronenglish-archive/ron-english-sketches-grins/blob/main/images/Sketches/grins/Battle%20Skull%20Grin%20ORIGINAL.jpg"	"208076"	"9f233ca497b8acd64f3a341ece5cf6c5296a2ed2"
"Bear Grin Forked Tongue B&W.jpg"	"images/Sketches/grins/Bear Grin Forked Tongue B&W.jpg"	"https://github.com/ronenglish-archive/ron-english-sketches-grins/blob/main/images/Sketches/grins/Bear%20Grin%20Forked%20Tongue%20B&W.jpg"	"346740"	"692c36fc3b845fa0ac3c7ab5c6a8b61ea41b2806"
"Bear Grin Forked Tongue COLOR 1.jpg"	"images/Sketches/grins/Bear Grin Forked Tongue COLOR 1.jpg"	"https://github.com/ronenglish-archive/ron-english-sketches-grins/blob/main/images/Sketches/grins/Bear%20Grin%20Forked%20Tongue%20COLOR%201.jpg"	"356593"	"cd5b3a0766196e0c159e4fc5a7dfa19a6f845da6"
"Bear Grin Forked Tongue COLOR 2.jpg"	"images/Sketches/grins/Bear Grin Forked Tongue COLOR 2.jpg"	"https://github.com/ronenglish-archive/ron-english-sketches-grins/blob/main/images/Sketches/grins/Bear%20Grin%20Forked%20Tongue%20COLOR%202.jpg"	"290393"	"efe0bfea0ecfecdd277b5668f6cf656355d1fc77"
"Bear Grin Forked Tongue ORIGINAL COLOR.jpg"	"images/Sketches/grins/Bear Grin Forked Tongue ORIGINAL COLOR.jpg"	"https://github.com/ronenglish-archive/ron-english-sketches-grins/blob/main/images/Sketches/grins/Bear%20Grin%20Forked%20Tongue%20ORIGINAL%20COLOR.jpg"	"351377"	"2c66fa140da35304204e4ac10f8ac41d252f5a4e"
"Bear Grin Forked Tongue ORIGINAL.jpg"	"images/Sketches/grins/Bear Grin Forked Tongue ORIGINAL.jpg"	"https://github.com/ronenglish-archive/ron-english-sketches-grins/blob/main/images/Sketches/grins/Bear%20Grin%20Forked%20Tongue%20ORIGINAL.jpg"	"328475"	"1ee849d4ad05facb304c8fbf47795e489405413e"
"Bearbrick Skull B&W.jpg"	"images/Sketches/grins/Bearbrick Skull B&W.jpg"	"https://github.com/ronenglish-archive/ron-english-sketches-grins/blob/main/images/Sketches/grins/Bearbrick%20Skull%20B&W.jpg"	"285755"	"bced3e8427027bcf0531c610eacc15933147b6fc"
"Bearbrick Skull COLOR.jpg"	"images/Sketches/grins/Bearbrick Skull COLOR.jpg"	"https://github.com/ronenglish-archive/ron-english-sketches-grins/blob/main/images/Sketches/grins/Bearbrick%20Skull%20COLOR.jpg"	"292417"	"2111b2c76bd84a67342a1cefefe70ace0d21986e"
"Bearbrick Skull ORIGINAL.jpg"	"images/Sketches/grins/Bearbrick Skull ORIGINAL.jpg"	"https://github.com/ronenglish-archive/ron-english-sketches-grins/blob/main/images/Sketches/grins/Bearbrick%20Skull%20ORIGINAL.jpg"	"234643"	"d196e09a9817073af08f6795fd3b632a0174ab81"
"Beast Man Grin B&W.jpg"	"images/Sketches/grins/Beast Man Grin B&W.jpg"	"https://github.com/ronenglish-archive/ron-english-sketches-grins/blob/main/images/Sketches/grins/Beast%20Man%20Grin%20B&W.jpg"	"374777"	"22b9785e26425654c484f074b778284ba8367da6"
"Beast Man Grin COLOR.jpg"	"images/Sketches/grins/Beast Man Grin COLOR.jpg"	"https://github.com/ronenglish-archive/ron-english-sketches-grins/blob/main/images/Sketches/grins/Beast%20Man%20Grin%20COLOR.jpg"	"376876"	"8a5951f9b4c171dcad0023a69bb6afe6bdb6fabd"
"Beast Man Grin ORIGINAL.jpg"	"images/Sketches/grins/Beast Man Grin ORIGINAL.jpg"	"https://github.com/ronenglish-archive/ron-english-sketches-grins/blob/main/images/Sketches/grins/Beast%20Man%20Grin%20ORIGINAL.jpg"	"218796"	"0eb9ea71695e2cca38267b3732785ac1b070ef89"
"Bert Grin B&W.jpg"	"images/Sketches/grins/Bert Grin B&W.jpg"	"https://github.com/ronenglish-archive/ron-english-sketches-grins/blob/main/images/Sketches/grins/Bert%20Grin%20B&W.jpg"	"364685"	"bd80d94aa97ef439c523902093b24f34f83603b4"
"Bert Grin COLOR.jpg"	"images/Sketches/grins/Bert Grin COLOR.jpg"	"https://github.com/ronenglish-archive/ron-english-sketches-grins/blob/main/images/Sketches/grins/Bert%20Grin%20COLOR.jpg"	"488343"	"250cc35465020fe94f3c30177b50ddb74298c16a"
"Bert Grin ORIGINAL COLOR.jpg"	"images/Sketches/grins/Bert Grin ORIGINAL COLOR.jpg"	"https://github.com/ronenglish-archive/ron-english-sketches-grins/blob/main/images/Sketches/grins/Bert%20Grin%20ORIGINAL%20COLOR.jpg"	"377353"	"11d37aac6848fbf1a9e0aab9ab2af149176c5ec4"
"Bert Grin ORIGINAL.jpg"	"images/Sketches/grins/Bert Grin ORIGINAL.jpg"	"https://github.com/ronenglish-archive/ron-english-sketches-grins/blob/main/images/Sketches/grins/Bert%20Grin%20ORIGINAL.jpg"	"327668"	"d204bf3dc38162b011e8b502d71139031ed5f999"
"Big Boy Grin B&W.jpg"	"images/Sketches/grins/Big Boy Grin B&W.jpg"	"https://github.com/ronenglish-archive/ron-english-sketches-grins/blob/main/images/Sketches/grins/Big%20Boy%20Grin%20B&W.jpg"	"251373"	"c9d352ead0cd4fe4ec8e34ce175606a3cea8ba46"
"Big Boy Grin COLOR.jpg"	"images/Sketches/grins/Big Boy Grin COLOR.jpg"	"https://github.com/ronenglish-archive/ron-english-sketches-grins/blob/main/images/Sketches/grins/Big%20Boy%20Grin%20COLOR.jpg"	"267489"	"766b464a4b1bbbc4917960218c995f99dcf794be"
"Big Boy Grin ORIGINAL COLOR.jpg"	"images/Sketches/grins/Big Boy Grin ORIGINAL COLOR.jpg"	"https://github.com/ronenglish-archive/ron-english-sketches-grins/blob/main/images/Sketches/grins/Big%20Boy%20Grin%20ORIGINAL%20COLOR.jpg"	"270379"	"e1c323c2d7237819390bde2b3e78c0690280c053"
"Big Boy Grin ORIGINAL.jpg"	"images/Sketches/grins/Big Boy Grin ORIGINAL.jpg"	"https://github.com/ronenglish-archive/ron-english-sketches-grins/blob/main/images/Sketches/grins/Big%20Boy%20Grin%20ORIGINAL.jpg"	"254719"	"3f34edcbfd4a8d58f017d5741fde2811f95b5edb"
"Biggie Grin B&W.jpg"	"images/Sketches/grins/Biggie Grin B&W.jpg"	"https://github.com/ronenglish-archive/ron-english-sketches-grins/blob/main/images/Sketches/grins/Biggie%20Grin%20B&W.jpg"	"376721"	"1d35b140125157bd6139b2d2c25d5425411b9b10"
"Biggie Grin COLOR.jpg"	"images/Sketches/grins/Biggie Grin COLOR.jpg"	"https://github.com/ronenglish-archive/ron-english-sketches-grins/blob/main/images/Sketches/grins/Biggie%20Grin%20COLOR.jpg"	"401129"	"d14728e9734cfe74b78d497957cd5f1ed3d79862"
"Biggie Grin ORIGINAL COLOR.png"	"images/Sketches/grins/Biggie Grin ORIGINAL COLOR.png"	"https://github.com/ronenglish-archive/ron-english-sketches-grins/blob/main/images/Sketches/grins/Biggie%20Grin%20ORIGINAL%20COLOR.png"	"142569"	"b2630c40615f3ab2aac453531ecd1413da508a5c"
"Blanka Grin ORIGINAL.jpg"	"images/Sketches/grins/Blanka Grin ORIGINAL.jpg"	"https://github.com/ronenglish-archive/ron-english-sketches-grins/blob/main/images/Sketches/grins/Blanka%20Grin%20ORIGINAL.jpg"	"321654"	"c3259a5683cc1c026f807ad56e8acd6fc8ac41b9"
"Blotchy Grin B&W.jpg"	"images/Sketches/grins/Blotchy Grin B&W.jpg"	"https://github.com/ronenglish-archive/ron-english-sketches-grins/blob/main/images/Sketches/grins/Blotchy%20Grin%20B&W.jpg"	"230096"	"267e676c155eb864bf2e3c4d7694c3873ecafa3d"
"Blotchy Grin ORIGINAL.jpg"	"images/Sketches/grins/Blotchy Grin ORIGINAL.jpg"	"https://github.com/ronenglish-archive/ron-english-sketches-grins/blob/main/images/Sketches/grins/Blotchy%20Grin%20ORIGINAL.jpg"	"372111"	"adf8658feebd55de8cfc7ee1f03962f613155233"
"Blue From Blue’s Clues Grin B&W.jpg"	"images/Sketches/grins/Blue From Blue’s Clues Grin B&W.jpg"	"https://github.com/ronenglish-archive/ron-english-sketches-grins/blob/main/images/Sketches/grins/Blue%20From%20Blue%E2%80%99s%20Clues%20Grin%20B&W.jpg"	"237498"	"ba2644449523ca1a1a4f16e2cec3113fbc14b595"
"Blue From Blue’s Clues Grin COLOR.jpg"	"images/Sketches/grins/Blue From Blue’s Clues Grin COLOR.jpg"	"https://github.com/ronenglish-archive/ron-english-sketches-grins/blob/main/images/Sketches/grins/Blue%20From%20Blue%E2%80%99s%20Clues%20Grin%20COLOR.jpg"	"276757"	"da48e59122e995b2dc54769def086b540b8cf1c3"
"Blue From Blue’s Clues Grin ORIGINAL.jpg"	"images/Sketches/grins/Blue From Blue’s Clues Grin ORIGINAL.jpg"	"https://github.com/ronenglish-archive/ron-english-sketches-grins/blob/main/images/Sketches/grins/Blue%20From%20Blue%E2%80%99s%20Clues%20Grin%20ORIGINAL.jpg"	"268629"	"2fe0230651257eebf850908ed6ff9d5f85a66122"
"Boba Fett Grin back B&W.jpg"	"images/Sketches/grins/Boba Fett Grin back B&W.jpg"	"https://github.com/ronenglish-archive/ron-english-sketches-grins/blob/main/images/Sketches/grins/Boba%20Fett%20Grin%20back%20B&W.jpg"	"232517"	"047b88a4c4761b76f295da6f1fa880bb7dd1ee65"
"Boba Fett Grin back COLOR.jpg"	"images/Sketches/grins/Boba Fett Grin back COLOR.jpg"	"https://github.com/ronenglish-archive/ron-english-sketches-grins/blob/main/images/Sketches/grins/Boba%20Fett%20Grin%20back%20COLOR.jpg"	"209993"	"b10d40f6f924cfc9205f53690fbb38f79efca550"
"Boba Fett Grin back ORIGINAL.jpg"	"images/Sketches/grins/Boba Fett Grin back ORIGINAL.jpg"	"https://github.com/ronenglish-archive/ron-english-sketches-grins/blob/main/images/Sketches/grins/Boba%20Fett%20Grin%20back%20ORIGINAL.jpg"	"200342"	"a2070d6f1354f81abf127762a23219e55496fc2d"
"Boba Fett Grin face B&W.jpg"	"images/Sketches/grins/Boba Fett Grin face B&W.jpg"	"https://github.com/ronenglish-archive/ron-english-sketches-grins/blob/main/images/Sketches/grins/Boba%20Fett%20Grin%20face%20B&W.jpg"	"245643"	"cef89dd066e343ff22c00da416dd1f25e4dc4f04"
"Boba Fett Grin face COLOR.jpg"	"images/Sketches/grins/Boba Fett Grin face COLOR.jpg"	"https://github.com/ronenglish-archive/ron-english-sketches-grins/blob/main/images/Sketches/grins/Boba%20Fett%20Grin%20face%20COLOR.jpg"	"249517"	"9df0925d86f95c2db1677c1026ba2423615102d1"
"Boba Fett Grin face ORIGINAL.jpg"	"images/Sketches/grins/Boba Fett Grin face ORIGINAL.jpg"	"https://github.com/ronenglish-archive/ron-english-sketches-grins/blob/main/images/Sketches/grins/Boba%20Fett%20Grin%20face%20ORIGINAL.jpg"	"212933"	"789ee6f28ec61153aeb043345a714573ae8367fe"
"Boba Fett Grin front B&W.jpg"	"images/Sketches/grins/Boba Fett Grin front B&W.jpg"	"https://github.com/ronenglish-archive/ron-english-sketches-grins/blob/main/images/Sketches/grins/Boba%20Fett%20Grin%20front%20B&W.jpg"	"208953"	"0b48d99d70c020501e4cca3ff229e7c0a70a7494"
"Boba Fett Grin front COLOR.jpg"	"images/Sketches/grins/Boba Fett Grin front COLOR.jpg"	"https://github.com/ronenglish-archive/ron-english-sketches-grins/blob/main/images/Sketches/grins/Boba%20Fett%20Grin%20front%20COLOR.jpg"	"202980"	"feb7f7d630189d7c2946fd0472c6555f180d51b4"
"Boba Fett Grin front ORIGINAL.jpg"	"images/Sketches/grins/Boba Fett Grin front ORIGINAL.jpg"	"https://github.com/ronenglish-archive/ron-english-sketches-grins/blob/main/images/Sketches/grins/Boba%20Fett%20Grin%20front%20ORIGINAL.jpg"	"182262"	"ed741374b0e9a7b91e7e908b73d1e53a2c3c3709"
"Boba Fett Grin side B&W.jpg"	"images/Sketches/grins/Boba Fett Grin side B&W.jpg"	"https://github.com/ronenglish-archive/ron-english-sketches-grins/blob/main/images/Sketches/grins/Boba%20Fett%20Grin%20side%20B&W.jpg"	"235767"	"37fa280ec7dd46cd1f9c355139bca846e42177ed"
"Boba Fett Grin side COLOR.jpg"	"images/Sketches/grins/Boba Fett Grin side COLOR.jpg"	"https://github.com/ronenglish-archive/ron-english-sketches-grins/blob/main/images/Sketches/grins/Boba%20Fett%20Grin%20side%20COLOR.jpg"	"200431"	"9ce47fdc70dde83171f7c1179fa9d98afa6d04d7"
"Boba Fett Grin side ORIGINAL.jpg"	"images/Sketches/grins/Boba Fett Grin side ORIGINAL.jpg"	"https://github.com/ronenglish-archive/ron-english-sketches-grins/blob/main/images/Sketches/grins/Boba%20Fett%20Grin%20side%20ORIGINAL.jpg"	"204007"	"6f13af039406079960cc0b1a2d1e8ef9f7a02e5d"
"Boo Boo Bear Grin B&W.jpg"	"images/Sketches/grins/Boo Boo Bear Grin B&W.jpg"	"https://github.com/ronenglish-archive/ron-english-sketches-grins/blob/main/images/Sketches/grins/Boo%20Boo%20Bear%20Grin%20B&W.jpg"	"224023"	"de788e6abd144547eabab4a1dfd2d403c6f5366d"
"Boo Boo Bear Grin COLOR.jpg"	"images/Sketches/grins/Boo Boo Bear Grin COLOR.jpg"	"https://github.com/ronenglish-archive/ron-english-sketches-grins/blob/main/images/Sketches/grins/Boo%20Boo%20Bear%20Grin%20COLOR.jpg"	"234543"	"14f704f86949d6dbf308d0dd491f39ff4c1036d9"
"Boo Boo Bear Grin ORIGINAL.jpg"	"images/Sketches/grins/Boo Boo Bear Grin ORIGINAL.jpg"	"https://github.com/ronenglish-archive/ron-english-sketches-grins/blob/main/images/Sketches/grins/Boo%20Boo%20Bear%20Grin%20ORIGINAL.jpg"	"391444"	"6c6530be8fc9383fb68378944b8e53c6f1bae7bd"
"Bored Ape Cowboy Grin COLOR.jpg"	"images/Sketches/grins/Bored Ape Cowboy Grin COLOR.jpg"	"https://github.com/ronenglish-archive/ron-english-sketches-grins/blob/main/images/Sketches/grins/Bored%20Ape%20Cowboy%20Grin%20COLOR.jpg"	"218011"	"4a64398a7b708a85610c840560c83592faf1bdfb"
"B-Rex Grin front ORIGINAL.jpg"	"images/Sketches/grins/B-Rex Grin front ORIGINAL.jpg"	"https://github.com/ronenglish-archive/ron-english-sketches-grins/blob/main/images/Sketches/grins/B-Rex%20Grin%20front%20ORIGINAL.jpg"	"223766"	"05f938e338b7d87d74b0b40ff1c2402d0b2c1b35"
"B-Rex Grin ORIGINAL COLOR.jpg"	"images/Sketches/grins/B-Rex Grin ORIGINAL COLOR.jpg"	"https://github.com/ronenglish-archive/ron-english-sketches-grins/blob/main/images/Sketches/grins/B-Rex%20Grin%20ORIGINAL%20COLOR.jpg"	"165489"	"7cefa5a88a397c8926d532fef8207abde810a2a0"
"B-Rex Grin side B&W.jpg"	"images/Sketches/grins/B-Rex Grin side B&W.jpg"	"https://github.com/ronenglish-archive/ron-english-sketches-grins/blob/main/images/Sketches/grins/B-Rex%20Grin%20side%20B&W.jpg"	"185141"	"a60178cf101a9d4d4b61f75acc27bcb42c3ce4d4"
"B-Rex Grin side COLOR 1.jpg"	"images/Sketches/grins/B-Rex Grin side COLOR 1.jpg"	"https://github.com/ronenglish-archive/ron-english-sketches-grins/blob/main/images/Sketches/grins/B-Rex%20Grin%20side%20COLOR%201.jpg"	"196993"	"4390dc581395146414c318ab05f4cb2c154f78f6"
"B-Rex Grin side COLOR 2.jpg"	"images/Sketches/grins/B-Rex Grin side COLOR 2.jpg"	"https://github.com/ronenglish-archive/ron-english-sketches-grins/blob/main/images/Sketches/grins/B-Rex%20Grin%20side%20COLOR%202.jpg"	"205969"	"e4491ca2d648f1c5a9ef3bb41f19f0338cd416c9"
"B-Rex Grin side ORIGINAL COLOR  1.jpg"	"images/Sketches/grins/B-Rex Grin side ORIGINAL COLOR  1.jpg"	"https://github.com/ronenglish-archive/ron-english-sketches-grins/blob/main/images/Sketches/grins/B-Rex%20Grin%20side%20ORIGINAL%20COLOR%20%201.jpg"	"215924"	"27278502045f7f0bf0fc7dd2208ff6299b0fe283"
"B-Rex Grin side ORIGINAL COLOR 2.jpg"	"images/Sketches/grins/B-Rex Grin side ORIGINAL COLOR 2.jpg"	"https://github.com/ronenglish-archive/ron-english-sketches-grins/blob/main/images/Sketches/grins/B-Rex%20Grin%20side%20ORIGINAL%20COLOR%202.jpg"	"373945"	"0a6e088e65f8f7f792debab3ba690edc7837519e"
"Bugs Grin B&W.jpg"	"images/Sketches/grins/Bugs Grin B&W.jpg"	"https://github.com/ronenglish-archive/ron-english-sketches-grins/blob/main/images/Sketches/grins/Bugs%20Grin%20B&W.jpg"	"311166"	"f2a1eaf61ecb0e0999a41f6e2ca386a0e7fc94ea"
"Bugs Grin COLOR.jpg"	"images/Sketches/grins/Bugs Grin COLOR.jpg"	"https://github.com/ronenglish-archive/ron-english-sketches-grins/blob/main/images/Sketches/grins/Bugs%20Grin%20COLOR.jpg"	"309716"	"bf0518fe02560fa00d38c54602a1e9b714582153"
"Bugs Grin ORIGINAL.jpg"	"images/Sketches/grins/Bugs Grin ORIGINAL.jpg"	"https://github.com/ronenglish-archive/ron-english-sketches-grins/blob/main/images/Sketches/grins/Bugs%20Grin%20ORIGINAL.jpg"	"140273"	"e5c86d7737b681c35b7e5fc5f77026b593317809"
"Bulldog Grin B&W.jpg"	"images/Sketches/grins/Bulldog Grin B&W.jpg"	"https://github.com/ronenglish-archive/ron-english-sketches-grins/blob/main/images/Sketches/grins/Bulldog%20Grin%20B&W.jpg"	"345817"	"9122f06c8d418585bdb98e2f9a2e6717aa9551b4"
"Bulldog Grin COLOR.jpg"	"images/Sketches/grins/Bulldog Grin COLOR.jpg"	"https://github.com/ronenglish-archive/ron-english-sketches-grins/blob/main/images/Sketches/grins/Bulldog%20Grin%20COLOR.jpg"	"251027"	"eb63d1e3f5995e12865b0d0aa94e562a98b87d4a"
"Businessman Grin B&W.jpg"	"images/Sketches/grins/Businessman Grin B&W.jpg"	"https://github.com/ronenglish-archive/ron-english-sketches-grins/blob/main/images/Sketches/grins/Businessman%20Grin%20B&W.jpg"	"260861"	"d622349f40a27586299b43f0ed6afa277ee244f3"
"Businessman grin back B&W.jpg"	"images/Sketches/grins/Businessman grin back B&W.jpg"	"https://github.com/ronenglish-archive/ron-english-sketches-grins/blob/main/images/Sketches/grins/Businessman%20grin%20back%20B&W.jpg"	"223550"	"280ca54fe6f6f988ed247450c51a3bb3de8d9451"
"Businessman grin back COLOR.jpg"	"images/Sketches/grins/Businessman grin back COLOR.jpg"	"https://github.com/ronenglish-archive/ron-english-sketches-grins/blob/main/images/Sketches/grins/Businessman%20grin%20back%20COLOR.jpg"	"206806"	"871e4fa47978ca28bc1d942d0f522d493154d6d7"
"Businessman grin back ORIGINAL.jpg"	"images/Sketches/grins/Businessman grin back ORIGINAL.jpg"	"https://github.com/ronenglish-archive/ron-english-sketches-grins/blob/main/images/Sketches/grins/Businessman%20grin%20back%20ORIGINAL.jpg"	"136683"	"f52a567a56174ec097c17dff696637368cf0a237"
"Businessman Grin COLOR.jpg"	"images/Sketches/grins/Businessman Grin COLOR.jpg"	"https://github.com/ronenglish-archive/ron-english-sketches-grins/blob/main/images/Sketches/grins/Businessman%20Grin%20COLOR.jpg"	"294289"	"c3c7f959d5e1272e7eeab7759dde3940f1ff4ead"
"Businessman grin left side B&W.jpg"	"images/Sketches/grins/Businessman grin left side B&W.jpg"	"https://github.com/ronenglish-archive/ron-english-sketches-grins/blob/main/images/Sketches/grins/Businessman%20grin%20left%20side%20B&W.jpg"	"232209"	"738e27c6bd4400a23382c61cbe775d2027777178"
"Businessman grin left side COLOR.jpg"	"images/Sketches/grins/Businessman grin left side COLOR.jpg"	"https://github.com/ronenglish-archive/ron-english-sketches-grins/blob/main/images/Sketches/grins/Businessman%20grin%20left%20side%20COLOR.jpg"	"240648"	"82ba918318e3f2e73d6f40ae853f074853e2fde3"
"Businessman grin left side ORIGINAL.jpg"	"images/Sketches/grins/Businessman grin left side ORIGINAL.jpg"	"https://github.com/ronenglish-archive/ron-english-sketches-grins/blob/main/images/Sketches/grins/Businessman%20grin%20left%20side%20ORIGINAL.jpg"	"138248"	"a2a63b8c5b0076f0d415f2a4daf8649cf4eba404"
"Businessman Grin ORIGINAL.jpg"	"images/Sketches/grins/Businessman Grin ORIGINAL.jpg"	"https://github.com/ronenglish-archive/ron-english-sketches-grins/blob/main/images/Sketches/grins/Businessman%20Grin%20ORIGINAL.jpg"	"304842"	"5d2b3edc54ed84f4bdeb41aea3211f4607349722"
"Businessman grin right side B&W.jpg"	"images/Sketches/grins/Businessman grin right side B&W.jpg"	"https://github.com/ronenglish-archive/ron-english-sketches-grins/blob/main/images/Sketches/grins/Businessman%20grin%20right%20side%20B&W.jpg"	"209350"	"1e70b237e944f4e59cd9db3b7aa94da60a562c2b"
"Businessman grin right side COLOR.jpg"	"images/Sketches/grins/Businessman grin right side COLOR.jpg"	"https://github.com/ronenglish-archive/ron-english-sketches-grins/blob/main/images/Sketches/grins/Businessman%20grin%20right%20side%20COLOR.jpg"	"225733"	"d2a39fe07160d00443fde49de2e747eca7b8bfe4"
"Businessman grin right side ORIGINAL.jpg"	"images/Sketches/grins/Businessman grin right side ORIGINAL.jpg"	"https://github.com/ronenglish-archive/ron-english-sketches-grins/blob/main/images/Sketches/grins/Businessman%20grin%20right%20side%20ORIGINAL.jpg"	"132875"	"ea061949e77e3957659477696d6775a22b40c82c"
"Butterfly Wings Grin 1.png"	"images/Sketches/grins/Butterfly Wings Grin 1.png"	"https://github.com/ronenglish-archive/ron-english-sketches-grins/blob/main/images/Sketches/grins/Butterfly%20Wings%20Grin%201.png"	"160350"	"532b309e348a140057b9c30d92786c2a91cac17b"
"Butterfly Wings Grin 2.png"	"images/Sketches/grins/Butterfly Wings Grin 2.png"	"https://github.com/ronenglish-archive/ron-english-sketches-grins/blob/main/images/Sketches/grins/Butterfly%20Wings%20Grin%202.png"	"145888"	"6b6084de6e2f52e12824e652dbc8c0a6b8484c75"
"C3PO Grin B&W.jpg"	"images/Sketches/grins/C3PO Grin B&W.jpg"	"https://github.com/ronenglish-archive/ron-english-sketches-grins/blob/main/images/Sketches/grins/C3PO%20Grin%20B&W.jpg"	"254411"	"4d0d34063ba67c62ef74e85dc2a58d3918fe3020"
"C3PO Grin COLOR.jpg"	"images/Sketches/grins/C3PO Grin COLOR.jpg"	"https://github.com/ronenglish-archive/ron-english-sketches-grins/blob/main/images/Sketches/grins/C3PO%20Grin%20COLOR.jpg"	"148491"	"605af88a33be2134ccaaa62b26ac66d04cc76e66"
"Cafeteria Lady Grin B&W.jpg"	"images/Sketches/grins/Cafeteria Lady Grin B&W.jpg"	"https://github.com/ronenglish-archive/ron-english-sketches-grins/blob/main/images/Sketches/grins/Cafeteria%20Lady%20Grin%20B&W.jpg"	"102504"	"301528073c48062ce452b3596b30e5e1713e4b33"
"Cafeteria Lady Grin COLOR.jpg"	"images/Sketches/grins/Cafeteria Lady Grin COLOR.jpg"	"https://github.com/ronenglish-archive/ron-english-sketches-grins/blob/main/images/Sketches/grins/Cafeteria%20Lady%20Grin%20COLOR.jpg"	"108366"	"96b4108bdf30eae19ac9cdc6c0a357f71a01a5f2"
"Cafeteria Lady Grin ORIGINAL.jpg"	"images/Sketches/grins/Cafeteria Lady Grin ORIGINAL.jpg"	"https://github.com/ronenglish-archive/ron-english-sketches-grins/blob/main/images/Sketches/grins/Cafeteria%20Lady%20Grin%20ORIGINAL.jpg"	"180083"	"d5deeee2971b32ad3140188fab5187a01424ccb9"
"Cap’n Cornstarch Grin B&W.jpg"	"images/Sketches/grins/Cap’n Cornstarch Grin B&W.jpg"	"https://github.com/ronenglish-archive/ron-english-sketches-grins/blob/main/images/Sketches/grins/Cap%E2%80%99n%20Cornstarch%20Grin%20B&W.jpg"	"228800"	"0409b7c8f20023ec4c7890fbcadb61a7101629e9"
"Cap’n Cornstarch Grin COLOR.jpg"	"images/Sketches/grins/Cap’n Cornstarch Grin COLOR.jpg"	"https://github.com/ronenglish-archive/ron-english-sketches-grins/blob/main/images/Sketches/grins/Cap%E2%80%99n%20Cornstarch%20Grin%20COLOR.jpg"	"223933"	"920527f4c715e925e73c67bce3278408db0d1bc2"
"Cap’n Cornstarch Grin ORIGINAL.jpg"	"images/Sketches/grins/Cap’n Cornstarch Grin ORIGINAL.jpg"	"https://github.com/ronenglish-archive/ron-english-sketches-grins/blob/main/images/Sketches/grins/Cap%E2%80%99n%20Cornstarch%20Grin%20ORIGINAL.jpg"	"274483"	"d2ad4b6118584383dd91240c01ccc2cf17a06b99"
"Carmelo Grin B&W.jpg"	"images/Sketches/grins/Carmelo Grin B&W.jpg"	"https://github.com/ronenglish-archive/ron-english-sketches-grins/blob/main/images/Sketches/grins/Carmelo%20Grin%20B&W.jpg"	"182275"	"cba0c7cb823f74f0957c94be85b8f17b6f2e39b4"
"Carmelo Grin COLOR.jpg"	"images/Sketches/grins/Carmelo Grin COLOR.jpg"	"https://github.com/ronenglish-archive/ron-english-sketches-grins/blob/main/images/Sketches/grins/Carmelo%20Grin%20COLOR.jpg"	"234147"	"51f766957d813f5f917e320217ece660ad870426"
"Carmelo Grin ORIGINAL.jpg"	"images/Sketches/grins/Carmelo Grin ORIGINAL.jpg"	"https://github.com/ronenglish-archive/ron-english-sketches-grins/blob/main/images/Sketches/grins/Carmelo%20Grin%20ORIGINAL.jpg"	"220985"	"62fd555887e377873960274855dca1bcb3126948"
"Carousel Grinnie back B&W.jpg"	"images/Sketches/grins/Carousel Grinnie back B&W.jpg"	"https://github.com/ronenglish-archive/ron-english-sketches-grins/blob/main/images/Sketches/grins/Carousel%20Grinnie%20back%20B&W.jpg"	"58344"	"4f9f12f1873e7aae663a6aabf129a7710807acae"
"Carousel Grinnie back COLOR.jpg"	"images/Sketches/grins/Carousel Grinnie back COLOR.jpg"	"https://github.com/ronenglish-archive/ron-english-sketches-grins/blob/main/images/Sketches/grins/Carousel%20Grinnie%20back%20COLOR.jpg"	"99165"	"552c9be8197305cb38a3b044f9d46be30bccb402"
"Carousel Grinnie back ORIGINAL.jpg"	"images/Sketches/grins/Carousel Grinnie back ORIGINAL.jpg"	"https://github.com/ronenglish-archive/ron-english-sketches-grins/blob/main/images/Sketches/grins/Carousel%20Grinnie%20back%20ORIGINAL.jpg"	"219894"	"b168b02a62b33c8daab4da4c90a64a4ae9b9348d"
"Carousel Grinnie front B&W.jpg"	"images/Sketches/grins/Carousel Grinnie front B&W.jpg"	"https://github.com/ronenglish-archive/ron-english-sketches-grins/blob/main/images/Sketches/grins/Carousel%20Grinnie%20front%20B&W.jpg"	"97871"	"b6dc5d20516aeb97522133df00f5361320111a91"
"Carousel Grinnie front COLOR.jpg"	"images/Sketches/grins/Carousel Grinnie front COLOR.jpg"	"https://github.com/ronenglish-archive/ron-english-sketches-grins/blob/main/images/Sketches/grins/Carousel%20Grinnie%20front%20COLOR.jpg"	"282285"	"9471a2a2a36705da8a0011acc11b42572aa8d6ed"
"Carousel Grinnie front ORIGINAL.jpg"	"images/Sketches/grins/Carousel Grinnie front ORIGINAL.jpg"	"https://github.com/ronenglish-archive/ron-english-sketches-grins/blob/main/images/Sketches/grins/Carousel%20Grinnie%20front%20ORIGINAL.jpg"	"268304"	"b6e0fdefcd6aa1fe894a856bafdcaf84b87c1ea4"
"Carousel Grinnie side B&W.jpg"	"images/Sketches/grins/Carousel Grinnie side B&W.jpg"	"https://github.com/ronenglish-archive/ron-english-sketches-grins/blob/main/images/Sketches/grins/Carousel%20Grinnie%20side%20B&W.jpg"	"149502"	"4084cd5e00b406d7cb5bff4b4e560ad9c6f45517"
"Carousel Grinnie side COLOR.jpg"	"images/Sketches/grins/Carousel Grinnie side COLOR.jpg"	"https://github.com/ronenglish-archive/ron-english-sketches-grins/blob/main/images/Sketches/grins/Carousel%20Grinnie%20side%20COLOR.jpg"	"212760"	"683d1a04b6268e3ae4105605b1bc39ab578ab01d"
"Carousel Grinnie side ORIGINAL.jpg"	"images/Sketches/grins/Carousel Grinnie side ORIGINAL.jpg"	"https://github.com/ronenglish-archive/ron-english-sketches-grins/blob/main/images/Sketches/grins/Carousel%20Grinnie%20side%20ORIGINAL.jpg"	"248263"	"3c77df147fa0f4930be652d20cebf68f0fecee7f"
"Cartman Grin B&W.jpg"	"images/Sketches/grins/Cartman Grin B&W.jpg"	"https://github.com/ronenglish-archive/ron-english-sketches-grins/blob/main/images/Sketches/grins/Cartman%20Grin%20B&W.jpg"	"282718"	"415f89d882b86ad399d8071ad0bd9cb2812402fd"
"Cartman Grin card.jpg"	"images/Sketches/grins/Cartman Grin card.jpg"	"https://github.com/ronenglish-archive/ron-english-sketches-grins/blob/main/images/Sketches/grins/Cartman%20Grin%20card.jpg"	"190048"	"75fdca73a0acbfe14bf99253ea142de0c14e672d"
"Cartman Grin COLOR.jpg"	"images/Sketches/grins/Cartman Grin COLOR.jpg"	"https://github.com/ronenglish-archive/ron-english-sketches-grins/blob/main/images/Sketches/grins/Cartman%20Grin%20COLOR.jpg"	"231076"	"8005297d6d337b4e0e591321eb714e3589049276"
"Cartman Grin colorway 2.jpg"	"images/Sketches/grins/Cartman Grin colorway 2.jpg"	"https://github.com/ronenglish-archive/ron-english-sketches-grins/blob/main/images/Sketches/grins/Cartman%20Grin%20colorway%202.jpg"	"225351"	"552d37b5db0bac1bd16c369fe4980d3e67316abc"
"Cartman Grin colorway 3.jpg"	"images/Sketches/grins/Cartman Grin colorway 3.jpg"	"https://github.com/ronenglish-archive/ron-english-sketches-grins/blob/main/images/Sketches/grins/Cartman%20Grin%20colorway%203.jpg"	"236019"	"0c05f4c323bf75c812765fc810820a53a8b969fb"
"Cartman Grin colorway 4.jpg"	"images/Sketches/grins/Cartman Grin colorway 4.jpg"	"https://github.com/ronenglish-archive/ron-english-sketches-grins/blob/main/images/Sketches/grins/Cartman%20Grin%20colorway%204.jpg"	"241060"	"a9ab195538caf5d7e598cedb0d81d3cc66afef93"
"Cartman Grin colorway 5.jpg"	"images/Sketches/grins/Cartman Grin colorway 5.jpg"	"https://github.com/ronenglish-archive/ron-english-sketches-grins/blob/main/images/Sketches/grins/Cartman%20Grin%20colorway%205.jpg"	"264623"	"53333b602776fb9ffa2290147d80582ef9906507"
"Cartman Grin ORIGINAL.jpg"	"images/Sketches/grins/Cartman Grin ORIGINAL.jpg"	"https://github.com/ronenglish-archive/ron-english-sketches-grins/blob/main/images/Sketches/grins/Cartman%20Grin%20ORIGINAL.jpg"	"298320"	"ecbc38ffb618da0968477200bff9060d26646120"
"Cat Grin 1 B&W.jpg"	"images/Sketches/grins/Cat Grin 1 B&W.jpg"	"https://github.com/ronenglish-archive/ron-english-sketches-grins/blob/main/images/Sketches/grins/Cat%20Grin%201%20B&W.jpg"	"243852"	"7de8569e6f9bdd86381ffaa86658559d1c7af1c1"
"Cat Grin 1 card.png"	"images/Sketches/grins/Cat Grin 1 card.png"	"https://github.com/ronenglish-archive/ron-english-sketches-grins/blob/main/images/Sketches/grins/Cat%20Grin%201%20card.png"	"293346"	"04ab5ee73adb72189cfbbf3f5521f9e0d2b2bb0b"
"Cat Grin 1 COLOR.jpg"	"images/Sketches/grins/Cat Grin 1 COLOR.jpg"	"https://github.com/ronenglish-archive/ron-english-sketches-grins/blob/main/images/Sketches/grins/Cat%20Grin%201%20COLOR.jpg"	"241560"	"a392cc5c861f506df952604a1545a5de2e1376e6"
"Cat Grin 2 B&W.jpg"	"images/Sketches/grins/Cat Grin 2 B&W.jpg"	"https://github.com/ronenglish-archive/ron-english-sketches-grins/blob/main/images/Sketches/grins/Cat%20Grin%202%20B&W.jpg"	"217448"	"ca95fab4ecf071229d541ce3a812da8fc93826e9"
"Cat Grin 2 COLOR.jpg"	"images/Sketches/grins/Cat Grin 2 COLOR.jpg"	"https://github.com/ronenglish-archive/ron-english-sketches-grins/blob/main/images/Sketches/grins/Cat%20Grin%202%20COLOR.jpg"	"231379"	"34c601ce5013c22d05c3c10e64746d845a5571a3"
"Cat Grin 2 ORIGINAL 2.jpg"	"images/Sketches/grins/Cat Grin 2 ORIGINAL 2.jpg"	"https://github.com/ronenglish-archive/ron-english-sketches-grins/blob/main/images/Sketches/grins/Cat%20Grin%202%20ORIGINAL%202.jpg"	"180882"	"047bfa63b6563c768d8871f9170a2439f2e16f4d"
"Cat Grin card.jpg"	"images/Sketches/grins/Cat Grin card.jpg"	"https://github.com/ronenglish-archive/ron-english-sketches-grins/blob/main/images/Sketches/grins/Cat%20Grin%20card.jpg"	"228938"	"dd2e6ab1ad95d285ce79e5be1ac0673613a69bba"
"Cat in Hat Grin B&W.jpg"	"images/Sketches/grins/Cat in Hat Grin B&W.jpg"	"https://github.com/ronenglish-archive/ron-english-sketches-grins/blob/main/images/Sketches/grins/Cat%20in%20Hat%20Grin%20B&W.jpg"	"188240"	"f4dd799989e2242e0705e6259ba0b2f081238967"
"Cat in Hat Grin COLOR.jpg"	"images/Sketches/grins/Cat in Hat Grin COLOR.jpg"	"https://github.com/ronenglish-archive/ron-english-sketches-grins/blob/main/images/Sketches/grins/Cat%20in%20Hat%20Grin%20COLOR.jpg"	"195410"	"34fa7cd99538287396330f72ee903e897156fc84"
"Cat in Hat Grin ORIGINAL.jpg"	"images/Sketches/grins/Cat in Hat Grin ORIGINAL.jpg"	"https://github.com/ronenglish-archive/ron-english-sketches-grins/blob/main/images/Sketches/grins/Cat%20in%20Hat%20Grin%20ORIGINAL.jpg"	"179328"	"01371349f80b45a33a74fba354ecba78999b5696"
"Catbrain Grin ORIGINAL.jpg"	"images/Sketches/grins/Catbrain Grin ORIGINAL.jpg"	"https://github.com/ronenglish-archive/ron-english-sketches-grins/blob/main/images/Sketches/grins/Catbrain%20Grin%20ORIGINAL.jpg"	"378647"	"f3b4f6bb5e712d4b64d8687dcd856c38fe1442bf"
"Charlie Brown Grin back ORIGINAL.jpg"	"images/Sketches/grins/Charlie Brown Grin back ORIGINAL.jpg"	"https://github.com/ronenglish-archive/ron-english-sketches-grins/blob/main/images/Sketches/grins/Charlie%20Brown%20Grin%20back%20ORIGINAL.jpg"	"89223"	"cd45bfa2e0c9659a9a3900b2073ba2eb666ba464"
"Charlie Brown Grin left side ORIGINAL.jpg"	"images/Sketches/grins/Charlie Brown Grin left side ORIGINAL.jpg"	"https://github.com/ronenglish-archive/ron-english-sketches-grins/blob/main/images/Sketches/grins/Charlie%20Brown%20Grin%20left%20side%20ORIGINAL.jpg"	"274111"	"2f2a38420c2a0cb575957de7a138cd6324be4499"
"Charlie Brown Grin right side ORIGINAL.jpg"	"images/Sketches/grins/Charlie Brown Grin right side ORIGINAL.jpg"	"https://github.com/ronenglish-archive/ron-english-sketches-grins/blob/main/images/Sketches/grins/Charlie%20Brown%20Grin%20right%20side%20ORIGINAL.jpg"	"165052"	"8e2b27baaf9fa16d7a5d19242e796a8590100bb8"
"Charlie Grin Flying B&W.jpg"	"images/Sketches/grins/Charlie Grin Flying B&W.jpg"	"https://github.com/ronenglish-archive/ron-english-sketches-grins/blob/main/images/Sketches/grins/Charlie%20Grin%20Flying%20B&W.jpg"	"267611"	"0b137815008b09bc2e6c500664cb44d094729c13"
"Charlie Grin Flying COLOR.jpg"	"images/Sketches/grins/Charlie Grin Flying COLOR.jpg"	"https://github.com/ronenglish-archive/ron-english-sketches-grins/blob/main/images/Sketches/grins/Charlie%20Grin%20Flying%20COLOR.jpg"	"220843"	"b49a6a998f1c18b469acb3b4a83b484879959bda"
"Charlie Grin Flying ORIGINAL.jpg"	"images/Sketches/grins/Charlie Grin Flying ORIGINAL.jpg"	"https://github.com/ronenglish-archive/ron-english-sketches-grins/blob/main/images/Sketches/grins/Charlie%20Grin%20Flying%20ORIGINAL.jpg"	"359612"	"6e05432ecec380264be462ab7104ec2a1fd63cda"
"Charlie Grin X Ray B&W.jpg"	"images/Sketches/grins/Charlie Grin X Ray B&W.jpg"	"https://github.com/ronenglish-archive/ron-english-sketches-grins/blob/main/images/Sketches/grins/Charlie%20Grin%20X%20Ray%20B&W.jpg"	"189119"	"28646cb0da0788630856b2263849632d0ff01e71"
"Charlie Grin X Ray COLOR.jpg"	"images/Sketches/grins/Charlie Grin X Ray COLOR.jpg"	"https://github.com/ronenglish-archive/ron-english-sketches-grins/blob/main/images/Sketches/grins/Charlie%20Grin%20X%20Ray%20COLOR.jpg"	"234153"	"e58859a9adb55f81b30d122d7a3abaaf8e454579"
"Charlie Grin X Ray ORIGINAL.jpg"	"images/Sketches/grins/Charlie Grin X Ray ORIGINAL.jpg"	"https://github.com/ronenglish-archive/ron-english-sketches-grins/blob/main/images/Sketches/grins/Charlie%20Grin%20X%20Ray%20ORIGINAL.jpg"	"276622"	"d70bed40e230489cab0c1d7ddee483b86a08ef45"
"Charlie Grin X-Ray ORIGINAL COLOR.jpg"	"images/Sketches/grins/Charlie Grin X-Ray ORIGINAL COLOR.jpg"	"https://github.com/ronenglish-archive/ron-english-sketches-grins/blob/main/images/Sketches/grins/Charlie%20Grin%20X-Ray%20ORIGINAL%20COLOR.jpg"	"209457"	"74252f14c2a964c15d960a8e709dff9f91a45256"
"Cheshire Cat Grin B&W.jpg"	"images/Sketches/grins/Cheshire Cat Grin B&W.jpg"	"https://github.com/ronenglish-archive/ron-english-sketches-grins/blob/main/images/Sketches/grins/Cheshire%20Cat%20Grin%20B&W.jpg"	"312300"	"393444795b439be6bd5fe7ba5c2ebb2f5d314549"
"Cheshire Cat Grin COLOR.jpg"	"images/Sketches/grins/Cheshire Cat Grin COLOR.jpg"	"https://github.com/ronenglish-archive/ron-english-sketches-grins/blob/main/images/Sketches/grins/Cheshire%20Cat%20Grin%20COLOR.jpg"	"279936"	"3cea41a172568ca5d99d8395cd9c4cc141975491"
"Cheshire Cat Grin ORIGINAL.jpg"	"images/Sketches/grins/Cheshire Cat Grin ORIGINAL.jpg"	"https://github.com/ronenglish-archive/ron-english-sketches-grins/blob/main/images/Sketches/grins/Cheshire%20Cat%20Grin%20ORIGINAL.jpg"	"283739"	"6e530ed0bd82145571cab2990645b731ef5b23db"
"Chico Roco back B&W.jpg"	"images/Sketches/grins/Chico Roco back B&W.jpg"	"https://github.com/ronenglish-archive/ron-english-sketches-grins/blob/main/images/Sketches/grins/Chico%20Roco%20back%20B&W.jpg"	"146244"	"8fb6e724096f0e829a8e220572bf21294ed6b229"
"Chico Roco back ORIGINAL.jpg"	"images/Sketches/grins/Chico Roco back ORIGINAL.jpg"	"https://github.com/ronenglish-archive/ron-english-sketches-grins/blob/main/images/Sketches/grins/Chico%20Roco%20back%20ORIGINAL.jpg"	"155424"	"4e4fec0ca5062b77636c7a3fcbf498e1d466fca2"
"Chico Roco bottom B&W.jpg"	"images/Sketches/grins/Chico Roco bottom B&W.jpg"	"https://github.com/ronenglish-archive/ron-english-sketches-grins/blob/main/images/Sketches/grins/Chico%20Roco%20bottom%20B&W.jpg"	"177291"	"68699a385574630f1e4ffe725976ce45c2862a44"
"Chico Roco bottom ORIGINAL.jpg"	"images/Sketches/grins/Chico Roco bottom ORIGINAL.jpg"	"https://github.com/ronenglish-archive/ron-english-sketches-grins/blob/main/images/Sketches/grins/Chico%20Roco%20bottom%20ORIGINAL.jpg"	"180270"	"8e0565f139a87217f5d39493ca12c069473ea31e"
"Chico Roco front ORIGINAL.jpg"	"images/Sketches/grins/Chico Roco front ORIGINAL.jpg"	"https://github.com/ronenglish-archive/ron-english-sketches-grins/blob/main/images/Sketches/grins/Chico%20Roco%20front%20ORIGINAL.jpg"	"179231"	"9a303e2d499289033b239f7d54de4aa7a81d0c44"
"Chico Roco front Variation B&W.jpg"	"images/Sketches/grins/Chico Roco front Variation B&W.jpg"	"https://github.com/ronenglish-archive/ron-english-sketches-grins/blob/main/images/Sketches/grins/Chico%20Roco%20front%20Variation%20B&W.jpg"	"186488"	"c080ce394f405df58e8e0f26e9852116a86e8339"
"Chico Roco left side B&W.jpg"	"images/Sketches/grins/Chico Roco left side B&W.jpg"	"https://github.com/ronenglish-archive/ron-english-sketches-grins/blob/main/images/Sketches/grins/Chico%20Roco%20left%20side%20B&W.jpg"	"121877"	"5d8002586223a7ffcb3cf928d202dbd9ce580f82"
"Chico Roco left side ORIGINAL.jpg"	"images/Sketches/grins/Chico Roco left side ORIGINAL.jpg"	"https://github.com/ronenglish-archive/ron-english-sketches-grins/blob/main/images/Sketches/grins/Chico%20Roco%20left%20side%20ORIGINAL.jpg"	"174621"	"70abe4bd063dafd6e88dba9b07921678254c3843"
"Chico Roco left side Variation B&W.jpg"	"images/Sketches/grins/Chico Roco left side Variation B&W.jpg"	"https://github.com/ronenglish-archive/ron-english-sketches-grins/blob/main/images/Sketches/grins/Chico%20Roco%20left%20side%20Variation%20B&W.jpg"	"142113"	"57482513113e60f74f4a24acb1c2357fa65c3304"
"Chico Roco right side Variation B&W.jpg"	"images/Sketches/grins/Chico Roco right side Variation B&W.jpg"	"https://github.com/ronenglish-archive/ron-english-sketches-grins/blob/main/images/Sketches/grins/Chico%20Roco%20right%20side%20Variation%20B&W.jpg"	"151306"	"8160358a0e1f6b85194845915e93c4bc500dae72"
"Chico Roco telephone.jpg"	"images/Sketches/grins/Chico Roco telephone.jpg"	"https://github.com/ronenglish-archive/ron-english-sketches-grins/blob/main/images/Sketches/grins/Chico%20Roco%20telephone.jpg"	"107706"	"4ea5634cf6d21ee849859636941da0da68d19bcf"
"Chico Roco top B&W.jpg"	"images/Sketches/grins/Chico Roco top B&W.jpg"	"https://github.com/ronenglish-archive/ron-english-sketches-grins/blob/main/images/Sketches/grins/Chico%20Roco%20top%20B&W.jpg"	"151749"	"d98b55e5b00194e6d9df6ec21672841d028a4adb"
"Chico Roco top ORIGINAL.jpg"	"images/Sketches/grins/Chico Roco top ORIGINAL.jpg"	"https://github.com/ronenglish-archive/ron-english-sketches-grins/blob/main/images/Sketches/grins/Chico%20Roco%20top%20ORIGINAL.jpg"	"177083"	"0ed7ad63d69f63741b9b826330c1877d1a000573"
"Chico Roco.jpg"	"images/Sketches/grins/Chico Roco.jpg"	"https://github.com/ronenglish-archive/ron-english-sketches-grins/blob/main/images/Sketches/grins/Chico%20Roco.jpg"	"128191"	"d40712df5cfd05a950b7d0fd8759e65630e7d02c"
"Chuckie Grin ORIGINAL COLOR.jpg"	"images/Sketches/grins/Chuckie Grin ORIGINAL COLOR.jpg"	"https://github.com/ronenglish-archive/ron-english-sketches-grins/blob/main/images/Sketches/grins/Chuckie%20Grin%20ORIGINAL%20COLOR.jpg"	"603538"	"5284c110d24b63764f7ec09cb981ae151f3d1ed8"
"Chuckie Grin ORIGINAL.jpg"	"images/Sketches/grins/Chuckie Grin ORIGINAL.jpg"	"https://github.com/ronenglish-archive/ron-english-sketches-grins/blob/main/images/Sketches/grins/Chuckie%20Grin%20ORIGINAL.jpg"	"599741"	"1cd3bba96cf4cc5680f22d593a42c7278a12ed63"
"Count Calorie Grin B&W.jpg"	"images/Sketches/grins/Count Calorie Grin B&W.jpg"	"https://github.com/ronenglish-archive/ron-english-sketches-grins/blob/main/images/Sketches/grins/Count%20Calorie%20Grin%20B&W.jpg"	"205615"	"9f2be316255c06f32a64aebce63e8776ad04f8b0"
"Count Calorie Grin COLOR.jpg"	"images/Sketches/grins/Count Calorie Grin COLOR.jpg"	"https://github.com/ronenglish-archive/ron-english-sketches-grins/blob/main/images/Sketches/grins/Count%20Calorie%20Grin%20COLOR.jpg"	"207939"	"76992d3783b041f8d42c548e1c21fb6bf9a33475"
"Count Calorie Grin ORIGINAL.jpg"	"images/Sketches/grins/Count Calorie Grin ORIGINAL.jpg"	"https://github.com/ronenglish-archive/ron-english-sketches-grins/blob/main/images/Sketches/grins/Count%20Calorie%20Grin%20ORIGINAL.jpg"	"267302"	"45b48d838261b5ed66e5e3b1240c9f888eaef6e1"
"Courage Dog Grin B&W.jpg"	"images/Sketches/grins/Courage Dog Grin B&W.jpg"	"https://github.com/ronenglish-archive/ron-english-sketches-grins/blob/main/images/Sketches/grins/Courage%20Dog%20Grin%20B&W.jpg"	"239456"	"a15cfc49a1744b17fa59b67a1336b593ebfc56a4"
"Courage Dog Grin COLOR.jpg"	"images/Sketches/grins/Courage Dog Grin COLOR.jpg"	"https://github.com/ronenglish-archive/ron-english-sketches-grins/blob/main/images/Sketches/grins/Courage%20Dog%20Grin%20COLOR.jpg"	"253910"	"0f902638d063175a688c5fa3a8283c5d1ee4e4d8"
"Courage Dog Grin ORIGINAL.jpg"	"images/Sketches/grins/Courage Dog Grin ORIGINAL.jpg"	"https://github.com/ronenglish-archive/ron-english-sketches-grins/blob/main/images/Sketches/grins/Courage%20Dog%20Grin%20ORIGINAL.jpg"	"338624"	"433919b73958d2e66983a62c3ae4083ca271d2f5"
"COVID Grin B&W.jpg"	"images/Sketches/grins/COVID Grin B&W.jpg"	"https://github.com/ronenglish-archive/ron-english-sketches-grins/blob/main/images/Sketches/grins/COVID%20Grin%20B&W.jpg"	"201824"	"9276a3e567ffdad7202f656d57c8796092e6b4ea"
"COVID Grin card.jpg"	"images/Sketches/grins/COVID Grin card.jpg"	"https://github.com/ronenglish-archive/ron-english-sketches-grins/blob/main/images/Sketches/grins/COVID%20Grin%20card.jpg"	"680506"	"1aac8029d6a4a76c242f92263be117945684e5b6"
"COVID Grin COLOR.jpg"	"images/Sketches/grins/COVID Grin COLOR.jpg"	"https://github.com/ronenglish-archive/ron-english-sketches-grins/blob/main/images/Sketches/grins/COVID%20Grin%20COLOR.jpg"	"228497"	"8ba7ff434b8b3105b3df00c0eb4ba2c66cc82cd4"
"COVID Grin ORIGINAL.jpg"	"images/Sketches/grins/COVID Grin ORIGINAL.jpg"	"https://github.com/ronenglish-archive/ron-english-sketches-grins/blob/main/images/Sketches/grins/COVID%20Grin%20ORIGINAL.jpg"	"204802"	"0fca80c7d3ad17236b6ef3dec5a247897828b96f"
"Cow Grin B&W.jpg"	"images/Sketches/grins/Cow Grin B&W.jpg"	"https://github.com/ronenglish-archive/ron-english-sketches-grins/blob/main/images/Sketches/grins/Cow%20Grin%20B&W.jpg"	"243060"	"35639e76fbf3151a890041f70d837e0520e5eba9"
"Cow Grin COLOR.jpg"	"images/Sketches/grins/Cow Grin COLOR.jpg"	"https://github.com/ronenglish-archive/ron-english-sketches-grins/blob/main/images/Sketches/grins/Cow%20Grin%20COLOR.jpg"	"231903"	"3c3b50d747f1117e7417bf65307e1b79b4cab140"
"Cow Grin ORIGINAL.jpg"	"images/Sketches/grins/Cow Grin ORIGINAL.jpg"	"https://github.com/ronenglish-archive/ron-english-sketches-grins/blob/main/images/Sketches/grins/Cow%20Grin%20ORIGINAL.jpg"	"273313"	"0754286c2d6c787162acb91ac828e31facd1167b"
"Creepy Creature B&W.jpg"	"images/Sketches/grins/Creepy Creature B&W.jpg"	"https://github.com/ronenglish-archive/ron-english-sketches-grins/blob/main/images/Sketches/grins/Creepy%20Creature%20B&W.jpg"	"298200"	"7aaa92d34271b361fd9b09b1cc20d92b848f975c"
"Creepy Creature COLOR.jpg"	"images/Sketches/grins/Creepy Creature COLOR.jpg"	"https://github.com/ronenglish-archive/ron-english-sketches-grins/blob/main/images/Sketches/grins/Creepy%20Creature%20COLOR.jpg"	"355772"	"b8d1235a5e0d33f4a34ed978897e17133a287419"
"Creepy Creature ORIGINAL.jpg"	"images/Sketches/grins/Creepy Creature ORIGINAL.jpg"	"https://github.com/ronenglish-archive/ron-english-sketches-grins/blob/main/images/Sketches/grins/Creepy%20Creature%20ORIGINAL.jpg"	"204012"	"b70a22ffa3ae13b3d8104d596ff548d65c442670"
"Croc Grin B&W.jpg"	"images/Sketches/grins/Croc Grin B&W.jpg"	"https://github.com/ronenglish-archive/ron-english-sketches-grins/blob/main/images/Sketches/grins/Croc%20Grin%20B&W.jpg"	"257299"	"aceb3d6aa10836b3d53aa1337f6aafcc23419a05"
"Croc Grin COLOR.jpg"	"images/Sketches/grins/Croc Grin COLOR.jpg"	"https://github.com/ronenglish-archive/ron-english-sketches-grins/blob/main/images/Sketches/grins/Croc%20Grin%20COLOR.jpg"	"251444"	"2db377a4655f6236edb28172de5bbaa9ae91edd2"
"Croc Grin ORIGINAL.jpg"	"images/Sketches/grins/Croc Grin ORIGINAL.jpg"	"https://github.com/ronenglish-archive/ron-english-sketches-grins/blob/main/images/Sketches/grins/Croc%20Grin%20ORIGINAL.jpg"	"223835"	"213eb0f30af01a20b37a39d1ac5451049a988c55"
"Crossbones Crest Brooklyn Nets Grin 1.jpg"	"images/Sketches/grins/Crossbones Crest Brooklyn Nets Grin 1.jpg"	"https://github.com/ronenglish-archive/ron-english-sketches-grins/blob/main/images/Sketches/grins/Crossbones%20Crest%20Brooklyn%20Nets%20Grin%201.jpg"	"417622"	"cc54745126e86477540c93b1e6f19286d9e4cdcd"
"Crossbones Crest Brooklyn Nets Grin 2.jpg"	"images/Sketches/grins/Crossbones Crest Brooklyn Nets Grin 2.jpg"	"https://github.com/ronenglish-archive/ron-english-sketches-grins/blob/main/images/Sketches/grins/Crossbones%20Crest%20Brooklyn%20Nets%20Grin%202.jpg"	"377263"	"6dc0f9bed4ee82e4d09b6e612e1ffb1ae5054145"
"Cryptopunk Grin COLOR.png"	"images/Sketches/grins/Cryptopunk Grin COLOR.png"	"https://github.com/ronenglish-archive/ron-english-sketches-grins/blob/main/images/Sketches/grins/Cryptopunk%20Grin%20COLOR.png"	"249046"	"11cf16c77eea1434c798035ed3f9bcc23466e93d"
"Cutie Bear Grin ORIGINAL.jpg"	"images/Sketches/grins/Cutie Bear Grin ORIGINAL.jpg"	"https://github.com/ronenglish-archive/ron-english-sketches-grins/blob/main/images/Sketches/grins/Cutie%20Bear%20Grin%20ORIGINAL.jpg"	"213919"	"c4508d90b345fecece9fc56512b449b2e3129df5"
"Cutie Bunny Grin ORIGINAL.jpg"	"images/Sketches/grins/Cutie Bunny Grin ORIGINAL.jpg"	"https://github.com/ronenglish-archive/ron-english-sketches-grins/blob/main/images/Sketches/grins/Cutie%20Bunny%20Grin%20ORIGINAL.jpg"	"178495"	"529f31996601f56f5eb146c6ccc149bdd355a76e"
"Darth Grin ORIGINAL.jpg"	"images/Sketches/grins/Darth Grin ORIGINAL.jpg"	"https://github.com/ronenglish-archive/ron-english-sketches-grins/blob/main/images/Sketches/grins/Darth%20Grin%20ORIGINAL.jpg"	"282881"	"531af231f6e271c4db32f27a9d7fabe6bf39c83d"
"Darth Vader Grin B&W.png"	"images/Sketches/grins/Darth Vader Grin B&W.png"	"https://github.com/ronenglish-archive/ron-english-sketches-grins/blob/main/images/Sketches/grins/Darth%20Vader%20Grin%20B&W.png"	"99465"	"f51a18bfa3d4b78714e1c6c215b7067e94a130a2"
"Darth Vader Grin back ORIGINAL.jpg"	"images/Sketches/grins/Darth Vader Grin back ORIGINAL.jpg"	"https://github.com/ronenglish-archive/ron-english-sketches-grins/blob/main/images/Sketches/grins/Darth%20Vader%20Grin%20back%20ORIGINAL.jpg"	"134789"	"fe1f35182d3626c6b2a5eec45e6a26743dfc1aa0"
"Darth Vader Grin COLOR.png"	"images/Sketches/grins/Darth Vader Grin COLOR.png"	"https://github.com/ronenglish-archive/ron-english-sketches-grins/blob/main/images/Sketches/grins/Darth%20Vader%20Grin%20COLOR.png"	"162807"	"168d25d8d0c7732bb468405d14799253424cfc0f"
"Darth Vader Grin ORIGINAL.jpg"	"images/Sketches/grins/Darth Vader Grin ORIGINAL.jpg"	"https://github.com/ronenglish-archive/ron-english-sketches-grins/blob/main/images/Sketches/grins/Darth%20Vader%20Grin%20ORIGINAL.jpg"	"226091"	"d4b0cb3426dd01f483478c10f10de365f41a0065"
"Darth Vader Grin side B&W.jpg"	"images/Sketches/grins/Darth Vader Grin side B&W.jpg"	"https://github.com/ronenglish-archive/ron-english-sketches-grins/blob/main/images/Sketches/grins/Darth%20Vader%20Grin%20side%20B&W.jpg"	"360203"	"621c5f9055a6433a0df256cb9a8f9c2fe4bfb0ed"
"Darth Vader Grin side COLOR.jpg"	"images/Sketches/grins/Darth Vader Grin side COLOR.jpg"	"https://github.com/ronenglish-archive/ron-english-sketches-grins/blob/main/images/Sketches/grins/Darth%20Vader%20Grin%20side%20COLOR.jpg"	"302188"	"8333463ea9f07d025a86fea1388a33096f252f24"
"Darth Vader Grin side ORIGINAL.jpg"	"images/Sketches/grins/Darth Vader Grin side ORIGINAL.jpg"	"https://github.com/ronenglish-archive/ron-english-sketches-grins/blob/main/images/Sketches/grins/Darth%20Vader%20Grin%20side%20ORIGINAL.jpg"	"161118"	"f7539b44f240d4baf6a9f2674225a1e68474a208"
"David Grin COLOR.jpg"	"images/Sketches/grins/David Grin COLOR.jpg"	"https://github.com/ronenglish-archive/ron-english-sketches-grins/blob/main/images/Sketches/grins/David%20Grin%20COLOR.jpg"	"468923"	"7c670964022a79b80a58d8b4c6c497d1a0f16f7f"
"David Grin ORIGINAL COLOR.jpg"	"images/Sketches/grins/David Grin ORIGINAL COLOR.jpg"	"https://github.com/ronenglish-archive/ron-english-sketches-grins/blob/main/images/Sketches/grins/David%20Grin%20ORIGINAL%20COLOR.jpg"	"60902"	"6465d6330606928d965915aea38f76ecf0ce8bd1"
"David Grin ORIGINAL.jpg"	"images/Sketches/grins/David Grin ORIGINAL.jpg"	"https://github.com/ronenglish-archive/ron-english-sketches-grins/blob/main/images/Sketches/grins/David%20Grin%20ORIGINAL.jpg"	"496968"	"a9ad8ba25b57841f88206046687ba2f872930271"
"DEADMAU5 Grin B&W.jpg"	"images/Sketches/grins/DEADMAU5 Grin B&W.jpg"	"https://github.com/ronenglish-archive/ron-english-sketches-grins/blob/main/images/Sketches/grins/DEADMAU5%20Grin%20B&W.jpg"	"475424"	"236f57d896a8b71889660af0ed48c87781f862f0"
"DEADMAU5 Grin back B&W.jpg"	"images/Sketches/grins/DEADMAU5 Grin back B&W.jpg"	"https://github.com/ronenglish-archive/ron-english-sketches-grins/blob/main/images/Sketches/grins/DEADMAU5%20Grin%20back%20B&W.jpg"	"451366"	"bb3dc64993306f0339727b1827d1a473e574d884"
"DEADMAU5 Grin back ORIGINAL.jpg"	"images/Sketches/grins/DEADMAU5 Grin back ORIGINAL.jpg"	"https://github.com/ronenglish-archive/ron-english-sketches-grins/blob/main/images/Sketches/grins/DEADMAU5%20Grin%20back%20ORIGINAL.jpg"	"272992"	"4b7d24dbb82a40138a3a0eef5fea4c2a7bf984eb"
"DEADMAU5 Grin COLOR 1.jpg"	"images/Sketches/grins/DEADMAU5 Grin COLOR 1.jpg"	"https://github.com/ronenglish-archive/ron-english-sketches-grins/blob/main/images/Sketches/grins/DEADMAU5%20Grin%20COLOR%201.jpg"	"279605"	"ac1c0225dfd2e2946ff9338b69c1904136a54d51"
"DEADMAU5 Grin COLOR 2.jpg"	"images/Sketches/grins/DEADMAU5 Grin COLOR 2.jpg"	"https://github.com/ronenglish-archive/ron-english-sketches-grins/blob/main/images/Sketches/grins/DEADMAU5%20Grin%20COLOR%202.jpg"	"359104"	"42247c5b0f59ba932f4a8f34bd1c54520abdbdbc"
"DEADMAU5 Grin COLOR 4.jpg"	"images/Sketches/grins/DEADMAU5 Grin COLOR 4.jpg"	"https://github.com/ronenglish-archive/ron-english-sketches-grins/blob/main/images/Sketches/grins/DEADMAU5%20Grin%20COLOR%204.jpg"	"300810"	"2d01932a5dadf9d6d3397d202113b46ecbddf9e1"
"DEADMAU5 Grin COLOR 5.jpg"	"images/Sketches/grins/DEADMAU5 Grin COLOR 5.jpg"	"https://github.com/ronenglish-archive/ron-english-sketches-grins/blob/main/images/Sketches/grins/DEADMAU5%20Grin%20COLOR%205.jpg"	"357168"	"0b41d74f0a5ba08150d816bdca7a96f1c291245c"
"DEADMAU5 Grin COLOR 6.jpg"	"images/Sketches/grins/DEADMAU5 Grin COLOR 6.jpg"	"https://github.com/ronenglish-archive/ron-english-sketches-grins/blob/main/images/Sketches/grins/DEADMAU5%20Grin%20COLOR%206.jpg"	"294341"	"dedaa2f6a0d465d6134722a8524e2933676be9df"
"DEADMAU5 Grin ORIGINAL.jpg"	"images/Sketches/grins/DEADMAU5 Grin ORIGINAL.jpg"	"https://github.com/ronenglish-archive/ron-english-sketches-grins/blob/main/images/Sketches/grins/DEADMAU5%20Grin%20ORIGINAL.jpg"	"287401"	"b5a5c4dbf0604c00505e32ad18c3472b3ebad0db"
"DEADMAU5 Grin Running B&W.jpg"	"images/Sketches/grins/DEADMAU5 Grin Running B&W.jpg"	"https://github.com/ronenglish-archive/ron-english-sketches-grins/blob/main/images/Sketches/grins/DEADMAU5%20Grin%20Running%20B&W.jpg"	"420683"	"aefadfdf3750f5ff4c0a73bb33e425f504c5f6c0"
"DEADMAU5 Grin Running COLORS.jpg"	"images/Sketches/grins/DEADMAU5 Grin Running COLORS.jpg"	"https://github.com/ronenglish-archive/ron-english-sketches-grins/blob/main/images/Sketches/grins/DEADMAU5%20Grin%20Running%20COLORS.jpg"	"349809"	"276fc3aa06cc8639c369182e3db2032e02134d98"
"DEADMAU5 Grin Running ORIGINAL.jpg"	"images/Sketches/grins/DEADMAU5 Grin Running ORIGINAL.jpg"	"https://github.com/ronenglish-archive/ron-english-sketches-grins/blob/main/images/Sketches/grins/DEADMAU5%20Grin%20Running%20ORIGINAL.jpg"	"185458"	"598d6bf2bed0aff89534b884db8ddec35da954f1"
"DEADMAU5 Grin side ORIGINAL.jpg"	"images/Sketches/grins/DEADMAU5 Grin side ORIGINAL.jpg"	"https://github.com/ronenglish-archive/ron-english-sketches-grins/blob/main/images/Sketches/grins/DEADMAU5%20Grin%20side%20ORIGINAL.jpg"	"884733"	"5875017ac1eb61046788cd2f929e0a402292ef26"
"DEADMAU5 Grin three quarters B&W.jpg"	"images/Sketches/grins/DEADMAU5 Grin three quarters B&W.jpg"	"https://github.com/ronenglish-archive/ron-english-sketches-grins/blob/main/images/Sketches/grins/DEADMAU5%20Grin%20three%20quarters%20B&W.jpg"	"343993"	"444862eb1a6df1eb1a71bca099b6f3b0c452477e"
"DEADMAUGrin  COLORS.jpg"	"images/Sketches/grins/DEADMAUGrin  COLORS.jpg"	"https://github.com/ronenglish-archive/ron-english-sketches-grins/blob/main/images/Sketches/grins/DEADMAUGrin%20%20COLORS.jpg"	"135161"	"3da2fbc0d8bd81c5090009b343de5b96a0558b15"
"DEADMAUGrin back COLORS.jpg"	"images/Sketches/grins/DEADMAUGrin back COLORS.jpg"	"https://github.com/ronenglish-archive/ron-english-sketches-grins/blob/main/images/Sketches/grins/DEADMAUGrin%20back%20COLORS.jpg"	"453489"	"a0cc1c07a2c15019084eb4fdc4eedc8968ff00e5"
"DEADMAUGrin side COLORS.jpg"	"images/Sketches/grins/DEADMAUGrin side COLORS.jpg"	"https://github.com/ronenglish-archive/ron-english-sketches-grins/blob/main/images/Sketches/grins/DEADMAUGrin%20side%20COLORS.jpg"	"135638"	"e4142d9b420ca9e0d63248279ea9cd7d45b11426"
"Dementon Grin B&W.jpg"	"images/Sketches/grins/Dementon Grin B&W.jpg"	"https://github.com/ronenglish-archive/ron-english-sketches-grins/blob/main/images/Sketches/grins/Dementon%20Grin%20B&W.jpg"	"432302"	"8bf9f3950434a9febd17f96b5d1bda698a60c37f"
"Dementon Grin COLOR.jpg"	"images/Sketches/grins/Dementon Grin COLOR.jpg"	"https://github.com/ronenglish-archive/ron-english-sketches-grins/blob/main/images/Sketches/grins/Dementon%20Grin%20COLOR.jpg"	"332570"	"f92a3fcd2d3c3685622c249a4fb935f86c58a97a"
"Dementon Grin ORIGINAL.jpg"	"images/Sketches/grins/Dementon Grin ORIGINAL.jpg"	"https://github.com/ronenglish-archive/ron-english-sketches-grins/blob/main/images/Sketches/grins/Dementon%20Grin%20ORIGINAL.jpg"	"321041"	"629e36efe8cfd142d1571f424521ab307d3dba97"
"Deputy Dog Grin B&W.jpg"	"images/Sketches/grins/Deputy Dog Grin B&W.jpg"	"https://github.com/ronenglish-archive/ron-english-sketches-grins/blob/main/images/Sketches/grins/Deputy%20Dog%20Grin%20B&W.jpg"	"424985"	"ab85a82c6906866bfb73bf65da3f526bd67465cf"
"Deputy Dog Grin COLOR.jpg"	"images/Sketches/grins/Deputy Dog Grin COLOR.jpg"	"https://github.com/ronenglish-archive/ron-english-sketches-grins/blob/main/images/Sketches/grins/Deputy%20Dog%20Grin%20COLOR.jpg"	"206111"	"71c90b9dd2c6e71a838f4c3fa8dd235cd53855d1"
"Devil Grin B&W.jpg"	"images/Sketches/grins/Devil Grin B&W.jpg"	"https://github.com/ronenglish-archive/ron-english-sketches-grins/blob/main/images/Sketches/grins/Devil%20Grin%20B&W.jpg"	"264351"	"06e7e76eb8843a5acc44fea686d3a9fe43a962fa"
"Devil Grin COLOR.jpg"	"images/Sketches/grins/Devil Grin COLOR.jpg"	"https://github.com/ronenglish-archive/ron-english-sketches-grins/blob/main/images/Sketches/grins/Devil%20Grin%20COLOR.jpg"	"403689"	"3e6f8196ba29f738e04616ddc2b46ac1be8a678f"
"Devil Grin ORIGINAL COLOR.jpg"	"images/Sketches/grins/Devil Grin ORIGINAL COLOR.jpg"	"https://github.com/ronenglish-archive/ron-english-sketches-grins/blob/main/images/Sketches/grins/Devil%20Grin%20ORIGINAL%20COLOR.jpg"	"66963"	"04af6fe561e91089f9f9d1ec25277114a583cfe7"
"Devine Devil COLOR.jpg"	"images/Sketches/grins/Devine Devil COLOR.jpg"	"https://github.com/ronenglish-archive/ron-english-sketches-grins/blob/main/images/Sketches/grins/Devine%20Devil%20COLOR.jpg"	"256483"	"8fb072f1d50065c302be3269a5654b09d08e65ff"
"Dino Heart Grin B&W.png"	"images/Sketches/grins/Dino Heart Grin B&W.png"	"https://github.com/ronenglish-archive/ron-english-sketches-grins/blob/main/images/Sketches/grins/Dino%20Heart%20Grin%20B&W.png"	"84004"	"f334e007f09315cdb827ac94298e7c4467822942"
"Dino Heart Grin COLOR.png"	"images/Sketches/grins/Dino Heart Grin COLOR.png"	"https://github.com/ronenglish-archive/ron-english-sketches-grins/blob/main/images/Sketches/grins/Dino%20Heart%20Grin%20COLOR.png"	"107646"	"86352428542a0251ac6ab2680953291ea421bc87"
"Dino Heart Grin ORIGINAL.jpg"	"images/Sketches/grins/Dino Heart Grin ORIGINAL.jpg"	"https://github.com/ronenglish-archive/ron-english-sketches-grins/blob/main/images/Sketches/grins/Dino%20Heart%20Grin%20ORIGINAL.jpg"	"450951"	"fc10c144b36212774f9c6e757ab520dba782eba4"
"DJ Grin B&W.jpg"	"images/Sketches/grins/DJ Grin B&W.jpg"	"https://github.com/ronenglish-archive/ron-english-sketches-grins/blob/main/images/Sketches/grins/DJ%20Grin%20B&W.jpg"	"370728"	"6c56c141b3a9c8730dfe8648be90c7a64150244d"
"DJ Grin COLOR.jpg"	"images/Sketches/grins/DJ Grin COLOR.jpg"	"https://github.com/ronenglish-archive/ron-english-sketches-grins/blob/main/images/Sketches/grins/DJ%20Grin%20COLOR.jpg"	"330644"	"2a25cf3a6fa93ee156904cf1b2f2c4c59b36c5ac"
"Dog Grin B&W.png"	"images/Sketches/grins/Dog Grin B&W.png"	"https://github.com/ronenglish-archive/ron-english-sketches-grins/blob/main/images/Sketches/grins/Dog%20Grin%20B&W.png"	"77947"	"8615c9aba00104ca4ca376d2d1176998e58b0c14"
"Dog Grin COLOR.jpg"	"images/Sketches/grins/Dog Grin COLOR.jpg"	"https://github.com/ronenglish-archive/ron-english-sketches-grins/blob/main/images/Sketches/grins/Dog%20Grin%20COLOR.jpg"	"309589"	"be6f7c9a554b5aa4fa3fa5b4e073d572514067fa"
"Dog Grin ORIGINAL COLOR 1.jpg"	"images/Sketches/grins/Dog Grin ORIGINAL COLOR 1.jpg"	"https://github.com/ronenglish-archive/ron-english-sketches-grins/blob/main/images/Sketches/grins/Dog%20Grin%20ORIGINAL%20COLOR%201.jpg"	"69616"	"4bf2f66c448166545728882e35afaefc66d9b58f"
"Dog Grin ORIGINAL COLOR 2.jpg"	"images/Sketches/grins/Dog Grin ORIGINAL COLOR 2.jpg"	"https://github.com/ronenglish-archive/ron-english-sketches-grins/blob/main/images/Sketches/grins/Dog%20Grin%20ORIGINAL%20COLOR%202.jpg"	"156388"	"491a758fc6b317563055ddfb293e420caaab6097"
"Dog Grin ORIGINAL.jpg"	"images/Sketches/grins/Dog Grin ORIGINAL.jpg"	"https://github.com/ronenglish-archive/ron-english-sketches-grins/blob/main/images/Sketches/grins/Dog%20Grin%20ORIGINAL.jpg"	"314836"	"80cfd0688e47cd894ea572951f0e83984033dc8d"
"Dog Head Grin B&W.jpg"	"images/Sketches/grins/Dog Head Grin B&W.jpg"	"https://github.com/ronenglish-archive/ron-english-sketches-grins/blob/main/images/Sketches/grins/Dog%20Head%20Grin%20B&W.jpg"	"313930"	"8387905590ae3266c10bfcffd5c81cacca1cfdcc"
"Dog Head Grin COLOR.jpg"	"images/Sketches/grins/Dog Head Grin COLOR.jpg"	"https://github.com/ronenglish-archive/ron-english-sketches-grins/blob/main/images/Sketches/grins/Dog%20Head%20Grin%20COLOR.jpg"	"364428"	"290400dfbd2c0239d023eb2d81767799160ba9eb"
"Dog Head Grin ORIGINAL.jpg"	"images/Sketches/grins/Dog Head Grin ORIGINAL.jpg"	"https://github.com/ronenglish-archive/ron-english-sketches-grins/blob/main/images/Sketches/grins/Dog%20Head%20Grin%20ORIGINAL.jpg"	"188743"	"0f33cf96a2b943477ced819c02a575cd09e6ae04"
"Dr Bub Quack Animation 1.jpg"	"images/Sketches/grins/Dr Bub Quack Animation 1.jpg"	"https://github.com/ronenglish-archive/ron-english-sketches-grins/blob/main/images/Sketches/grins/Dr%20Bub%20Quack%20Animation%201.jpg"	"242625"	"392a3051d8ba56c4c3290f9b3029ec1dde9de90e"
"Dr Bub Quack Animation 2.jpg"	"images/Sketches/grins/Dr Bub Quack Animation 2.jpg"	"https://github.com/ronenglish-archive/ron-english-sketches-grins/blob/main/images/Sketches/grins/Dr%20Bub%20Quack%20Animation%202.jpg"	"237815"	"4da541531ba6bc53f558cff83ac38edf8c0b0080"
"Dr Bub Quack Grin B&W.jpg"	"images/Sketches/grins/Dr Bub Quack Grin B&W.jpg"	"https://github.com/ronenglish-archive/ron-english-sketches-grins/blob/main/images/Sketches/grins/Dr%20Bub%20Quack%20Grin%20B&W.jpg"	"392150"	"5e0fe989046323d3a816be1d8d7ca02c0f3eff78"
"Dr Bub Quack Grin COLOR.jpg"	"images/Sketches/grins/Dr Bub Quack Grin COLOR.jpg"	"https://github.com/ronenglish-archive/ron-english-sketches-grins/blob/main/images/Sketches/grins/Dr%20Bub%20Quack%20Grin%20COLOR.jpg"	"69082"	"75f8340baf1744d36820a3a51f975771d1c52473"
"Drink the Koolaid 1.png"	"images/Sketches/grins/Drink the Koolaid 1.png"	"https://github.com/ronenglish-archive/ron-english-sketches-grins/blob/main/images/Sketches/grins/Drink%20the%20Koolaid%201.png"	"256621"	"2dce6e2335948d6ba8184de6d1accec3c97e0d2f"
"Drink the Koolaid 2.png"	"images/Sketches/grins/Drink the Koolaid 2.png"	"https://github.com/ronenglish-archive/ron-english-sketches-grins/blob/main/images/Sketches/grins/Drink%20the%20Koolaid%202.png"	"274389"	"8c06ccb6aad2acc762ae154256825a611dfbc67e"
"Dripping Grin B&W.jpg"	"images/Sketches/grins/Dripping Grin B&W.jpg"	"https://github.com/ronenglish-archive/ron-english-sketches-grins/blob/main/images/Sketches/grins/Dripping%20Grin%20B&W.jpg"	"301668"	"6679e3472cf58112bd60391e4e174991849d4034"
"Dripping Grin card.png"	"images/Sketches/grins/Dripping Grin card.png"	"https://github.com/ronenglish-archive/ron-english-sketches-grins/blob/main/images/Sketches/grins/Dripping%20Grin%20card.png"	"175280"	"eaa6e464f95bee66bdb64f4f338cd1b5276d6a7a"
"Dripping Grin head B&W.jpg"	"images/Sketches/grins/Dripping Grin head B&W.jpg"	"https://github.com/ronenglish-archive/ron-english-sketches-grins/blob/main/images/Sketches/grins/Dripping%20Grin%20head%20B&W.jpg"	"453278"	"d46a1c23dd4d806474a40974fd28efc59077af11"
"Dripping Grin head COLOR 3.png"	"images/Sketches/grins/Dripping Grin head COLOR 3.png"	"https://github.com/ronenglish-archive/ron-english-sketches-grins/blob/main/images/Sketches/grins/Dripping%20Grin%20head%20COLOR%203.png"	"362073"	"348a4c64fcfcfd5fad150842e50c5644d1342248"
"Dripping Grin head COLOR.jpg"	"images/Sketches/grins/Dripping Grin head COLOR.jpg"	"https://github.com/ronenglish-archive/ron-english-sketches-grins/blob/main/images/Sketches/grins/Dripping%20Grin%20head%20COLOR.jpg"	"487341"	"1f5a70aed2d78faa246aabf4e12bb692dc92cecd"
"Dripping Grin head ORIGINAL COLOR 1.jpg"	"images/Sketches/grins/Dripping Grin head ORIGINAL COLOR 1.jpg"	"https://github.com/ronenglish-archive/ron-english-sketches-grins/blob/main/images/Sketches/grins/Dripping%20Grin%20head%20ORIGINAL%20COLOR%201.jpg"	"238853"	"08b8bdccf4949ac2b8a82261f2c521332ee9dc84"
"Dripping Grin head ORIGINAL COLOR 2.jpg"	"images/Sketches/grins/Dripping Grin head ORIGINAL COLOR 2.jpg"	"https://github.com/ronenglish-archive/ron-english-sketches-grins/blob/main/images/Sketches/grins/Dripping%20Grin%20head%20ORIGINAL%20COLOR%202.jpg"	"94837"	"b0ecebe67979a3a2b1ab91d4ce7a42ed949f73eb"
"Dripping Grin ORIGINAL COLOR 3.jpg"	"images/Sketches/grins/Dripping Grin ORIGINAL COLOR 3.jpg"	"https://github.com/ronenglish-archive/ron-english-sketches-grins/blob/main/images/Sketches/grins/Dripping%20Grin%20ORIGINAL%20COLOR%203.jpg"	"64399"	"7c706ae6bf50c169c6e88bcc9e9a18f87e0fa734"
"Dripping Grin ORIGINAL COLOR.jpg"	"images/Sketches/grins/Dripping Grin ORIGINAL COLOR.jpg"	"https://github.com/ronenglish-archive/ron-english-sketches-grins/blob/main/images/Sketches/grins/Dripping%20Grin%20ORIGINAL%20COLOR.jpg"	"516274"	"7119c854ca887b9a743699f5608ebfa3e6fa73dc"
"Droopy Dog Grin COLOR.jpg"	"images/Sketches/grins/Droopy Dog Grin COLOR.jpg"	"https://github.com/ronenglish-archive/ron-english-sketches-grins/blob/main/images/Sketches/grins/Droopy%20Dog%20Grin%20COLOR.jpg"	"354156"	"4334eea765fd903504c4c1ece4e9f3ef0399b456"
"Droopy Dog Grin ORIGINAL.jpg"	"images/Sketches/grins/Droopy Dog Grin ORIGINAL.jpg"	"https://github.com/ronenglish-archive/ron-english-sketches-grins/blob/main/images/Sketches/grins/Droopy%20Dog%20Grin%20ORIGINAL.jpg"	"146633"	"98489c702f101507fc4719e7773ecac058533897"
"Dunny Grin B&W.jpg"	"images/Sketches/grins/Dunny Grin B&W.jpg"	"https://github.com/ronenglish-archive/ron-english-sketches-grins/blob/main/images/Sketches/grins/Dunny%20Grin%20B&W.jpg"	"258510"	"46397c9cc853622f8f166a462af14b3c8933f419"
"Dunny Grin back B&W.jpg"	"images/Sketches/grins/Dunny Grin back B&W.jpg"	"https://github.com/ronenglish-archive/ron-english-sketches-grins/blob/main/images/Sketches/grins/Dunny%20Grin%20back%20B&W.jpg"	"347062"	"24690994b5274922dd32f82ca4ee6551a13d3b59"
"Dunny Grin back COLOR.jpg"	"images/Sketches/grins/Dunny Grin back COLOR.jpg"	"https://github.com/ronenglish-archive/ron-english-sketches-grins/blob/main/images/Sketches/grins/Dunny%20Grin%20back%20COLOR.jpg"	"242500"	"479dcdc2f4f37fac8dfa4d186a6617349cbeeddb"
"Dunny Grin back ORIGINAL COLOR.jpg"	"images/Sketches/grins/Dunny Grin back ORIGINAL COLOR.jpg"	"https://github.com/ronenglish-archive/ron-english-sketches-grins/blob/main/images/Sketches/grins/Dunny%20Grin%20back%20ORIGINAL%20COLOR.jpg"	"279717"	"36a225891db260ee605e54a24e849586521f58f8"
"Dunny Grin back ORIGINAL.jpg"	"images/Sketches/grins/Dunny Grin back ORIGINAL.jpg"	"https://github.com/ronenglish-archive/ron-english-sketches-grins/blob/main/images/Sketches/grins/Dunny%20Grin%20back%20ORIGINAL.jpg"	"341448"	"a8197a0b331dcbc6ac69a4f7612fb45669c84bf5"
"Dunny Grin COLOR.jpg"	"images/Sketches/grins/Dunny Grin COLOR.jpg"	"https://github.com/ronenglish-archive/ron-english-sketches-grins/blob/main/images/Sketches/grins/Dunny%20Grin%20COLOR.jpg"	"456268"	"93072f0d3047dee890239f8e554b2391c69c3158"
"Dunny Grin front ORIGINAL COLOR.jpg"	"images/Sketches/grins/Dunny Grin front ORIGINAL COLOR.jpg"	"https://github.com/ronenglish-archive/ron-english-sketches-grins/blob/main/images/Sketches/grins/Dunny%20Grin%20front%20ORIGINAL%20COLOR.jpg"	"141239"	"a82b5d754aab7fc899d7d0e3ed424e3a69f33dc5"
"Dunny Grin front ORIGINAL.jpg"	"images/Sketches/grins/Dunny Grin front ORIGINAL.jpg"	"https://github.com/ronenglish-archive/ron-english-sketches-grins/blob/main/images/Sketches/grins/Dunny%20Grin%20front%20ORIGINAL.jpg"	"282652"	"4ab3ffea5697eeb1aabd6d39f85591416745ebca"
"Elefanka Grin Side View ORIGINAL.jpg"	"images/Sketches/grins/Elefanka Grin Side View ORIGINAL.jpg"	"https://github.com/ronenglish-archive/ron-english-sketches-grins/blob/main/images/Sketches/grins/Elefanka%20Grin%20Side%20View%20ORIGINAL.jpg"	"222985"	"f36d08a933fdb013796ad2a1ac8aff98cf87620f"
"Elefanka With Angel Wings Grin B&W.jpg"	"images/Sketches/grins/Elefanka With Angel Wings Grin B&W.jpg"	"https://github.com/ronenglish-archive/ron-english-sketches-grins/blob/main/images/Sketches/grins/Elefanka%20With%20Angel%20Wings%20Grin%20B&W.jpg"	"269168"	"9a1a78a81351c28cccebeb83c3ee9c9ce40bb9d3"
"Elefanka With Angel Wings Grin COLOR.jpg"	"images/Sketches/grins/Elefanka With Angel Wings Grin COLOR.jpg"	"https://github.com/ronenglish-archive/ron-english-sketches-grins/blob/main/images/Sketches/grins/Elefanka%20With%20Angel%20Wings%20Grin%20COLOR.jpg"	"301428"	"dc8de5fd75ddfa33850039f36f03553ea4b6da5f"
"Elephant Grin B&W.jpg"	"images/Sketches/grins/Elephant Grin B&W.jpg"	"https://github.com/ronenglish-archive/ron-english-sketches-grins/blob/main/images/Sketches/grins/Elephant%20Grin%20B&W.jpg"	"303610"	"a616f074cbfe4f461bad604643ee425975968c38"
"Elephant Grin COLOR.jpg"	"images/Sketches/grins/Elephant Grin COLOR.jpg"	"https://github.com/ronenglish-archive/ron-english-sketches-grins/blob/main/images/Sketches/grins/Elephant%20Grin%20COLOR.jpg"	"519235"	"e777f1731b6b905e31a63a449871bc230d669992"
"Elephant Grin ORIGINAL 2.jpg"	"images/Sketches/grins/Elephant Grin ORIGINAL 2.jpg"	"https://github.com/ronenglish-archive/ron-english-sketches-grins/blob/main/images/Sketches/grins/Elephant%20Grin%20ORIGINAL%202.jpg"	"204319"	"859da0ffd95cc43cebe01826c54656a42cdc9603"
"Elephant Grin ORIGINAL COLOR 2.jpg"	"images/Sketches/grins/Elephant Grin ORIGINAL COLOR 2.jpg"	"https://github.com/ronenglish-archive/ron-english-sketches-grins/blob/main/images/Sketches/grins/Elephant%20Grin%20ORIGINAL%20COLOR%202.jpg"	"138203"	"653a762ee290acd31b56e368322c5ce639d028e5"
"Elephant Grin ORIGINAL COLOR.jpg"	"images/Sketches/grins/Elephant Grin ORIGINAL COLOR.jpg"	"https://github.com/ronenglish-archive/ron-english-sketches-grins/blob/main/images/Sketches/grins/Elephant%20Grin%20ORIGINAL%20COLOR.jpg"	"98402"	"ba1a796a2ff12e4237e66e195e204bddf6b7b5b1"
"Elephant Grin ORIGINAL.jpg"	"images/Sketches/grins/Elephant Grin ORIGINAL.jpg"	"https://github.com/ronenglish-archive/ron-english-sketches-grins/blob/main/images/Sketches/grins/Elephant%20Grin%20ORIGINAL.jpg"	"366665"	"71cbc8b7b08e598966665b04032ea90b1d9f6bd6"
"Elmo Grin B&W.jpg"	"images/Sketches/grins/Elmo Grin B&W.jpg"	"https://github.com/ronenglish-archive/ron-english-sketches-grins/blob/main/images/Sketches/grins/Elmo%20Grin%20B&W.jpg"	"186377"	"13794bff84c0baf46e3e89e024caf79689c6b9d4"
"Elmo Grin COLOR.jpg"	"images/Sketches/grins/Elmo Grin COLOR.jpg"	"https://github.com/ronenglish-archive/ron-english-sketches-grins/blob/main/images/Sketches/grins/Elmo%20Grin%20COLOR.jpg"	"233403"	"89b2c099f495b089ec442ee4c6029e4866cf13ff"
"Elmo Grin ORIGINAL.jpg"	"images/Sketches/grins/Elmo Grin ORIGINAL.jpg"	"https://github.com/ronenglish-archive/ron-english-sketches-grins/blob/main/images/Sketches/grins/Elmo%20Grin%20ORIGINAL.jpg"	"331337"	"22eea3f0a1407a50736125134d1dacde4b4d4b1c"
"Eminem Grin B&W.jpg"	"images/Sketches/grins/Eminem Grin B&W.jpg"	"https://github.com/ronenglish-archive/ron-english-sketches-grins/blob/main/images/Sketches/grins/Eminem%20Grin%20B&W.jpg"	"167966"	"a53dec76de6c873587cce473412dbbd22a840de9"
"Eminem Grin COLOR.jpg"	"images/Sketches/grins/Eminem Grin COLOR.jpg"	"https://github.com/ronenglish-archive/ron-english-sketches-grins/blob/main/images/Sketches/grins/Eminem%20Grin%20COLOR.jpg"	"308039"	"585cf015a481052e661b32d34a462cdff7e07c78"
"Eminem Grin ORIGINAL.jpg"	"images/Sketches/grins/Eminem Grin ORIGINAL.jpg"	"https://github.com/ronenglish-archive/ron-english-sketches-grins/blob/main/images/Sketches/grins/Eminem%20Grin%20ORIGINAL.jpg"	"256047"	"f9e3e79dce3b34e8fb21589f104f15b813db3c2c"
"Ernie Grin B&W.jpg"	"images/Sketches/grins/Ernie Grin B&W.jpg"	"https://github.com/ronenglish-archive/ron-english-sketches-grins/blob/main/images/Sketches/grins/Ernie%20Grin%20B&W.jpg"	"56197"	"7f086fdcba4a4e89d761082d4b50227bbef6004b"
"Ernie Grin COLOR.jpg"	"images/Sketches/grins/Ernie Grin COLOR.jpg"	"https://github.com/ronenglish-archive/ron-english-sketches-grins/blob/main/images/Sketches/grins/Ernie%20Grin%20COLOR.jpg"	"144084"	"f9948160aff6a97fac5e07941b6a1f9965550d8a"
"Ernie Grin ORIGINAL COLOR.jpg"	"images/Sketches/grins/Ernie Grin ORIGINAL COLOR.jpg"	"https://github.com/ronenglish-archive/ron-english-sketches-grins/blob/main/images/Sketches/grins/Ernie%20Grin%20ORIGINAL%20COLOR.jpg"	"160477"	"a570439417d786db69cda620cb57cbfe8fe00452"
"Ernie Grin ORIGINAL.jpg"	"images/Sketches/grins/Ernie Grin ORIGINAL.jpg"	"https://github.com/ronenglish-archive/ron-english-sketches-grins/blob/main/images/Sketches/grins/Ernie%20Grin%20ORIGINAL.jpg"	"297693"	"6569e1affc797d31ae59dfb9e4c96e9cd9912948"
"EZ Nuts Grin 1 COLOR.jpg"	"images/Sketches/grins/EZ Nuts Grin 1 COLOR.jpg"	"https://github.com/ronenglish-archive/ron-english-sketches-grins/blob/main/images/Sketches/grins/EZ%20Nuts%20Grin%201%20COLOR.jpg"	"224204"	"39b6dcf4198f005228a0bfee38c1636de57fd550"
"EZ Nuts Grin 2 COLOR.jpg"	"images/Sketches/grins/EZ Nuts Grin 2 COLOR.jpg"	"https://github.com/ronenglish-archive/ron-english-sketches-grins/blob/main/images/Sketches/grins/EZ%20Nuts%20Grin%202%20COLOR.jpg"	"212771"	"5a609a115fa18c8c91077d16476dd89ed5236ff3"
"EZ Nuts Grin 3 COLOR.jpg"	"images/Sketches/grins/EZ Nuts Grin 3 COLOR.jpg"	"https://github.com/ronenglish-archive/ron-english-sketches-grins/blob/main/images/Sketches/grins/EZ%20Nuts%20Grin%203%20COLOR.jpg"	"219851"	"836b2e83cf67842b311762e2709cec11a5193559"
"Fat Stormtrooper Grin back ORIGINAL.jpg"	"images/Sketches/grins/Fat Stormtrooper Grin back ORIGINAL.jpg"	"https://github.com/ronenglish-archive/ron-english-sketches-grins/blob/main/images/Sketches/grins/Fat%20Stormtrooper%20Grin%20back%20ORIGINAL.jpg"	"216682"	"442390320eb731adbca302d03a2503194c12ae7b"
"Faze Banks Grin B&W.jpg"	"images/Sketches/grins/Faze Banks Grin B&W.jpg"	"https://github.com/ronenglish-archive/ron-english-sketches-grins/blob/main/images/Sketches/grins/Faze%20Banks%20Grin%20B&W.jpg"	"342110"	"1aea799e7f01075d8be8fcda5acb02bf349dfe1f"
"Faze Banks Grin COLOR.jpg"	"images/Sketches/grins/Faze Banks Grin COLOR.jpg"	"https://github.com/ronenglish-archive/ron-english-sketches-grins/blob/main/images/Sketches/grins/Faze%20Banks%20Grin%20COLOR.jpg"	"332897"	"cc28efa6d280f8a1406bf88345e4a991aa04ed06"
"Felix Grin Front B&W.jpg"	"images/Sketches/grins/Felix Grin Front B&W.jpg"	"https://github.com/ronenglish-archive/ron-english-sketches-grins/blob/main/images/Sketches/grins/Felix%20Grin%20Front%20B&W.jpg"	"329429"	"78d5303f545571e3e7d0aba126eaff7e0fd2bb8a"
"Felix Grin Front COLOR.jpg"	"images/Sketches/grins/Felix Grin Front COLOR.jpg"	"https://github.com/ronenglish-archive/ron-english-sketches-grins/blob/main/images/Sketches/grins/Felix%20Grin%20Front%20COLOR.jpg"	"197800"	"d2d04f8d225e66328e2955763b8f37c537d87985"
"Felix Grin Front ORIGINAL.jpg"	"images/Sketches/grins/Felix Grin Front ORIGINAL.jpg"	"https://github.com/ronenglish-archive/ron-english-sketches-grins/blob/main/images/Sketches/grins/Felix%20Grin%20Front%20ORIGINAL.jpg"	"236194"	"72ba3f2dae0cc8b8e6f8d301ead33c4f0b6b304a"
"Felix Grin ORIGINAL COLOR.jpg"	"images/Sketches/grins/Felix Grin ORIGINAL COLOR.jpg"	"https://github.com/ronenglish-archive/ron-english-sketches-grins/blob/main/images/Sketches/grins/Felix%20Grin%20ORIGINAL%20COLOR.jpg"	"140908"	"3cc16d611224aa0108e44709e3e4c1e99e8b09af"
"Felix Grin side B&W.jpg"	"images/Sketches/grins/Felix Grin side B&W.jpg"	"https://github.com/ronenglish-archive/ron-english-sketches-grins/blob/main/images/Sketches/grins/Felix%20Grin%20side%20B&W.jpg"	"265324"	"1c248f4513ae627b00bd9f95d25767242b2ddcdf"
"Felix Grin side COLOR.jpg"	"images/Sketches/grins/Felix Grin side COLOR.jpg"	"https://github.com/ronenglish-archive/ron-english-sketches-grins/blob/main/images/Sketches/grins/Felix%20Grin%20side%20COLOR.jpg"	"153580"	"cefbec8bcba40cd9a39cf2df6323a93469e717a6"
"Felix Grin side ORIGINAL COLOR.jpg"	"images/Sketches/grins/Felix Grin side ORIGINAL COLOR.jpg"	"https://github.com/ronenglish-archive/ron-english-sketches-grins/blob/main/images/Sketches/grins/Felix%20Grin%20side%20ORIGINAL%20COLOR.jpg"	"157462"	"fd2e120d9026bee8b2ea36325393e5cf19463586"
"Felix Grin side ORIGINAL.jpg"	"images/Sketches/grins/Felix Grin side ORIGINAL.jpg"	"https://github.com/ronenglish-archive/ron-english-sketches-grins/blob/main/images/Sketches/grins/Felix%20Grin%20side%20ORIGINAL.jpg"	"205208"	"19fe7a0bcc902b0ebb3e988e6b93a937d23fefcf"
"Finn Grin B&W.jpg"	"images/Sketches/grins/Finn Grin B&W.jpg"	"https://github.com/ronenglish-archive/ron-english-sketches-grins/blob/main/images/Sketches/grins/Finn%20Grin%20B&W.jpg"	"311251"	"fabf5402f49ea735b029f347a13eeecbd595a355"
"Finn Grin COLOR.jpg"	"images/Sketches/grins/Finn Grin COLOR.jpg"	"https://github.com/ronenglish-archive/ron-english-sketches-grins/blob/main/images/Sketches/grins/Finn%20Grin%20COLOR.jpg"	"440021"	"ab72aa9f4aa4fbd73549baf4a2a851951b232731"
"Finn Grin ORIGINAL COLOR.jpg"	"images/Sketches/grins/Finn Grin ORIGINAL COLOR.jpg"	"https://github.com/ronenglish-archive/ron-english-sketches-grins/blob/main/images/Sketches/grins/Finn%20Grin%20ORIGINAL%20COLOR.jpg"	"128037"	"91d27608da03728b4d50b17d55ef972223639b0d"
"Firecracker Skeleton Grin COLOR.jpg"	"images/Sketches/grins/Firecracker Skeleton Grin COLOR.jpg"	"https://github.com/ronenglish-archive/ron-english-sketches-grins/blob/main/images/Sketches/grins/Firecracker%20Skeleton%20Grin%20COLOR.jpg"	"140081"	"775a8fe061d8da699ef41512ab15d56bf12e0922"
"Firecracker Skeleton Grin ORIGINAL.jpg"	"images/Sketches/grins/Firecracker Skeleton Grin ORIGINAL.jpg"	"https://github.com/ronenglish-archive/ron-english-sketches-grins/blob/main/images/Sketches/grins/Firecracker%20Skeleton%20Grin%20ORIGINAL.jpg"	"121097"	"f5a366e8fe503e18f571e8f16a09f26624f70078"
"Flaming O Grin B&W.jpg"	"images/Sketches/grins/Flaming O Grin B&W.jpg"	"https://github.com/ronenglish-archive/ron-english-sketches-grins/blob/main/images/Sketches/grins/Flaming%20O%20Grin%20B&W.jpg"	"247613"	"a272c7c7eb0e9e8703ba4ba2b75fba90808656ff"
"Flaming O Grin COLOR.jpg"	"images/Sketches/grins/Flaming O Grin COLOR.jpg"	"https://github.com/ronenglish-archive/ron-english-sketches-grins/blob/main/images/Sketches/grins/Flaming%20O%20Grin%20COLOR.jpg"	"277726"	"52357b6f09cb4b23df5e3932ed45fa1307aa5bfb"
"Flaming O Grin ORIGINAL.jpg"	"images/Sketches/grins/Flaming O Grin ORIGINAL.jpg"	"https://github.com/ronenglish-archive/ron-english-sketches-grins/blob/main/images/Sketches/grins/Flaming%20O%20Grin%20ORIGINAL.jpg"	"191723"	"8915eebbce6b1917c2d5e8729c0031e6955b7355"
"Floating Grinnie ORIGINAL.jpg"	"images/Sketches/grins/Floating Grinnie ORIGINAL.jpg"	"https://github.com/ronenglish-archive/ron-english-sketches-grins/blob/main/images/Sketches/grins/Floating%20Grinnie%20ORIGINAL.jpg"	"152651"	"b295a85521f58780d8392a1bdaacaa4205f47554"
"Flower Brain Grin COLOR.png"	"images/Sketches/grins/Flower Brain Grin COLOR.png"	"https://github.com/ronenglish-archive/ron-english-sketches-grins/blob/main/images/Sketches/grins/Flower%20Brain%20Grin%20COLOR.png"	"483350"	"a19879c29645bf7b62671a022a058e44ecb3c8fd"
"Flower Grin B&W.jpg"	"images/Sketches/grins/Flower Grin B&W.jpg"	"https://github.com/ronenglish-archive/ron-english-sketches-grins/blob/main/images/Sketches/grins/Flower%20Grin%20B&W.jpg"	"173735"	"09bf04d37d2a53e4b14105b13cc7e17ddb63a50a"
"Flower Grin COLOR.jpg"	"images/Sketches/grins/Flower Grin COLOR.jpg"	"https://github.com/ronenglish-archive/ron-english-sketches-grins/blob/main/images/Sketches/grins/Flower%20Grin%20COLOR.jpg"	"393675"	"8e16cbe3a5a4901bca4fea6d30ee4e6f0b045b9b"
"Flower Grin ORIGINAL COLOR.jpg"	"images/Sketches/grins/Flower Grin ORIGINAL COLOR.jpg"	"https://github.com/ronenglish-archive/ron-english-sketches-grins/blob/main/images/Sketches/grins/Flower%20Grin%20ORIGINAL%20COLOR.jpg"	"104140"	"536ebbee0708c04b73f33900570ac69837e87bee"
"Flower Grin version 2 B&W.jpg"	"images/Sketches/grins/Flower Grin version 2 B&W.jpg"	"https://github.com/ronenglish-archive/ron-english-sketches-grins/blob/main/images/Sketches/grins/Flower%20Grin%20version%202%20B&W.jpg"	"128404"	"c3b8aac9618957ed2eab59dc6b6d3689a4f154f6"
"Flower Grin version 2 COLOR.jpg"	"images/Sketches/grins/Flower Grin version 2 COLOR.jpg"	"https://github.com/ronenglish-archive/ron-english-sketches-grins/blob/main/images/Sketches/grins/Flower%20Grin%20version%202%20COLOR.jpg"	"183047"	"e75d35e8ddec277e6a300003c98c04538b09753b"
"Flower Grin version 2 ORIGINAL.jpg"	"images/Sketches/grins/Flower Grin version 2 ORIGINAL.jpg"	"https://github.com/ronenglish-archive/ron-english-sketches-grins/blob/main/images/Sketches/grins/Flower%20Grin%20version%202%20ORIGINAL.jpg"	"146878"	"f775cc35cf7dcf233b40377f836c88e29e5f715e"
"Flying Grinnie B&W.jpg"	"images/Sketches/grins/Flying Grinnie B&W.jpg"	"https://github.com/ronenglish-archive/ron-english-sketches-grins/blob/main/images/Sketches/grins/Flying%20Grinnie%20B&W.jpg"	"309461"	"879f5f12c7182ac6d81245c29f578817176bc63a"
"Flying Grinnie COLOR.jpg"	"images/Sketches/grins/Flying Grinnie COLOR.jpg"	"https://github.com/ronenglish-archive/ron-english-sketches-grins/blob/main/images/Sketches/grins/Flying%20Grinnie%20COLOR.jpg"	"378697"	"7787b2b790f71ad2ab6fdcc7b16d1a55a8f381fe"
"Flying Grinnie ORIGINAL.png"	"images/Sketches/grins/Flying Grinnie ORIGINAL.png"	"https://github.com/ronenglish-archive/ron-english-sketches-grins/blob/main/images/Sketches/grins/Flying%20Grinnie%20ORIGINAL.png"	"48328"	"634d6b0434070e7830334dffae05f3f838aa65e2"
"Foot in Mouth ORIGINAL COLOR.jpg"	"images/Sketches/grins/Foot in Mouth ORIGINAL COLOR.jpg"	"https://github.com/ronenglish-archive/ron-english-sketches-grins/blob/main/images/Sketches/grins/Foot%20in%20Mouth%20ORIGINAL%20COLOR.jpg"	"261505"	"32fac2b60fc00099a173495c31ddb38563d99824"
"Football Grin ORIGINAL.jpg"	"images/Sketches/grins/Football Grin ORIGINAL.jpg"	"https://github.com/ronenglish-archive/ron-english-sketches-grins/blob/main/images/Sketches/grins/Football%20Grin%20ORIGINAL.jpg"	"169024"	"4bcf0fd25c221966f62cac3a4cb6adff53be62d8"
"Football Player Grin B&W.jpg"	"images/Sketches/grins/Football Player Grin B&W.jpg"	"https://github.com/ronenglish-archive/ron-english-sketches-grins/blob/main/images/Sketches/grins/Football%20Player%20Grin%20B&W.jpg"	"246294"	"7b1a6bc6d395f5088ae72c3931fe59bcaf6e2e3a"
"Football Player Grin COLOR.jpg"	"images/Sketches/grins/Football Player Grin COLOR.jpg"	"https://github.com/ronenglish-archive/ron-english-sketches-grins/blob/main/images/Sketches/grins/Football%20Player%20Grin%20COLOR.jpg"	"261779"	"dfb2a4d76dc853b341cafbee74cf977ce244ee9f"
"Football Player Grin ORIGINAL.jpg"	"images/Sketches/grins/Football Player Grin ORIGINAL.jpg"	"https://github.com/ronenglish-archive/ron-english-sketches-grins/blob/main/images/Sketches/grins/Football%20Player%20Grin%20ORIGINAL.jpg"	"172183"	"98117d7a87e9b19a7d94e3afcfd5a03045cf0568"
"Franken Fat Grin B&W.jpg"	"images/Sketches/grins/Franken Fat Grin B&W.jpg"	"https://github.com/ronenglish-archive/ron-english-sketches-grins/blob/main/images/Sketches/grins/Franken%20Fat%20Grin%20B&W.jpg"	"420103"	"990aa2b1b4327f7360b4ddeb69690076d693cccb"
"Franken Fat Grin COLOR.jpg"	"images/Sketches/grins/Franken Fat Grin COLOR.jpg"	"https://github.com/ronenglish-archive/ron-english-sketches-grins/blob/main/images/Sketches/grins/Franken%20Fat%20Grin%20COLOR.jpg"	"231461"	"4e42b136824ce81b580fe812e7ae9dbe7c012100"
"Franken Fat Grin ORIGINAL.jpg"	"images/Sketches/grins/Franken Fat Grin ORIGINAL.jpg"	"https://github.com/ronenglish-archive/ron-english-sketches-grins/blob/main/images/Sketches/grins/Franken%20Fat%20Grin%20ORIGINAL.jpg"	"313925"	"3dea1350cd5524156e0aa2883c53d64f05c42519"
"Franken Grin COLOR.png"	"images/Sketches/grins/Franken Grin COLOR.png"	"https://github.com/ronenglish-archive/ron-english-sketches-grins/blob/main/images/Sketches/grins/Franken%20Grin%20COLOR.png"	"248503"	"0975384dfa9fe9c5967ea2f090dcb27cb09b5d06"
"Freak Bro Afro Stache B&W.jpg"	"images/Sketches/grins/Freak Bro Afro Stache B&W.jpg"	"https://github.com/ronenglish-archive/ron-english-sketches-grins/blob/main/images/Sketches/grins/Freak%20Bro%20Afro%20Stache%20B&W.jpg"	"161056"	"21684347d56871ef4538ab06ff4a3b3666131378"
"Freak Bro Afro Stache COLOR.jpg"	"images/Sketches/grins/Freak Bro Afro Stache COLOR.jpg"	"https://github.com/ronenglish-archive/ron-english-sketches-grins/blob/main/images/Sketches/grins/Freak%20Bro%20Afro%20Stache%20COLOR.jpg"	"481612"	"dcbaca267688abb89a9896607804c9778f15b65b"
"Freak Bro Afro Stache ORIGINAL.jpg"	"images/Sketches/grins/Freak Bro Afro Stache ORIGINAL.jpg"	"https://github.com/ronenglish-archive/ron-english-sketches-grins/blob/main/images/Sketches/grins/Freak%20Bro%20Afro%20Stache%20ORIGINAL.jpg"	"172114"	"dbf883b4262f3c44ad4b76a32952ab725500c1f4"
"Freak Bro Grin COLOR.jpg"	"images/Sketches/grins/Freak Bro Grin COLOR.jpg"	"https://github.com/ronenglish-archive/ron-english-sketches-grins/blob/main/images/Sketches/grins/Freak%20Bro%20Grin%20COLOR.jpg"	"552744"	"eb83b7b9e8bb2b6b2db3e4f97d2242b370f02cd8"
"Freak Bro Grin ORIGINAL.jpg"	"images/Sketches/grins/Freak Bro Grin ORIGINAL.jpg"	"https://github.com/ronenglish-archive/ron-english-sketches-grins/blob/main/images/Sketches/grins/Freak%20Bro%20Grin%20ORIGINAL.jpg"	"261157"	"832347894bf6adba93b2cc5cc830090edb725af3"
"Freak Cat B&W.jpg"	"images/Sketches/grins/Freak Cat B&W.jpg"	"https://github.com/ronenglish-archive/ron-english-sketches-grins/blob/main/images/Sketches/grins/Freak%20Cat%20B&W.jpg"	"303971"	"4204093faf04a8799fd4e4ff68d6cce1bba3da5c"
"Freak Cat COLOR.jpg"	"images/Sketches/grins/Freak Cat COLOR.jpg"	"https://github.com/ronenglish-archive/ron-english-sketches-grins/blob/main/images/Sketches/grins/Freak%20Cat%20COLOR.jpg"	"450791"	"44cf1bc8e350f3b9a9b0e44f77d3bf418900a4f8"
"Freak Cat ORIGINAL.jpg"	"images/Sketches/grins/Freak Cat ORIGINAL.jpg"	"https://github.com/ronenglish-archive/ron-english-sketches-grins/blob/main/images/Sketches/grins/Freak%20Cat%20ORIGINAL.jpg"	"211437"	"0fc8773fdd3299cf944a542b87d990838e8c37f8"
"Freddy Funko Grin 2 B&W.jpg"	"images/Sketches/grins/Freddy Funko Grin 2 B&W.jpg"	"https://github.com/ronenglish-archive/ron-english-sketches-grins/blob/main/images/Sketches/grins/Freddy%20Funko%20Grin%202%20B&W.jpg"	"321029"	"e321399cc8647fd47ecc7ff8fdfc498775a01c3d"
"Freddy Funko Grin 2 COLOR.jpg"	"images/Sketches/grins/Freddy Funko Grin 2 COLOR.jpg"	"https://github.com/ronenglish-archive/ron-english-sketches-grins/blob/main/images/Sketches/grins/Freddy%20Funko%20Grin%202%20COLOR.jpg"	"365534"	"88e741ba8028eeae0a3f696dd784fae6bb0610dc"
"Freddy Funko Grin B&W.jpg"	"images/Sketches/grins/Freddy Funko Grin B&W.jpg"	"https://github.com/ronenglish-archive/ron-english-sketches-grins/blob/main/images/Sketches/grins/Freddy%20Funko%20Grin%20B&W.jpg"	"331673"	"47b90b90682859bf35b4375382308a4bf8e82b0f"
"Freddy Funko Grin COLOR.jpg"	"images/Sketches/grins/Freddy Funko Grin COLOR.jpg"	"https://github.com/ronenglish-archive/ron-english-sketches-grins/blob/main/images/Sketches/grins/Freddy%20Funko%20Grin%20COLOR.jpg"	"389339"	"977b906b1f06b9ec35186b28d2e99b553a36a8c7"
"Garfield Grin B&W.jpg"	"images/Sketches/grins/Garfield Grin B&W.jpg"	"https://github.com/ronenglish-archive/ron-english-sketches-grins/blob/main/images/Sketches/grins/Garfield%20Grin%20B&W.jpg"	"395439"	"7031d58cc000f1651f166618a31d9ae5be2e4f1b"
"Garfield Grin COLOR.jpg"	"images/Sketches/grins/Garfield Grin COLOR.jpg"	"https://github.com/ronenglish-archive/ron-english-sketches-grins/blob/main/images/Sketches/grins/Garfield%20Grin%20COLOR.jpg"	"313942"	"70e7a50144d36a4b2bad62c8fc7fe1ad4496b211"
"Garfield Grin ORIGINAL.jpg"	"images/Sketches/grins/Garfield Grin ORIGINAL.jpg"	"https://github.com/ronenglish-archive/ron-english-sketches-grins/blob/main/images/Sketches/grins/Garfield%20Grin%20ORIGINAL.jpg"	"248671"	"dd28923d3f72e4e5ad42012f56acd5bbbdc25900"
"George Jetson Grin B&W.jpg"	"images/Sketches/grins/George Jetson Grin B&W.jpg"	"https://github.com/ronenglish-archive/ron-english-sketches-grins/blob/main/images/Sketches/grins/George%20Jetson%20Grin%20B&W.jpg"	"337454"	"fe96f106cf11f114baec7c7a0a634d5d55751b6b"
"George Jetson Grin COLOR.jpg"	"images/Sketches/grins/George Jetson Grin COLOR.jpg"	"https://github.com/ronenglish-archive/ron-english-sketches-grins/blob/main/images/Sketches/grins/George%20Jetson%20Grin%20COLOR.jpg"	"352170"	"93e1f22068960eb7c2f813c2b08ad2820ab970b8"
"George Jetson Grin ORIGINAL.jpg"	"images/Sketches/grins/George Jetson Grin ORIGINAL.jpg"	"https://github.com/ronenglish-archive/ron-english-sketches-grins/blob/main/images/Sketches/grins/George%20Jetson%20Grin%20ORIGINAL.jpg"	"269881"	"5efa923a902ebb25552bff01c12526044bf5daa4"
"Ghostbuster Grin ORIGINAL.jpg"	"images/Sketches/grins/Ghostbuster Grin ORIGINAL.jpg"	"https://github.com/ronenglish-archive/ron-english-sketches-grins/blob/main/images/Sketches/grins/Ghostbuster%20Grin%20ORIGINAL.jpg"	"257975"	"73b02ebff211898566b7064bfc1c98894538fca4"
"Globe Grin ORIGINAL COLOR.jpg"	"images/Sketches/grins/Globe Grin ORIGINAL COLOR.jpg"	"https://github.com/ronenglish-archive/ron-english-sketches-grins/blob/main/images/Sketches/grins/Globe%20Grin%20ORIGINAL%20COLOR.jpg"	"94006"	"a9ecfd625dec7bbb3f058f331cead12e4e4a3a65"
"Godzilla Heart Grin B&W.jpg"	"images/Sketches/grins/Godzilla Heart Grin B&W.jpg"	"https://github.com/ronenglish-archive/ron-english-sketches-grins/blob/main/images/Sketches/grins/Godzilla%20Heart%20Grin%20B&W.jpg"	"410984"	"fdeb18b4a81814e712e2c572b04d0344b3f9a568"
"Godzilla Heart Grin COLOR.jpg"	"images/Sketches/grins/Godzilla Heart Grin COLOR.jpg"	"https://github.com/ronenglish-archive/ron-english-sketches-grins/blob/main/images/Sketches/grins/Godzilla%20Heart%20Grin%20COLOR.jpg"	"311986"	"408de2eb6d642996b5ceff8aa1d5c30a1a75dd2a"
"Godzilla Heart Grin ORIGINAL.jpg"	"images/Sketches/grins/Godzilla Heart Grin ORIGINAL.jpg"	"https://github.com/ronenglish-archive/ron-english-sketches-grins/blob/main/images/Sketches/grins/Godzilla%20Heart%20Grin%20ORIGINAL.jpg"	"305121"	"bc390f17cd162bd598c6cc8bec0a68650bb806e3"
"Gorilla Grin 2 back B&W.jpg"	"images/Sketches/grins/Gorilla Grin 2 back B&W.jpg"	"https://github.com/ronenglish-archive/ron-english-sketches-grins/blob/main/images/Sketches/grins/Gorilla%20Grin%202%20back%20B&W.jpg"	"379127"	"e8a31cec1b6769ccb9ef2199df481dc81c075058"
"Gorilla Grin 2 back COLOR.jpg"	"images/Sketches/grins/Gorilla Grin 2 back COLOR.jpg"	"https://github.com/ronenglish-archive/ron-english-sketches-grins/blob/main/images/Sketches/grins/Gorilla%20Grin%202%20back%20COLOR.jpg"	"131399"	"dab9d60d40b11f4704703ddd6229eac6b974b91d"
"Gorilla Grin 2 back ORIGINAL.jpg"	"images/Sketches/grins/Gorilla Grin 2 back ORIGINAL.jpg"	"https://github.com/ronenglish-archive/ron-english-sketches-grins/blob/main/images/Sketches/grins/Gorilla%20Grin%202%20back%20ORIGINAL.jpg"	"160168"	"d53ce37ab586b0f74b67338c7237c9c7da381427"
"Gorilla Grin 2 Front B&W.jpg"	"images/Sketches/grins/Gorilla Grin 2 Front B&W.jpg"	"https://github.com/ronenglish-archive/ron-english-sketches-grins/blob/main/images/Sketches/grins/Gorilla%20Grin%202%20Front%20B&W.jpg"	"352799"	"e585ad0736b6f0246f11ef878367a45b9eac4c65"
"Gorilla Grin 2 Front COLOR.jpg"	"images/Sketches/grins/Gorilla Grin 2 Front COLOR.jpg"	"https://github.com/ronenglish-archive/ron-english-sketches-grins/blob/main/images/Sketches/grins/Gorilla%20Grin%202%20Front%20COLOR.jpg"	"206148"	"e034dfc59f4e2c9d0822c9bc7f8a5d1fb996690e"
"Gorilla Grin 2 side B&W.jpg"	"images/Sketches/grins/Gorilla Grin 2 side B&W.jpg"	"https://github.com/ronenglish-archive/ron-english-sketches-grins/blob/main/images/Sketches/grins/Gorilla%20Grin%202%20side%20B&W.jpg"	"179515"	"d4f99dd4fbb5c85dabdd6b899658dc40c1f0b2ea"
"Gorilla Grin 2 side COLOR.jpg"	"images/Sketches/grins/Gorilla Grin 2 side COLOR.jpg"	"https://github.com/ronenglish-archive/ron-english-sketches-grins/blob/main/images/Sketches/grins/Gorilla%20Grin%202%20side%20COLOR.jpg"	"323608"	"1933ba21458ffbe0216d655a30e6446c9c05bdfa"
"Gorilla Grin 2 side ORIGINAL.jpg"	"images/Sketches/grins/Gorilla Grin 2 side ORIGINAL.jpg"	"https://github.com/ronenglish-archive/ron-english-sketches-grins/blob/main/images/Sketches/grins/Gorilla%20Grin%202%20side%20ORIGINAL.jpg"	"204486"	"7cdbdfe19fc1cedbea69eb6cab04cb7f7031d37a"
"Gorilla grin card.png"	"images/Sketches/grins/Gorilla grin card.png"	"https://github.com/ronenglish-archive/ron-english-sketches-grins/blob/main/images/Sketches/grins/Gorilla%20grin%20card.png"	"227535"	"38651fbb036f06d426cab9f8906cbd7d35a9b335"
"Gorilla Grin COLOR.jpg"	"images/Sketches/grins/Gorilla Grin COLOR.jpg"	"https://github.com/ronenglish-archive/ron-english-sketches-grins/blob/main/images/Sketches/grins/Gorilla%20Grin%20COLOR.jpg"	"367330"	"099818c5e4d8de950b56735a62bef1e2701aea3a"
"Gorilla Grin ORIGINAL COLOR 1.jpg"	"images/Sketches/grins/Gorilla Grin ORIGINAL COLOR 1.jpg"	"https://github.com/ronenglish-archive/ron-english-sketches-grins/blob/main/images/Sketches/grins/Gorilla%20Grin%20ORIGINAL%20COLOR%201.jpg"	"37052"	"166abe8519442c9de65be93ed9988c1559b863d3"
"Grim Grin (Grin Reaper) B&W.jpg"	"images/Sketches/grins/Grim Grin (Grin Reaper) B&W.jpg"	"https://github.com/ronenglish-archive/ron-english-sketches-grins/blob/main/images/Sketches/grins/Grim%20Grin%20(Grin%20Reaper)%20B&W.jpg"	"389089"	"12118c83a4ce8d4b469c93785a89ac2b628adf27"
"Grim Grin (Grin Reaper) COLOR.jpg"	"images/Sketches/grins/Grim Grin (Grin Reaper) COLOR.jpg"	"https://github.com/ronenglish-archive/ron-english-sketches-grins/blob/main/images/Sketches/grins/Grim%20Grin%20(Grin%20Reaper)%20COLOR.jpg"	"291651"	"b39c8b62f2c655f015fb90c6dbadacc12219f4b1"
"Grim Grin (Grin Reaper) ORIGINAL.jpg"	"images/Sketches/grins/Grim Grin (Grin Reaper) ORIGINAL.jpg"	"https://github.com/ronenglish-archive/ron-english-sketches-grins/blob/main/images/Sketches/grins/Grim%20Grin%20(Grin%20Reaper)%20ORIGINAL.jpg"	"215119"	"9a16b0b4ddfc39e7c290e9ee44376bcbf8216767"
"Grim Grin ORIGINAL COLOR.jpg"	"images/Sketches/grins/Grim Grin ORIGINAL COLOR.jpg"	"https://github.com/ronenglish-archive/ron-english-sketches-grins/blob/main/images/Sketches/grins/Grim%20Grin%20ORIGINAL%20COLOR.jpg"	"95216"	"7b6dfb83ece26b5959729db8c8b2d72507644e37"
"Grim Reaper Grin B&W.jpg"	"images/Sketches/grins/Grim Reaper Grin B&W.jpg"	"https://github.com/ronenglish-archive/ron-english-sketches-grins/blob/main/images/Sketches/grins/Grim%20Reaper%20Grin%20B&W.jpg"	"161486"	"b5de4792a66c7e6653a3121cb0f82b32d69a59e8"
"Grim Reaper Grin card.jpg"	"images/Sketches/grins/Grim Reaper Grin card.jpg"	"https://github.com/ronenglish-archive/ron-english-sketches-grins/blob/main/images/Sketches/grins/Grim%20Reaper%20Grin%20card.jpg"	"147206"	"9c46d068cc35525d5166ab3188588f0f3b66ce20"
"Grim Reaper Grin COLOR.jpg"	"images/Sketches/grins/Grim Reaper Grin COLOR.jpg"	"https://github.com/ronenglish-archive/ron-english-sketches-grins/blob/main/images/Sketches/grins/Grim%20Reaper%20Grin%20COLOR.jpg"	"222346"	"21b3bb30050c309c6a47d4845f1b1c55854e44b7"
"Grim Reaper Grin ORIGINAL 2.jpg"	"images/Sketches/grins/Grim Reaper Grin ORIGINAL 2.jpg"	"https://github.com/ronenglish-archive/ron-english-sketches-grins/blob/main/images/Sketches/grins/Grim%20Reaper%20Grin%20ORIGINAL%202.jpg"	"185085"	"92015f5531d0ad7d1cbd4ddfa89200e08a2d0c12"
"Grim Reaper Grin ORIGINAL.jpg"	"images/Sketches/grins/Grim Reaper Grin ORIGINAL.jpg"	"https://github.com/ronenglish-archive/ron-english-sketches-grins/blob/main/images/Sketches/grins/Grim%20Reaper%20Grin%20ORIGINAL.jpg"	"235617"	"ecd2fcad9faae39f9367b0d8a4254ea183f2fa34"
"Grim Reefer B&W.jpg"	"images/Sketches/grins/Grim Reefer B&W.jpg"	"https://github.com/ronenglish-archive/ron-english-sketches-grins/blob/main/images/Sketches/grins/Grim%20Reefer%20B&W.jpg"	"188389"	"d49a60c163f9ecbaf1f6f07b3cee72d59a44035c"
"Grim Reefer COLOR.jpg"	"images/Sketches/grins/Grim Reefer COLOR.jpg"	"https://github.com/ronenglish-archive/ron-english-sketches-grins/blob/main/images/Sketches/grins/Grim%20Reefer%20COLOR.jpg"	"329100"	"cd4d1b53c2745bc17384eefe5c7ebb044aaa4837"
"Grin animation back B&W.jpg"	"images/Sketches/grins/Grin animation back B&W.jpg"	"https://github.com/ronenglish-archive/ron-english-sketches-grins/blob/main/images/Sketches/grins/Grin%20animation%20back%20B&W.jpg"	"281181"	"c94f9ffc17b1debc3e982582d11944eb496e4888"
"Grin animation back COLOR.jpg"	"images/Sketches/grins/Grin animation back COLOR.jpg"	"https://github.com/ronenglish-archive/ron-english-sketches-grins/blob/main/images/Sketches/grins/Grin%20animation%20back%20COLOR.jpg"	"460529"	"a7dd0e6fa1496ac56dc2998e2de754c3d6700497"
"Grin animation back ORIGINAL.jpg"	"images/Sketches/grins/Grin animation back ORIGINAL.jpg"	"https://github.com/ronenglish-archive/ron-english-sketches-grins/blob/main/images/Sketches/grins/Grin%20animation%20back%20ORIGINAL.jpg"	"86403"	"4fd63ac7e7641dd282d4e58c49e75506e1301059"
"Grin Animation front B&W (1).jpg"	"images/Sketches/grins/Grin Animation front B&W (1).jpg"	"https://github.com/ronenglish-archive/ron-english-sketches-grins/blob/main/images/Sketches/grins/Grin%20Animation%20front%20B&W%20(1).jpg"	"159924"	"ccb2d6ab7e6daebf7043aba3483fa096687e7204"
"Grin animation front B&W.jpg"	"images/Sketches/grins/Grin animation front B&W.jpg"	"https://github.com/ronenglish-archive/ron-english-sketches-grins/blob/main/images/Sketches/grins/Grin%20animation%20front%20B&W.jpg"	"159916"	"479e07eecb2910a4ff30bfd8923b734d20464427"
"Grin animation front COLOR.jpg"	"images/Sketches/grins/Grin animation front COLOR.jpg"	"https://github.com/ronenglish-archive/ron-english-sketches-grins/blob/main/images/Sketches/grins/Grin%20animation%20front%20COLOR.jpg"	"222925"	"8ba4a19db4811cbaecfa8feb50085af199290712"
"Grin animation front ORIGINAL.jpg"	"images/Sketches/grins/Grin animation front ORIGINAL.jpg"	"https://github.com/ronenglish-archive/ron-english-sketches-grins/blob/main/images/Sketches/grins/Grin%20animation%20front%20ORIGINAL.jpg"	"165988"	"756f4ff451c48898323124e8e37f599383d23d6a"
"Grin Animation side B&W (1).jpg"	"images/Sketches/grins/Grin Animation side B&W (1).jpg"	"https://github.com/ronenglish-archive/ron-english-sketches-grins/blob/main/images/Sketches/grins/Grin%20Animation%20side%20B&W%20(1).jpg"	"129929"	"4f5e75d0c80a0a3a277cc6f8904c669ad9fcf730"
"Grin animation side B&W.jpg"	"images/Sketches/grins/Grin animation side B&W.jpg"	"https://github.com/ronenglish-archive/ron-english-sketches-grins/blob/main/images/Sketches/grins/Grin%20animation%20side%20B&W.jpg"	"142627"	"1d81dbc974ccdc469e7e0dbf87132b45c3cfc745"
"Grin animation side COLOR.jpg"	"images/Sketches/grins/Grin animation side COLOR.jpg"	"https://github.com/ronenglish-archive/ron-english-sketches-grins/blob/main/images/Sketches/grins/Grin%20animation%20side%20COLOR.jpg"	"187263"	"066efaa917bace545ef3dd4ff34973b9cffced35"
"Grin animation side ORIGINAL.jpg"	"images/Sketches/grins/Grin animation side ORIGINAL.jpg"	"https://github.com/ronenglish-archive/ron-english-sketches-grins/blob/main/images/Sketches/grins/Grin%20animation%20side%20ORIGINAL.jpg"	"142630"	"aa38f30f1a8580c26db7f47899cc6e7bf68196af"
"Grin B&W.jpg"	"images/Sketches/grins/Grin B&W.jpg"	"https://github.com/ronenglish-archive/ron-english-sketches-grins/blob/main/images/Sketches/grins/Grin%20B&W.jpg"	"390086"	"da24dfe7d12f64ef544d797c1b2c59d1178d131a"
"Grin Baby B&W.jpg"	"images/Sketches/grins/Grin Baby B&W.jpg"	"https://github.com/ronenglish-archive/ron-english-sketches-grins/blob/main/images/Sketches/grins/Grin%20Baby%20B&W.jpg"	"203361"	"022d88fb3fc4ade41d7502b524b9e3100cc0b9d6"
"Grin Baby COLOR.jpg"	"images/Sketches/grins/Grin Baby COLOR.jpg"	"https://github.com/ronenglish-archive/ron-english-sketches-grins/blob/main/images/Sketches/grins/Grin%20Baby%20COLOR.jpg"	"282016"	"43e6fe2b436f01afb125c079fc33259467b8612f"
"Grin Baby ORIGINAL COLOR.jpg"	"images/Sketches/grins/Grin Baby ORIGINAL COLOR.jpg"	"https://github.com/ronenglish-archive/ron-english-sketches-grins/blob/main/images/Sketches/grins/Grin%20Baby%20ORIGINAL%20COLOR.jpg"	"103995"	"016c21b260fedcd8acd79f96fbe610b21c85d33c"
"Grin Baby ORIGINAL.jpg"	"images/Sketches/grins/Grin Baby ORIGINAL.jpg"	"https://github.com/ronenglish-archive/ron-english-sketches-grins/blob/main/images/Sketches/grins/Grin%20Baby%20ORIGINAL.jpg"	"491187"	"fd09b2d626bfd1c0adee68971ba95801b5524595"
"Grin Brain Cone B&W.jpg"	"images/Sketches/grins/Grin Brain Cone B&W.jpg"	"https://github.com/ronenglish-archive/ron-english-sketches-grins/blob/main/images/Sketches/grins/Grin%20Brain%20Cone%20B&W.jpg"	"531057"	"759359fb2cde909cba3c1fe948bea9560ada8723"
"Grin Brain Cone COLOR.jpg"	"images/Sketches/grins/Grin Brain Cone COLOR.jpg"	"https://github.com/ronenglish-archive/ron-english-sketches-grins/blob/main/images/Sketches/grins/Grin%20Brain%20Cone%20COLOR.jpg"	"244098"	"99fa46d4af60805b45e902312496e8371ab67a2d"
"Grin Brain Cone ORIGINAL.jpg"	"images/Sketches/grins/Grin Brain Cone ORIGINAL.jpg"	"https://github.com/ronenglish-archive/ron-english-sketches-grins/blob/main/images/Sketches/grins/Grin%20Brain%20Cone%20ORIGINAL.jpg"	"159443"	"d435671ecee2fc14c3300c1415f49b47a35a88bc"
"Grin Bunny Ears B&W.jpg"	"images/Sketches/grins/Grin Bunny Ears B&W.jpg"	"https://github.com/ronenglish-archive/ron-english-sketches-grins/blob/main/images/Sketches/grins/Grin%20Bunny%20Ears%20B&W.jpg"	"157996"	"e2e06a7187d41a0cad9eeb72fd2f87fb2f6f38db"
"Grin Bunny Ears COLOR.jpg"	"images/Sketches/grins/Grin Bunny Ears COLOR.jpg"	"https://github.com/ronenglish-archive/ron-english-sketches-grins/blob/main/images/Sketches/grins/Grin%20Bunny%20Ears%20COLOR.jpg"	"233263"	"ee6cfc0a659dd93a557bae5b1864c0b22f45c231"
"Grin Bunny Three Ears COLOR.jpg"	"images/Sketches/grins/Grin Bunny Three Ears COLOR.jpg"	"https://github.com/ronenglish-archive/ron-english-sketches-grins/blob/main/images/Sketches/grins/Grin%20Bunny%20Three%20Ears%20COLOR.jpg"	"413573"	"ed2fdaa9d1240b9364fd4a16e8e7b0b6df36f682"
"Grin Bunny Three Ears ORIGINAL.jpg"	"images/Sketches/grins/Grin Bunny Three Ears ORIGINAL.jpg"	"https://github.com/ronenglish-archive/ron-english-sketches-grins/blob/main/images/Sketches/grins/Grin%20Bunny%20Three%20Ears%20ORIGINAL.jpg"	"228347"	"019517db5d5dcf274018d6e35ff6fca474684820"
"Grin Bunny Two Ears ORIGINAL.jpg"	"images/Sketches/grins/Grin Bunny Two Ears ORIGINAL.jpg"	"https://github.com/ronenglish-archive/ron-english-sketches-grins/blob/main/images/Sketches/grins/Grin%20Bunny%20Two%20Ears%20ORIGINAL.jpg"	"215585"	"64259862bad6378a45173df853623a59587141a3"
"Grin Car back B&W.jpg"	"images/Sketches/grins/Grin Car back B&W.jpg"	"https://github.com/ronenglish-archive/ron-english-sketches-grins/blob/main/images/Sketches/grins/Grin%20Car%20back%20B&W.jpg"	"468952"	"7fadf3fd09068d00fb4d816a49ce0ec1d6138687"
"Grin Car back color.jpg"	"images/Sketches/grins/Grin Car back color.jpg"	"https://github.com/ronenglish-archive/ron-english-sketches-grins/blob/main/images/Sketches/grins/Grin%20Car%20back%20color.jpg"	"248458"	"e073c15219f800d2e85a541da4c96c8be7a57e15"
"Grin Car back ORIGINAL.jpg"	"images/Sketches/grins/Grin Car back ORIGINAL.jpg"	"https://github.com/ronenglish-archive/ron-english-sketches-grins/blob/main/images/Sketches/grins/Grin%20Car%20back%20ORIGINAL.jpg"	"332108"	"307ae06f9f70d703d63fc08389db6959a81af615"
"Grin Car front B&W.jpg"	"images/Sketches/grins/Grin Car front B&W.jpg"	"https://github.com/ronenglish-archive/ron-english-sketches-grins/blob/main/images/Sketches/grins/Grin%20Car%20front%20B&W.jpg"	"240392"	"18b07c5edaf264dd7fc0802e87330bd89797bc80"
"Grin Car front COLOR.jpg"	"images/Sketches/grins/Grin Car front COLOR.jpg"	"https://github.com/ronenglish-archive/ron-english-sketches-grins/blob/main/images/Sketches/grins/Grin%20Car%20front%20COLOR.jpg"	"449504"	"e9afa5d16809412117b392d97225325f8d8db57d"
"Grin Car front ORIGINAL.jpg"	"images/Sketches/grins/Grin Car front ORIGINAL.jpg"	"https://github.com/ronenglish-archive/ron-english-sketches-grins/blob/main/images/Sketches/grins/Grin%20Car%20front%20ORIGINAL.jpg"	"330643"	"0d85bd0e06c4045aa7bf2ea63eef41dfc72c1fc9"
"Grin Car side B&W.jpg"	"images/Sketches/grins/Grin Car side B&W.jpg"	"https://github.com/ronenglish-archive/ron-english-sketches-grins/blob/main/images/Sketches/grins/Grin%20Car%20side%20B&W.jpg"	"488835"	"e2f88780356a7149bca3b666c7d06c64b47a1d55"
"Grin Car side COLOR.jpg"	"images/Sketches/grins/Grin Car side COLOR.jpg"	"https://github.com/ronenglish-archive/ron-english-sketches-grins/blob/main/images/Sketches/grins/Grin%20Car%20side%20COLOR.jpg"	"214332"	"26ce0b5fcd2d68c2b6ca5fdd7714373cc66a1481"
"Grin Car side ORIGINAL.jpg"	"images/Sketches/grins/Grin Car side ORIGINAL.jpg"	"https://github.com/ronenglish-archive/ron-english-sketches-grins/blob/main/images/Sketches/grins/Grin%20Car%20side%20ORIGINAL.jpg"	"179732"	"e319c5cf6c474a03db05c39823155d7ee5aaaede"
"Grin Car three quarters B&W.jpg"	"images/Sketches/grins/Grin Car three quarters B&W.jpg"	"https://github.com/ronenglish-archive/ron-english-sketches-grins/blob/main/images/Sketches/grins/Grin%20Car%20three%20quarters%20B&W.jpg"	"183548"	"a83e971f80522a25b7f1bfe0a9a915b36b2b9ce9"
"Grin Car three quarters COLOR.jpg"	"images/Sketches/grins/Grin Car three quarters COLOR.jpg"	"https://github.com/ronenglish-archive/ron-english-sketches-grins/blob/main/images/Sketches/grins/Grin%20Car%20three%20quarters%20COLOR.jpg"	"341806"	"6265aadd8af8a99b941571b3beed386c6999946d"
"Grin Car three quarters ORIGINAL.jpg"	"images/Sketches/grins/Grin Car three quarters ORIGINAL.jpg"	"https://github.com/ronenglish-archive/ron-english-sketches-grins/blob/main/images/Sketches/grins/Grin%20Car%20three%20quarters%20ORIGINAL.jpg"	"210493"	"f3dccdf8d5e30f01e4c5594bf2e2110e9f43da69"
"Grin Flower B&W.jpg"	"images/Sketches/grins/Grin Flower B&W.jpg"	"https://github.com/ronenglish-archive/ron-english-sketches-grins/blob/main/images/Sketches/grins/Grin%20Flower%20B&W.jpg"	"340658"	"948c148439a28bc754bb8f7beedc435e13995937"
"Grin Flower COLOR.jpg"	"images/Sketches/grins/Grin Flower COLOR.jpg"	"https://github.com/ronenglish-archive/ron-english-sketches-grins/blob/main/images/Sketches/grins/Grin%20Flower%20COLOR.jpg"	"141885"	"b452f028e9157ddc1209fcd6f9a1f0699853aa82"
"Grin Flower ORIGINAL.jpg"	"images/Sketches/grins/Grin Flower ORIGINAL.jpg"	"https://github.com/ronenglish-archive/ron-english-sketches-grins/blob/main/images/Sketches/grins/Grin%20Flower%20ORIGINAL.jpg"	"317763"	"7098695ede4f34d9c29068d063173656124807a1"
"Grin God back B&W.jpg"	"images/Sketches/grins/Grin God back B&W.jpg"	"https://github.com/ronenglish-archive/ron-english-sketches-grins/blob/main/images/Sketches/grins/Grin%20God%20back%20B&W.jpg"	"359593"	"35b2998956e68bb25ce0c1b4df90eada69bcba40"
"Grin God back COLOR.jpg"	"images/Sketches/grins/Grin God back COLOR.jpg"	"https://github.com/ronenglish-archive/ron-english-sketches-grins/blob/main/images/Sketches/grins/Grin%20God%20back%20COLOR.jpg"	"320994"	"703497d2310a073f651536ccaa0bb0fd36ff23c8"
"Grin God back ORIGINAL.jpg"	"images/Sketches/grins/Grin God back ORIGINAL.jpg"	"https://github.com/ronenglish-archive/ron-english-sketches-grins/blob/main/images/Sketches/grins/Grin%20God%20back%20ORIGINAL.jpg"	"126650"	"fd4d5c9801d9a947f7238b7e27b6a6ad59ed3b91"
"Grin God COLOR.jpg"	"images/Sketches/grins/Grin God COLOR.jpg"	"https://github.com/ronenglish-archive/ron-english-sketches-grins/blob/main/images/Sketches/grins/Grin%20God%20COLOR.jpg"	"276477"	"7b1997190083770ebe2a0ae3c9354e4b7c91ce7f"
"Grin God left side B&W.jpg"	"images/Sketches/grins/Grin God left side B&W.jpg"	"https://github.com/ronenglish-archive/ron-english-sketches-grins/blob/main/images/Sketches/grins/Grin%20God%20left%20side%20B&W.jpg"	"217003"	"7849b6911542dfa80ec9a4d48848dd3036104f36"
"Grin God left side COLOR.jpg"	"images/Sketches/grins/Grin God left side COLOR.jpg"	"https://github.com/ronenglish-archive/ron-english-sketches-grins/blob/main/images/Sketches/grins/Grin%20God%20left%20side%20COLOR.jpg"	"282762"	"1d65b0e6da08d4189af90616b529fb63177bd45b"
"Grin God left side ORIGINAL.jpg"	"images/Sketches/grins/Grin God left side ORIGINAL.jpg"	"https://github.com/ronenglish-archive/ron-english-sketches-grins/blob/main/images/Sketches/grins/Grin%20God%20left%20side%20ORIGINAL.jpg"	"154546"	"c62385d34ab28179082a15601ca9457688452a0e"
"Grin God ORIGINAL COLOR 1.jpg"	"images/Sketches/grins/Grin God ORIGINAL COLOR 1.jpg"	"https://github.com/ronenglish-archive/ron-english-sketches-grins/blob/main/images/Sketches/grins/Grin%20God%20ORIGINAL%20COLOR%201.jpg"	"109835"	"70a2d10517d152611b51e1c25a00e81654706137"
"Grin God ORIGINAL COLOR 2.jpg"	"images/Sketches/grins/Grin God ORIGINAL COLOR 2.jpg"	"https://github.com/ronenglish-archive/ron-english-sketches-grins/blob/main/images/Sketches/grins/Grin%20God%20ORIGINAL%20COLOR%202.jpg"	"197936"	"4b7a5f31c5ce9228e6ecd7c86752f1ea0f9feba1"
"Grin God ORIGINAL.jpg"	"images/Sketches/grins/Grin God ORIGINAL.jpg"	"https://github.com/ronenglish-archive/ron-english-sketches-grins/blob/main/images/Sketches/grins/Grin%20God%20ORIGINAL.jpg"	"351080"	"6d821d1bc6b432ffcfc5d3d2bef6fe7c9b9ac8be"
"Grin God right side B&W.jpg"	"images/Sketches/grins/Grin God right side B&W.jpg"	"https://github.com/ronenglish-archive/ron-english-sketches-grins/blob/main/images/Sketches/grins/Grin%20God%20right%20side%20B&W.jpg"	"208562"	"54e0375488147d045b889faafd0c3c6a2cc714f0"
"Grin God right side COLOR.jpg"	"images/Sketches/grins/Grin God right side COLOR.jpg"	"https://github.com/ronenglish-archive/ron-english-sketches-grins/blob/main/images/Sketches/grins/Grin%20God%20right%20side%20COLOR.jpg"	"278641"	"d48fdf8a7e881c122294b2f181813a2ae0a41f33"
"Grin God right side ORIGINAL.jpg"	"images/Sketches/grins/Grin God right side ORIGINAL.jpg"	"https://github.com/ronenglish-archive/ron-english-sketches-grins/blob/main/images/Sketches/grins/Grin%20God%20right%20side%20ORIGINAL.jpg"	"149855"	"ef560ea17907fd6b94b2ba7243c16a587dc196f3"
"Grin Kitty B&W.jpg"	"images/Sketches/grins/Grin Kitty B&W.jpg"	"https://github.com/ronenglish-archive/ron-english-sketches-grins/blob/main/images/Sketches/grins/Grin%20Kitty%20B&W.jpg"	"225254"	"3486c56a5b4f7659845b1a552fb024c0ecfe923c"
"Grin Kitty ORIGINAL.jpg"	"images/Sketches/grins/Grin Kitty ORIGINAL.jpg"	"https://github.com/ronenglish-archive/ron-english-sketches-grins/blob/main/images/Sketches/grins/Grin%20Kitty%20ORIGINAL.jpg"	"371788"	"d61f9063a736cd2e6b99653ccc50176636473557"
"Grin Mouth ORIGINAL.jpg"	"images/Sketches/grins/Grin Mouth ORIGINAL.jpg"	"https://github.com/ronenglish-archive/ron-english-sketches-grins/blob/main/images/Sketches/grins/Grin%20Mouth%20ORIGINAL.jpg"	"237498"	"c2585343245af668e9cc6bcb0773a2327abed1d9"
"Grin Planet B&W.png"	"images/Sketches/grins/Grin Planet B&W.png"	"https://github.com/ronenglish-archive/ron-english-sketches-grins/blob/main/images/Sketches/grins/Grin%20Planet%20B&W.png"	"399459"	"9c3912e97b79576aa709876f43b53fcfea15a550"
"Grin Planet COLOR.jpg"	"images/Sketches/grins/Grin Planet COLOR.jpg"	"https://github.com/ronenglish-archive/ron-english-sketches-grins/blob/main/images/Sketches/grins/Grin%20Planet%20COLOR.jpg"	"309630"	"51c1734795deeac4b3dc7253ebac153ec476de1d"
"Grin Reaper version 2 B&W.jpg"	"images/Sketches/grins/Grin Reaper version 2 B&W.jpg"	"https://github.com/ronenglish-archive/ron-english-sketches-grins/blob/main/images/Sketches/grins/Grin%20Reaper%20version%202%20B&W.jpg"	"192320"	"b8ce0e433bf9d030ee699dd58d08d772ec56f749"
"Grin Reaper version 2 COLOR.jpg"	"images/Sketches/grins/Grin Reaper version 2 COLOR.jpg"	"https://github.com/ronenglish-archive/ron-english-sketches-grins/blob/main/images/Sketches/grins/Grin%20Reaper%20version%202%20COLOR.jpg"	"442129"	"3c507503340c6ede284adc4ef861f55bb12754bd"
"Grin Reaper With Facemask ORIGINAL COLOR 1.jpg"	"images/Sketches/grins/Grin Reaper With Facemask ORIGINAL COLOR 1.jpg"	"https://github.com/ronenglish-archive/ron-english-sketches-grins/blob/main/images/Sketches/grins/Grin%20Reaper%20With%20Facemask%20ORIGINAL%20COLOR%201.jpg"	"215680"	"48859feb207186dc5986bc1e856834b8ccc068bc"
"Grin Reaper With Facemask ORIGINAL COLOR 2.jpg"	"images/Sketches/grins/Grin Reaper With Facemask ORIGINAL COLOR 2.jpg"	"https://github.com/ronenglish-archive/ron-english-sketches-grins/blob/main/images/Sketches/grins/Grin%20Reaper%20With%20Facemask%20ORIGINAL%20COLOR%202.jpg"	"218184"	"c7e4999fbb31348924997126af57f75cee56aa2b"
"Grin Reaper With Facemask ORIGINAL COLOR 3.jpg"	"images/Sketches/grins/Grin Reaper With Facemask ORIGINAL COLOR 3.jpg"	"https://github.com/ronenglish-archive/ron-english-sketches-grins/blob/main/images/Sketches/grins/Grin%20Reaper%20With%20Facemask%20ORIGINAL%20COLOR%203.jpg"	"199571"	"fe72ffb73508b6e831af5a42142e92b3d426953d"
"Grin Smoker B&W shaded.jpg"	"images/Sketches/grins/Grin Smoker B&W shaded.jpg"	"https://github.com/ronenglish-archive/ron-english-sketches-grins/blob/main/images/Sketches/grins/Grin%20Smoker%20B&W%20shaded.jpg"	"173152"	"f2cf135f03d43e9e474d16b8f66a6492bb958465"
"Grin Smoker COLOR.jpg"	"images/Sketches/grins/Grin Smoker COLOR.jpg"	"https://github.com/ronenglish-archive/ron-english-sketches-grins/blob/main/images/Sketches/grins/Grin%20Smoker%20COLOR.jpg"	"175654"	"658e567c78e64665c30d8a6b173dd355d555e9d8"
"Grin Smoker copy.jpg"	"images/Sketches/grins/Grin Smoker copy.jpg"	"https://github.com/ronenglish-archive/ron-english-sketches-grins/blob/main/images/Sketches/grins/Grin%20Smoker%20copy.jpg"	"221812"	"8e66d9f4a65a2dcb777f899958d436f9f66ba9c7"
"Grin Smoker Portrait ORIGINAL.jpg"	"images/Sketches/grins/Grin Smoker Portrait ORIGINAL.jpg"	"https://github.com/ronenglish-archive/ron-english-sketches-grins/blob/main/images/Sketches/grins/Grin%20Smoker%20Portrait%20ORIGINAL.jpg"	"131901"	"30126cb5fbb933bc7bdfd78384debb9a3cd2d0c9"
"Grinch Grin B&W.jpg"	"images/Sketches/grins/Grinch Grin B&W.jpg"	"https://github.com/ronenglish-archive/ron-english-sketches-grins/blob/main/images/Sketches/grins/Grinch%20Grin%20B&W.jpg"	"215741"	"30448d7b722a62885900919a88035abb6fcd5f1f"
"Grinch Grin COLOR.jpg"	"images/Sketches/grins/Grinch Grin COLOR.jpg"	"https://github.com/ronenglish-archive/ron-english-sketches-grins/blob/main/images/Sketches/grins/Grinch%20Grin%20COLOR.jpg"	"299873"	"25f959c8cd2e615a1c5c6f80571dbb0ba71a9898"
"Grinch Grin ORIGINAL.jpg"	"images/Sketches/grins/Grinch Grin ORIGINAL.jpg"	"https://github.com/ronenglish-archive/ron-english-sketches-grins/blob/main/images/Sketches/grins/Grinch%20Grin%20ORIGINAL.jpg"	"199586"	"da45d7d77b673539ec32ebc4fffe353e05125c0f"
"Grinnie and Friends Totem Pole ORIGINAL.jpg"	"images/Sketches/grins/Grinnie and Friends Totem Pole ORIGINAL.jpg"	"https://github.com/ronenglish-archive/ron-english-sketches-grins/blob/main/images/Sketches/grins/Grinnie%20and%20Friends%20Totem%20Pole%20ORIGINAL.jpg"	"195333"	"1e579f91880d9089460aba4fbe13addbad010cdf"
"Grinnie COLOR.jpg"	"images/Sketches/grins/Grinnie COLOR.jpg"	"https://github.com/ronenglish-archive/ron-english-sketches-grins/blob/main/images/Sketches/grins/Grinnie%20COLOR.jpg"	"454122"	"3031b58ec230897836bfc0c9946b2cc15030b204"
"Grinnie Delusionville Pilot  COLOR.jpg"	"images/Sketches/grins/Grinnie Delusionville Pilot  COLOR.jpg"	"https://github.com/ronenglish-archive/ron-english-sketches-grins/blob/main/images/Sketches/grins/Grinnie%20Delusionville%20Pilot%20%20COLOR.jpg"	"220696"	"567f952f65f4686c6b0f6e50d8790ca4f257c40c"
"Grinnie Delusionville Pilot in plane front B&W.jpg"	"images/Sketches/grins/Grinnie Delusionville Pilot in plane front B&W.jpg"	"https://github.com/ronenglish-archive/ron-english-sketches-grins/blob/main/images/Sketches/grins/Grinnie%20Delusionville%20Pilot%20in%20plane%20front%20B&W.jpg"	"116594"	"497c9ce6c32053deae0d94240778ed389a92f95a"
"Grinnie Delusionville Pilot in plane front COLOR.jpg"	"images/Sketches/grins/Grinnie Delusionville Pilot in plane front COLOR.jpg"	"https://github.com/ronenglish-archive/ron-english-sketches-grins/blob/main/images/Sketches/grins/Grinnie%20Delusionville%20Pilot%20in%20plane%20front%20COLOR.jpg"	"166682"	"ddfb8bde36f386c25dc25bf838205f5f246094bb"
"Grinnie Delusionville Pilot in plane side B&W.jpg"	"images/Sketches/grins/Grinnie Delusionville Pilot in plane side B&W.jpg"	"https://github.com/ronenglish-archive/ron-english-sketches-grins/blob/main/images/Sketches/grins/Grinnie%20Delusionville%20Pilot%20in%20plane%20side%20B&W.jpg"	"408240"	"e8626e90b135c37f26eeabd7547f25438fefbc72"
"Grinnie Delusionville Pilot in plane side COLOR.jpg"	"images/Sketches/grins/Grinnie Delusionville Pilot in plane side COLOR.jpg"	"https://github.com/ronenglish-archive/ron-english-sketches-grins/blob/main/images/Sketches/grins/Grinnie%20Delusionville%20Pilot%20in%20plane%20side%20COLOR.jpg"	"427412"	"515ea188e5328236fe41900655d7ce16444d9428"
"Grinnie Delusionville Pilot in plane three quarters B&W.png"	"images/Sketches/grins/Grinnie Delusionville Pilot in plane three quarters B&W.png"	"https://github.com/ronenglish-archive/ron-english-sketches-grins/blob/main/images/Sketches/grins/Grinnie%20Delusionville%20Pilot%20in%20plane%20three%20quarters%20B&W.png"	"74945"	"0949df262713519a3423e28658f9c4caa922e89b"
"Grinnie Delusionville Pilot side B&W.jpg"	"images/Sketches/grins/Grinnie Delusionville Pilot side B&W.jpg"	"https://github.com/ronenglish-archive/ron-english-sketches-grins/blob/main/images/Sketches/grins/Grinnie%20Delusionville%20Pilot%20side%20B&W.jpg"	"392787"	"833fbf4a0050f76c3fa2d43c4f5abca5b13ba28e"
"Grinnie Delusionville Pilot side COLOR.jpg"	"images/Sketches/grins/Grinnie Delusionville Pilot side COLOR.jpg"	"https://github.com/ronenglish-archive/ron-english-sketches-grins/blob/main/images/Sketches/grins/Grinnie%20Delusionville%20Pilot%20side%20COLOR.jpg"	"177455"	"b069d0dd1359cac8b53e533bbc46f405c2cf221c"
"Grinnie Family Icon COLOR.jpg"	"images/Sketches/grins/Grinnie Family Icon COLOR.jpg"	"https://github.com/ronenglish-archive/ron-english-sketches-grins/blob/main/images/Sketches/grins/Grinnie%20Family%20Icon%20COLOR.jpg"	"190916"	"0c2677e626a5a477eb612f25e0d412c1bdb78738"
"Grinnie on Horseback ORIGINAL 2.jpg"	"images/Sketches/grins/Grinnie on Horseback ORIGINAL 2.jpg"	"https://github.com/ronenglish-archive/ron-english-sketches-grins/blob/main/images/Sketches/grins/Grinnie%20on%20Horseback%20ORIGINAL%202.jpg"	"239785"	"92c35866db7e0c49dd2a75b37f9520e01202c212"
"Grinnie on Horseback ORIGINAL.jpg"	"images/Sketches/grins/Grinnie on Horseback ORIGINAL.jpg"	"https://github.com/ronenglish-archive/ron-english-sketches-grins/blob/main/images/Sketches/grins/Grinnie%20on%20Horseback%20ORIGINAL.jpg"	"178751"	"ae7867c236fdc4b580196fb54259a2a95b9be409"
"Grinnie Side view COLOR.png"	"images/Sketches/grins/Grinnie Side view COLOR.png"	"https://github.com/ronenglish-archive/ron-english-sketches-grins/blob/main/images/Sketches/grins/Grinnie%20Side%20view%20COLOR.png"	"81220"	"0b3aa7477ce40f734450e1f85bbeccbf96e5200d"
"Grinnie Sideview Eyeball B&W.jpg"	"images/Sketches/grins/Grinnie Sideview Eyeball B&W.jpg"	"https://github.com/ronenglish-archive/ron-english-sketches-grins/blob/main/images/Sketches/grins/Grinnie%20Sideview%20Eyeball%20B&W.jpg"	"335050"	"db620e46d1b0e9b9524518505f65049b6f8db820"
"Grinnie Sideview Eyeball COLOR.jpg"	"images/Sketches/grins/Grinnie Sideview Eyeball COLOR.jpg"	"https://github.com/ronenglish-archive/ron-english-sketches-grins/blob/main/images/Sketches/grins/Grinnie%20Sideview%20Eyeball%20COLOR.jpg"	"481010"	"fe1c4a7aab48581e89979f83a71543ea394e87c2"
"Grinnie three quarters B&W.jpg"	"images/Sketches/grins/Grinnie three quarters B&W.jpg"	"https://github.com/ronenglish-archive/ron-english-sketches-grins/blob/main/images/Sketches/grins/Grinnie%20three%20quarters%20B&W.jpg"	"160610"	"12f9c1be1723e2c702dd6b571f4729c767148c86"
"Grinnie three quarters COLOR.jpg"	"images/Sketches/grins/Grinnie three quarters COLOR.jpg"	"https://github.com/ronenglish-archive/ron-english-sketches-grins/blob/main/images/Sketches/grins/Grinnie%20three%20quarters%20COLOR.jpg"	"225637"	"294cee302f069126bc337f172129b8265b8885b4"
"Grinnies Grin B&W.jpg"	"images/Sketches/grins/Grinnies Grin B&W.jpg"	"https://github.com/ronenglish-archive/ron-english-sketches-grins/blob/main/images/Sketches/grins/Grinnies%20Grin%20B&W.jpg"	"296422"	"4294ef363feef4f83f66775db60b83b9fff004cb"
"Grinnies Grin COLOR.jpg"	"images/Sketches/grins/Grinnies Grin COLOR.jpg"	"https://github.com/ronenglish-archive/ron-english-sketches-grins/blob/main/images/Sketches/grins/Grinnies%20Grin%20COLOR.jpg"	"240874"	"75e222a4446665ba183f77db2a07a7e8c2f34152"
"Grinnies Grin ORIGINAL 2.jpg"	"images/Sketches/grins/Grinnies Grin ORIGINAL 2.jpg"	"https://github.com/ronenglish-archive/ron-english-sketches-grins/blob/main/images/Sketches/grins/Grinnies%20Grin%20ORIGINAL%202.jpg"	"360246"	"c0a7cac4d9da59785825f2032ec96e8a8bde671f"
"Grinnies on TV B&W.jpg"	"images/Sketches/grins/Grinnies on TV B&W.jpg"	"https://github.com/ronenglish-archive/ron-english-sketches-grins/blob/main/images/Sketches/grins/Grinnies%20on%20TV%20B&W.jpg"	"237512"	"61ff4c706276ad1168d368cffd36db2272cc3610"
"Grinnies on TV COLOR.jpg"	"images/Sketches/grins/Grinnies on TV COLOR.jpg"	"https://github.com/ronenglish-archive/ron-english-sketches-grins/blob/main/images/Sketches/grins/Grinnies%20on%20TV%20COLOR.jpg"	"268542"	"2f0642ee8339a9b5cd4b35c557cc39bf2f36d0a3"
"Grinnies on TV ORIGINAL.jpg"	"images/Sketches/grins/Grinnies on TV ORIGINAL.jpg"	"https://github.com/ronenglish-archive/ron-english-sketches-grins/blob/main/images/Sketches/grins/Grinnies%20on%20TV%20ORIGINAL.jpg"	"240477"	"3600d70e81e55ad7fe4258388b67bcf364a7ccdf"
"Grinnies Twins B&W.jpg"	"images/Sketches/grins/Grinnies Twins B&W.jpg"	"https://github.com/ronenglish-archive/ron-english-sketches-grins/blob/main/images/Sketches/grins/Grinnies%20Twins%20B&W.jpg"	"423812"	"7ed6398aa2f5ce7cb2fa849b0a8ca92e8d381876"
"Grinnies Twins COLOR.jpg"	"images/Sketches/grins/Grinnies Twins COLOR.jpg"	"https://github.com/ronenglish-archive/ron-english-sketches-grins/blob/main/images/Sketches/grins/Grinnies%20Twins%20COLOR.jpg"	"301259"	"8648dc7d9e47640d4548416aff1a01fed738a4a5"
"Grinnies Twins ORIGINAL.jpg"	"images/Sketches/grins/Grinnies Twins ORIGINAL.jpg"	"https://github.com/ronenglish-archive/ron-english-sketches-grins/blob/main/images/Sketches/grins/Grinnies%20Twins%20ORIGINAL.jpg"	"211311"	"398fbea0059bf53f105e8a02a18996bd29e14fd8"
"Grinplanet Nobody COLOR.jpg"	"images/Sketches/grins/Grinplanet Nobody COLOR.jpg"	"https://github.com/ronenglish-archive/ron-english-sketches-grins/blob/main/images/Sketches/grins/Grinplanet%20Nobody%20COLOR.jpg"	"54726"	"08302b29063b04150e5947b4045c0f96ef6a9b2e"
"Grogu Grin B&W.jpg"	"images/Sketches/grins/Grogu Grin B&W.jpg"	"https://github.com/ronenglish-archive/ron-english-sketches-grins/blob/main/images/Sketches/grins/Grogu%20Grin%20B&W.jpg"	"280705"	"aebf18ad3c58f23d00975f371b60f860bc6bb663"
"Grogu Grin COLOR.jpg"	"images/Sketches/grins/Grogu Grin COLOR.jpg"	"https://github.com/ronenglish-archive/ron-english-sketches-grins/blob/main/images/Sketches/grins/Grogu%20Grin%20COLOR.jpg"	"56555"	"89569d2a32b0f015feb54f239a88a8124b2ee851"
"Grouch Grin B&W.jpg"	"images/Sketches/grins/Grouch Grin B&W.jpg"	"https://github.com/ronenglish-archive/ron-english-sketches-grins/blob/main/images/Sketches/grins/Grouch%20Grin%20B&W.jpg"	"505243"	"6438a93a80e7087379d2f0b1ced8d680a0cc6b2c"
"Grouch Grin COLOR.jpg"	"images/Sketches/grins/Grouch Grin COLOR.jpg"	"https://github.com/ronenglish-archive/ron-english-sketches-grins/blob/main/images/Sketches/grins/Grouch%20Grin%20COLOR.jpg"	"401369"	"52a1b2a227d6abc5fc28018d2181c3dd23b8e505"
"Grouch Grin ORIGINAL.jpg"	"images/Sketches/grins/Grouch Grin ORIGINAL.jpg"	"https://github.com/ronenglish-archive/ron-english-sketches-grins/blob/main/images/Sketches/grins/Grouch%20Grin%20ORIGINAL.jpg"	"322657"	"51e8c30b4a75b653ed5557b0d1c637754edd75fb"
"Gummy Bear Grin B&W.jpg"	"images/Sketches/grins/Gummy Bear Grin B&W.jpg"	"https://github.com/ronenglish-archive/ron-english-sketches-grins/blob/main/images/Sketches/grins/Gummy%20Bear%20Grin%20B&W.jpg"	"355471"	"e9b13c1743d145cb9fe31ce18178c05339290535"
"Gummy Bear Grin COLOR.jpg"	"images/Sketches/grins/Gummy Bear Grin COLOR.jpg"	"https://github.com/ronenglish-archive/ron-english-sketches-grins/blob/main/images/Sketches/grins/Gummy%20Bear%20Grin%20COLOR.jpg"	"559133"	"3e5a1ec3c181102906fad5a71de9703af0d23d0b"
"Gummy Bear Grin ORIGINAL.jpg"	"images/Sketches/grins/Gummy Bear Grin ORIGINAL.jpg"	"https://github.com/ronenglish-archive/ron-english-sketches-grins/blob/main/images/Sketches/grins/Gummy%20Bear%20Grin%20ORIGINAL.jpg"	"255584"	"4aacb63dfff6cf1086b91e20331b99b964f9e629"
"Hawaiian Punch Grin B&W.jpg"	"images/Sketches/grins/Hawaiian Punch Grin B&W.jpg"	"https://github.com/ronenglish-archive/ron-english-sketches-grins/blob/main/images/Sketches/grins/Hawaiian%20Punch%20Grin%20B&W.jpg"	"441002"	"d852f9af5407b802638f772b23aac8c2bbbd392d"
"Hawaiian Punch Grin COLOR.jpg"	"images/Sketches/grins/Hawaiian Punch Grin COLOR.jpg"	"https://github.com/ronenglish-archive/ron-english-sketches-grins/blob/main/images/Sketches/grins/Hawaiian%20Punch%20Grin%20COLOR.jpg"	"462130"	"19eadb516ad5b61a5b24c9ee9d73973c6af0fabb"
"Hawaiian Punch Grin ORIGINAL.jpg"	"images/Sketches/grins/Hawaiian Punch Grin ORIGINAL.jpg"	"https://github.com/ronenglish-archive/ron-english-sketches-grins/blob/main/images/Sketches/grins/Hawaiian%20Punch%20Grin%20ORIGINAL.jpg"	"327701"	"9000f5c02a836c4f03b06050866842a597e72bfc"
"Hello Kitty Grin B&W.jpg"	"images/Sketches/grins/Hello Kitty Grin B&W.jpg"	"https://github.com/ronenglish-archive/ron-english-sketches-grins/blob/main/images/Sketches/grins/Hello%20Kitty%20Grin%20B&W.jpg"	"320727"	"fd8e390e2b380271cf67a0869bd5c7dca7438b05"
"Hello Kitty Grin COLOR.jpg"	"images/Sketches/grins/Hello Kitty Grin COLOR.jpg"	"https://github.com/ronenglish-archive/ron-english-sketches-grins/blob/main/images/Sketches/grins/Hello%20Kitty%20Grin%20COLOR.jpg"	"493448"	"9730416d70e259ce476eebb8baebdf9652c7948d"
"Hello Kitty Grin left side B&W.jpg"	"images/Sketches/grins/Hello Kitty Grin left side B&W.jpg"	"https://github.com/ronenglish-archive/ron-english-sketches-grins/blob/main/images/Sketches/grins/Hello%20Kitty%20Grin%20left%20side%20B&W.jpg"	"129103"	"03df784922626555ebce67379c24053718c51637"
"Hello Kitty Grin left side COLOR.jpg"	"images/Sketches/grins/Hello Kitty Grin left side COLOR.jpg"	"https://github.com/ronenglish-archive/ron-english-sketches-grins/blob/main/images/Sketches/grins/Hello%20Kitty%20Grin%20left%20side%20COLOR.jpg"	"423513"	"2bfe2edfc832a9ce44d80ad833230b14e8408815"
"Hello Kitty Grin left side ORIGINAL.jpg"	"images/Sketches/grins/Hello Kitty Grin left side ORIGINAL.jpg"	"https://github.com/ronenglish-archive/ron-english-sketches-grins/blob/main/images/Sketches/grins/Hello%20Kitty%20Grin%20left%20side%20ORIGINAL.jpg"	"178891"	"c38e1edf4f686b31ed6080e0fe4bb2844fda48cf"
"Hello Kitty Grin ORIGINAL 2.jpg"	"images/Sketches/grins/Hello Kitty Grin ORIGINAL 2.jpg"	"https://github.com/ronenglish-archive/ron-english-sketches-grins/blob/main/images/Sketches/grins/Hello%20Kitty%20Grin%20ORIGINAL%202.jpg"	"274028"	"3ed6c199eb116dc7ccf6e541b273cc75d5807d8f"
"Hello Kitty Grin ORIGINAL.jpg"	"images/Sketches/grins/Hello Kitty Grin ORIGINAL.jpg"	"https://github.com/ronenglish-archive/ron-english-sketches-grins/blob/main/images/Sketches/grins/Hello%20Kitty%20Grin%20ORIGINAL.jpg"	"245382"	"8099bc44144e64edf2df52aec856aebe3615f914"
"Hello Kitty Grin right side B&W.jpg"	"images/Sketches/grins/Hello Kitty Grin right side B&W.jpg"	"https://github.com/ronenglish-archive/ron-english-sketches-grins/blob/main/images/Sketches/grins/Hello%20Kitty%20Grin%20right%20side%20B&W.jpg"	"119017"	"b0c9b86c83aa3eae168d63ecd202be628515f32b"
"Hello Kitty Grin right side COLOR.jpg"	"images/Sketches/grins/Hello Kitty Grin right side COLOR.jpg"	"https://github.com/ronenglish-archive/ron-english-sketches-grins/blob/main/images/Sketches/grins/Hello%20Kitty%20Grin%20right%20side%20COLOR.jpg"	"390605"	"c9d4e0e3583335305bb6e8e537a0a75c415f5f9f"
"Hello Kitty Grin right side ORIGINAL.jpg"	"images/Sketches/grins/Hello Kitty Grin right side ORIGINAL.jpg"	"https://github.com/ronenglish-archive/ron-english-sketches-grins/blob/main/images/Sketches/grins/Hello%20Kitty%20Grin%20right%20side%20ORIGINAL.jpg"	"183489"	"2ae75fa9bec71e4e53e1e616b78fd97cf007d5e6"
"Hello Kitty ORIGINAL COLOR.jpg"	"images/Sketches/grins/Hello Kitty ORIGINAL COLOR.jpg"	"https://github.com/ronenglish-archive/ron-english-sketches-grins/blob/main/images/Sketches/grins/Hello%20Kitty%20ORIGINAL%20COLOR.jpg"	"132093"	"f0f4a0892f689f8311852252c457cc79522e6f14"
"Homer Grin 3 back B&W.jpg"	"images/Sketches/grins/Homer Grin 3 back B&W.jpg"	"https://github.com/ronenglish-archive/ron-english-sketches-grins/blob/main/images/Sketches/grins/Homer%20Grin%203%20back%20B&W.jpg"	"412526"	"49d2b5292aa8ed8ef4d50f1080dc12b028ed832e"
"Homer Grin 3 back COLOR.jpg"	"images/Sketches/grins/Homer Grin 3 back COLOR.jpg"	"https://github.com/ronenglish-archive/ron-english-sketches-grins/blob/main/images/Sketches/grins/Homer%20Grin%203%20back%20COLOR.jpg"	"440592"	"09239a54bb8efde43577b3b557f6a3739f5e75ea"
"Homer Grin 3 back ORIGINAL.jpg"	"images/Sketches/grins/Homer Grin 3 back ORIGINAL.jpg"	"https://github.com/ronenglish-archive/ron-english-sketches-grins/blob/main/images/Sketches/grins/Homer%20Grin%203%20back%20ORIGINAL.jpg"	"155753"	"4cd4ea27bd4c33d78ea25bdbf11539fdf1fbe9c0"
"Homer Grin 3 front B&W.jpg"	"images/Sketches/grins/Homer Grin 3 front B&W.jpg"	"https://github.com/ronenglish-archive/ron-english-sketches-grins/blob/main/images/Sketches/grins/Homer%20Grin%203%20front%20B&W.jpg"	"142039"	"1c539d5fabded9b8e3385a118e465fe41097dc03"
"Homer Grin 3 front COLOR.jpg"	"images/Sketches/grins/Homer Grin 3 front COLOR.jpg"	"https://github.com/ronenglish-archive/ron-english-sketches-grins/blob/main/images/Sketches/grins/Homer%20Grin%203%20front%20COLOR.jpg"	"189362"	"468664ea5b6a8e2f03b42d78f470e80dc951f8b0"
"Homer Grin 3 front ORIGINAL.jpg"	"images/Sketches/grins/Homer Grin 3 front ORIGINAL.jpg"	"https://github.com/ronenglish-archive/ron-english-sketches-grins/blob/main/images/Sketches/grins/Homer%20Grin%203%20front%20ORIGINAL.jpg"	"166778"	"5f08682c48e8072ae8a9d627e65d2b5abf66958e"
"Homer Grin 3 left side B&W.jpg"	"images/Sketches/grins/Homer Grin 3 left side B&W.jpg"	"https://github.com/ronenglish-archive/ron-english-sketches-grins/blob/main/images/Sketches/grins/Homer%20Grin%203%20left%20side%20B&W.jpg"	"297495"	"48fae3cf108d1c180914524a3587a37ea53f6e5b"
"Homer Grin 3 left side COLOR.jpg"	"images/Sketches/grins/Homer Grin 3 left side COLOR.jpg"	"https://github.com/ronenglish-archive/ron-english-sketches-grins/blob/main/images/Sketches/grins/Homer%20Grin%203%20left%20side%20COLOR.jpg"	"314189"	"e83b33e89c8405431dcc2ff25a7bb691010fbd36"
"Homer Grin 3 left side ORIGINAL.jpg"	"images/Sketches/grins/Homer Grin 3 left side ORIGINAL.jpg"	"https://github.com/ronenglish-archive/ron-english-sketches-grins/blob/main/images/Sketches/grins/Homer%20Grin%203%20left%20side%20ORIGINAL.jpg"	"158644"	"92a6f440cfce9ed9fe60a6f77372a66f474f6544"
"Homer Grin 3 right side B&W.jpg"	"images/Sketches/grins/Homer Grin 3 right side B&W.jpg"	"https://github.com/ronenglish-archive/ron-english-sketches-grins/blob/main/images/Sketches/grins/Homer%20Grin%203%20right%20side%20B&W.jpg"	"296637"	"6bd45489ba85f98a3353b074ca0e2eeb6bd27255"
"Homer Grin 3 right side COLOR.jpg"	"images/Sketches/grins/Homer Grin 3 right side COLOR.jpg"	"https://github.com/ronenglish-archive/ron-english-sketches-grins/blob/main/images/Sketches/grins/Homer%20Grin%203%20right%20side%20COLOR.jpg"	"313003"	"5dcc5cf102e47453adb54a0c603da980e73a325f"
"Homer Grin 3 right side ORIGINAL.jpg"	"images/Sketches/grins/Homer Grin 3 right side ORIGINAL.jpg"	"https://github.com/ronenglish-archive/ron-english-sketches-grins/blob/main/images/Sketches/grins/Homer%20Grin%203%20right%20side%20ORIGINAL.jpg"	"156985"	"2d561491ba31672b6c0536292c55f9d5100b64c7"
"Homer Grin B&W.jpg"	"images/Sketches/grins/Homer Grin B&W.jpg"	"https://github.com/ronenglish-archive/ron-english-sketches-grins/blob/main/images/Sketches/grins/Homer%20Grin%20B&W.jpg"	"305877"	"f166e189ebec3810145f62ed25a2ee80e54ae617"
"Homer Grin COLOR.jpg"	"images/Sketches/grins/Homer Grin COLOR.jpg"	"https://github.com/ronenglish-archive/ron-english-sketches-grins/blob/main/images/Sketches/grins/Homer%20Grin%20COLOR.jpg"	"535389"	"6d8af0afb71cfe61d1ba342c824a6ec3e1fd579c"
"Homer Grin Flying B&W.jpg"	"images/Sketches/grins/Homer Grin Flying B&W.jpg"	"https://github.com/ronenglish-archive/ron-english-sketches-grins/blob/main/images/Sketches/grins/Homer%20Grin%20Flying%20B&W.jpg"	"329311"	"36b34c50be4113cb6e4dd9ee6618e0f577022eaf"
"Homer Grin Flying COLOR.jpg"	"images/Sketches/grins/Homer Grin Flying COLOR.jpg"	"https://github.com/ronenglish-archive/ron-english-sketches-grins/blob/main/images/Sketches/grins/Homer%20Grin%20Flying%20COLOR.jpg"	"491442"	"2437a706be553cea64aa51b5863660833fd528b2"
"Homer Grin Flying ORIGINAL.jpg"	"images/Sketches/grins/Homer Grin Flying ORIGINAL.jpg"	"https://github.com/ronenglish-archive/ron-english-sketches-grins/blob/main/images/Sketches/grins/Homer%20Grin%20Flying%20ORIGINAL.jpg"	"330655"	"a0b58dc47f7ce9e48d427b2d9e574b4d086c5d79"
"Homer Grin headshot B&W.jpg"	"images/Sketches/grins/Homer Grin headshot B&W.jpg"	"https://github.com/ronenglish-archive/ron-english-sketches-grins/blob/main/images/Sketches/grins/Homer%20Grin%20headshot%20B&W.jpg"	"351493"	"c46d073cbf29fd066d3f8f9bb55dcb3d72477676"
"Homer Grin headshot COLOR.jpg"	"images/Sketches/grins/Homer Grin headshot COLOR.jpg"	"https://github.com/ronenglish-archive/ron-english-sketches-grins/blob/main/images/Sketches/grins/Homer%20Grin%20headshot%20COLOR.jpg"	"223861"	"3af47f36c2919c0563fe7e3921049d75bff5590a"
"Homer Grin headshot ORIGINAL.jpg"	"images/Sketches/grins/Homer Grin headshot ORIGINAL.jpg"	"https://github.com/ronenglish-archive/ron-english-sketches-grins/blob/main/images/Sketches/grins/Homer%20Grin%20headshot%20ORIGINAL.jpg"	"177028"	"b6e3e2487712d39d466db5ae59bff0b3a7ff6281"
"Homer Grin headshot side B&W.jpg"	"images/Sketches/grins/Homer Grin headshot side B&W.jpg"	"https://github.com/ronenglish-archive/ron-english-sketches-grins/blob/main/images/Sketches/grins/Homer%20Grin%20headshot%20side%20B&W.jpg"	"310198"	"d2a0f24d7e6d7ea499916278d4e16476480b1011"
"Homer Grin headshot side COLOR.jpg"	"images/Sketches/grins/Homer Grin headshot side COLOR.jpg"	"https://github.com/ronenglish-archive/ron-english-sketches-grins/blob/main/images/Sketches/grins/Homer%20Grin%20headshot%20side%20COLOR.jpg"	"222277"	"a79ed755a0397a15e1360f9a5dcb8a354849ac79"
"Homer Grin headshot side ORIGINAL.jpg"	"images/Sketches/grins/Homer Grin headshot side ORIGINAL.jpg"	"https://github.com/ronenglish-archive/ron-english-sketches-grins/blob/main/images/Sketches/grins/Homer%20Grin%20headshot%20side%20ORIGINAL.jpg"	"178210"	"36600f3caf601a09360507f5282dc116d3c6e5cc"
"Homer Grin ORIGINAL COLOR.png"	"images/Sketches/grins/Homer Grin ORIGINAL COLOR.png"	"https://github.com/ronenglish-archive/ron-english-sketches-grins/blob/main/images/Sketches/grins/Homer%20Grin%20ORIGINAL%20COLOR.png"	"87540"	"fa7035cc5eb3e909ba8627d7960a32a0a9547bad"
"Homer grin version 2 back B&W.jpg"	"images/Sketches/grins/Homer grin version 2 back B&W.jpg"	"https://github.com/ronenglish-archive/ron-english-sketches-grins/blob/main/images/Sketches/grins/Homer%20grin%20version%202%20back%20B&W.jpg"	"391179"	"cfca66a2e2509e08803e3a7feab011395a76642c"
"Homer grin version 2 back COLOR.jpg"	"images/Sketches/grins/Homer grin version 2 back COLOR.jpg"	"https://github.com/ronenglish-archive/ron-english-sketches-grins/blob/main/images/Sketches/grins/Homer%20grin%20version%202%20back%20COLOR.jpg"	"386443"	"599dba80266f10565db665dc932e011601d958b3"
"Homer grin version 2 back ORIGINAL.jpg"	"images/Sketches/grins/Homer grin version 2 back ORIGINAL.jpg"	"https://github.com/ronenglish-archive/ron-english-sketches-grins/blob/main/images/Sketches/grins/Homer%20grin%20version%202%20back%20ORIGINAL.jpg"	"160019"	"be83ba77e97d87fec063ea62ffe4e675de25a6d7"
"Homer Grin version 2 front B&W.jpg"	"images/Sketches/grins/Homer Grin version 2 front B&W.jpg"	"https://github.com/ronenglish-archive/ron-english-sketches-grins/blob/main/images/Sketches/grins/Homer%20Grin%20version%202%20front%20B&W.jpg"	"125348"	"cf9c127a9fbf8723ab66b20dc3dea0183cf06773"
"Homer Grin version 2 front COLOR.jpg"	"images/Sketches/grins/Homer Grin version 2 front COLOR.jpg"	"https://github.com/ronenglish-archive/ron-english-sketches-grins/blob/main/images/Sketches/grins/Homer%20Grin%20version%202%20front%20COLOR.jpg"	"182932"	"073df99439d4f2b1b531cb69165a8fe04ab91136"
"Homer Grin version 2 front ORIGINAL.jpg"	"images/Sketches/grins/Homer Grin version 2 front ORIGINAL.jpg"	"https://github.com/ronenglish-archive/ron-english-sketches-grins/blob/main/images/Sketches/grins/Homer%20Grin%20version%202%20front%20ORIGINAL.jpg"	"175276"	"4f635b9bb82b2afa59175ee9079ee3a457d00527"
"Homer Grin version 2 left side B&W.jpg"	"images/Sketches/grins/Homer Grin version 2 left side B&W.jpg"	"https://github.com/ronenglish-archive/ron-english-sketches-grins/blob/main/images/Sketches/grins/Homer%20Grin%20version%202%20left%20side%20B&W.jpg"	"312464"	"ce1daa80e82d5fe1086aec77eb2125ce33a8d340"
"Homer Grin version 2 left side COLOR.jpg"	"images/Sketches/grins/Homer Grin version 2 left side COLOR.jpg"	"https://github.com/ronenglish-archive/ron-english-sketches-grins/blob/main/images/Sketches/grins/Homer%20Grin%20version%202%20left%20side%20COLOR.jpg"	"337034"	"51f1d395044e4d7258202902b1fc19a0ee8a78f8"
"Homer Grin version 2 left side ORIGINAL.jpg"	"images/Sketches/grins/Homer Grin version 2 left side ORIGINAL.jpg"	"https://github.com/ronenglish-archive/ron-english-sketches-grins/blob/main/images/Sketches/grins/Homer%20Grin%20version%202%20left%20side%20ORIGINAL.jpg"	"133669"	"5529314968dbea0ab62a54f1b20f8c8f317b77d2"
"Homer Grin version 2 right side B&W.jpg"	"images/Sketches/grins/Homer Grin version 2 right side B&W.jpg"	"https://github.com/ronenglish-archive/ron-english-sketches-grins/blob/main/images/Sketches/grins/Homer%20Grin%20version%202%20right%20side%20B&W.jpg"	"329710"	"0208f9c767f0614233b13f3452b42d42f56f75f7"
"Homer Grin version 2 right side COLOR.jpg"	"images/Sketches/grins/Homer Grin version 2 right side COLOR.jpg"	"https://github.com/ronenglish-archive/ron-english-sketches-grins/blob/main/images/Sketches/grins/Homer%20Grin%20version%202%20right%20side%20COLOR.jpg"	"354837"	"51ab945fe49a905a6c1859aba26e58e66bab8264"
"Homer Grin version 2 right side ORIGINAL.jpg"	"images/Sketches/grins/Homer Grin version 2 right side ORIGINAL.jpg"	"https://github.com/ronenglish-archive/ron-english-sketches-grins/blob/main/images/Sketches/grins/Homer%20Grin%20version%202%20right%20side%20ORIGINAL.jpg"	"141405"	"3381718b0ecd1246d742832712f60171e58d6290"
"Honey Butts Grin B&W.jpg"	"images/Sketches/grins/Honey Butts Grin B&W.jpg"	"https://github.com/ronenglish-archive/ron-english-sketches-grins/blob/main/images/Sketches/grins/Honey%20Butts%20Grin%20B&W.jpg"	"189261"	"5670debef8d7ebe0d5bce3357257c83b115f17d6"
"Honey Butts Grin COLOR.jpg"	"images/Sketches/grins/Honey Butts Grin COLOR.jpg"	"https://github.com/ronenglish-archive/ron-english-sketches-grins/blob/main/images/Sketches/grins/Honey%20Butts%20Grin%20COLOR.jpg"	"498184"	"9fc500566868e7b33e2fb30da9886597244cd01a"
"Honey Butts Grin ORIGINAL.jpg"	"images/Sketches/grins/Honey Butts Grin ORIGINAL.jpg"	"https://github.com/ronenglish-archive/ron-english-sketches-grins/blob/main/images/Sketches/grins/Honey%20Butts%20Grin%20ORIGINAL.jpg"	"288757"	"8a81e93c3cdbdeae7178b39190ed99e19d57b6e3"
"Hound Grin  COLOR.jpg"	"images/Sketches/grins/Hound Grin  COLOR.jpg"	"https://github.com/ronenglish-archive/ron-english-sketches-grins/blob/main/images/Sketches/grins/Hound%20Grin%20%20COLOR.jpg"	"159753"	"9074bf41472a0ee8ea73752c72c2eca9d357d4e8"
"Hound Grin Face ORIGINAL.jpg"	"images/Sketches/grins/Hound Grin Face ORIGINAL.jpg"	"https://github.com/ronenglish-archive/ron-english-sketches-grins/blob/main/images/Sketches/grins/Hound%20Grin%20Face%20ORIGINAL.jpg"	"200117"	"264ef2e1329eee5ef8f4345baa002c9e4270bfb8"
"Hound Grin ORIGINAL.jpg"	"images/Sketches/grins/Hound Grin ORIGINAL.jpg"	"https://github.com/ronenglish-archive/ron-english-sketches-grins/blob/main/images/Sketches/grins/Hound%20Grin%20ORIGINAL.jpg"	"142400"	"4f96df7d647398cdb1daad3867c3060930450a9d"
"HR Puffenstuff Grin B&W.jpg"	"images/Sketches/grins/HR Puffenstuff Grin B&W.jpg"	"https://github.com/ronenglish-archive/ron-english-sketches-grins/blob/main/images/Sketches/grins/HR%20Puffenstuff%20Grin%20B&W.jpg"	"350157"	"d1ed6fd3096ab106cbb9511dca76de4400dcd14a"
"HR Puffenstuff Grin COLOR.jpg"	"images/Sketches/grins/HR Puffenstuff Grin COLOR.jpg"	"https://github.com/ronenglish-archive/ron-english-sketches-grins/blob/main/images/Sketches/grins/HR%20Puffenstuff%20Grin%20COLOR.jpg"	"350201"	"373b87ad30e0a7a45c6d748d9918f589ac9db663"
"HR Puffenstuff Grin ORIGINAL.jpg"	"images/Sketches/grins/HR Puffenstuff Grin ORIGINAL.jpg"	"https://github.com/ronenglish-archive/ron-english-sketches-grins/blob/main/images/Sketches/grins/HR%20Puffenstuff%20Grin%20ORIGINAL.jpg"	"327582"	"27165562e1ea1a17ae7336cf3a438e2deb32cd83"
"Jake Grin ORIGINAL COLOR.jpg"	"images/Sketches/grins/Jake Grin ORIGINAL COLOR.jpg"	"https://github.com/ronenglish-archive/ron-english-sketches-grins/blob/main/images/Sketches/grins/Jake%20Grin%20ORIGINAL%20COLOR.jpg"	"138509"	"a4c98ffb3af6710e53f34ced8400e8e4122a7a21"
"Jake the Dog Grin B&W.jpg"	"images/Sketches/grins/Jake the Dog Grin B&W.jpg"	"https://github.com/ronenglish-archive/ron-english-sketches-grins/blob/main/images/Sketches/grins/Jake%20the%20Dog%20Grin%20B&W.jpg"	"325300"	"06e9a77600d5b3e92a605013b235429d75f702b8"
"Jake the Dog Grin COLOR.jpg"	"images/Sketches/grins/Jake the Dog Grin COLOR.jpg"	"https://github.com/ronenglish-archive/ron-english-sketches-grins/blob/main/images/Sketches/grins/Jake%20the%20Dog%20Grin%20COLOR.jpg"	"501487"	"a83976697efb4418cd879d89e717a1ab86a271e2"
"Jake the Dog Grin ORIGINAL.jpg"	"images/Sketches/grins/Jake the Dog Grin ORIGINAL.jpg"	"https://github.com/ronenglish-archive/ron-english-sketches-grins/blob/main/images/Sketches/grins/Jake%20the%20Dog%20Grin%20ORIGINAL.jpg"	"250238"	"68654a28acf73be8a8b32354ed7399823be82513"
"Jane Jetson Grin B&W.jpg"	"images/Sketches/grins/Jane Jetson Grin B&W.jpg"	"https://github.com/ronenglish-archive/ron-english-sketches-grins/blob/main/images/Sketches/grins/Jane%20Jetson%20Grin%20B&W.jpg"	"503044"	"837ced2c415014b6d7e7a18593352b2c980a809b"
"Jane Jetson Grin COLOR.jpg"	"images/Sketches/grins/Jane Jetson Grin COLOR.jpg"	"https://github.com/ronenglish-archive/ron-english-sketches-grins/blob/main/images/Sketches/grins/Jane%20Jetson%20Grin%20COLOR.jpg"	"299018"	"49d373af6732c6d16598b2d23e97bc689d2e5701"
"Jane Jetson Grin ORIGINAL.jpg"	"images/Sketches/grins/Jane Jetson Grin ORIGINAL.jpg"	"https://github.com/ronenglish-archive/ron-english-sketches-grins/blob/main/images/Sketches/grins/Jane%20Jetson%20Grin%20ORIGINAL.jpg"	"218503"	"d89e064a77f3758e0996ee6194695a0aa45955c9"
"Jeremiah Grin 1 ORIGINAL.jpg"	"images/Sketches/grins/Jeremiah Grin 1 ORIGINAL.jpg"	"https://github.com/ronenglish-archive/ron-english-sketches-grins/blob/main/images/Sketches/grins/Jeremiah%20Grin%201%20ORIGINAL.jpg"	"314018"	"64a7871b05265de0fbc49fdeb2bcea4bef330dff"
"Jeremiah Grin 2 ORIGINAL.jpg"	"images/Sketches/grins/Jeremiah Grin 2 ORIGINAL.jpg"	"https://github.com/ronenglish-archive/ron-english-sketches-grins/blob/main/images/Sketches/grins/Jeremiah%20Grin%202%20ORIGINAL.jpg"	"234911"	"20298bffb8316fe338c19aa81d1bbdc7d612c37b"
"Jeremiah Grin 3 ORIGINAL.jpg"	"images/Sketches/grins/Jeremiah Grin 3 ORIGINAL.jpg"	"https://github.com/ronenglish-archive/ron-english-sketches-grins/blob/main/images/Sketches/grins/Jeremiah%20Grin%203%20ORIGINAL.jpg"	"244377"	"d13ae8cbcc6b154a3fa7822990264c79a25af3bf"
"Jeremiah Grin 4 ORIGINAL.jpg"	"images/Sketches/grins/Jeremiah Grin 4 ORIGINAL.jpg"	"https://github.com/ronenglish-archive/ron-english-sketches-grins/blob/main/images/Sketches/grins/Jeremiah%20Grin%204%20ORIGINAL.jpg"	"178451"	"050a98b8574962bde84a23b51d82584f9acc6303"
"Jimi Hendrix Grin B&W.jpg"	"images/Sketches/grins/Jimi Hendrix Grin B&W.jpg"	"https://github.com/ronenglish-archive/ron-english-sketches-grins/blob/main/images/Sketches/grins/Jimi%20Hendrix%20Grin%20B&W.jpg"	"301412"	"1e7329f1da73caed5dfb0f75736bf67ce36b6acd"
"Jimi Hendrix Grin ORIGINAL COLOR 1.jpg"	"images/Sketches/grins/Jimi Hendrix Grin ORIGINAL COLOR 1.jpg"	"https://github.com/ronenglish-archive/ron-english-sketches-grins/blob/main/images/Sketches/grins/Jimi%20Hendrix%20Grin%20ORIGINAL%20COLOR%201.jpg"	"116334"	"a663e2175ed7aa20ce3c5b5c04034ba140eb1aff"
"Jimi Hendrix Grin ORIGINAL COLOR 2.jpg"	"images/Sketches/grins/Jimi Hendrix Grin ORIGINAL COLOR 2.jpg"	"https://github.com/ronenglish-archive/ron-english-sketches-grins/blob/main/images/Sketches/grins/Jimi%20Hendrix%20Grin%20ORIGINAL%20COLOR%202.jpg"	"325442"	"3c31353eb9502e4b084d152237cdd754a0f9f157"
"Jimi Hendrix Grin ORIGINAL COLOR 3.jpg"	"images/Sketches/grins/Jimi Hendrix Grin ORIGINAL COLOR 3.jpg"	"https://github.com/ronenglish-archive/ron-english-sketches-grins/blob/main/images/Sketches/grins/Jimi%20Hendrix%20Grin%20ORIGINAL%20COLOR%203.jpg"	"114348"	"78a8cf406b618c12afec63b99a9d6e9eda99eb22"
"Jimi Hendrix Grin ORIGINAL.jpg"	"images/Sketches/grins/Jimi Hendrix Grin ORIGINAL.jpg"	"https://github.com/ronenglish-archive/ron-english-sketches-grins/blob/main/images/Sketches/grins/Jimi%20Hendrix%20Grin%20ORIGINAL.jpg"	"285318"	"1e25c891f33ed0acfd35947b2c7219c5116fa8b3"
"Joker Grin B&W.jpg"	"images/Sketches/grins/Joker Grin B&W.jpg"	"https://github.com/ronenglish-archive/ron-english-sketches-grins/blob/main/images/Sketches/grins/Joker%20Grin%20B&W.jpg"	"184641"	"7d424e04820ec85c355ad5316c5d0b9ae9656058"
"Joker Grin COLOR.jpg"	"images/Sketches/grins/Joker Grin COLOR.jpg"	"https://github.com/ronenglish-archive/ron-english-sketches-grins/blob/main/images/Sketches/grins/Joker%20Grin%20COLOR.jpg"	"312630"	"962e2cec8db7daae3afdfc64dac3efc6c7817878"
"Joker Grin ORIGINAL.jpg"	"images/Sketches/grins/Joker Grin ORIGINAL.jpg"	"https://github.com/ronenglish-archive/ron-english-sketches-grins/blob/main/images/Sketches/grins/Joker%20Grin%20ORIGINAL.jpg"	"240973"	"83bcc4d5a8de6d85c93a5d6c91b605ac4eff0bbb"
"Kanegon Grin B&W.jpg"	"images/Sketches/grins/Kanegon Grin B&W.jpg"	"https://github.com/ronenglish-archive/ron-english-sketches-grins/blob/main/images/Sketches/grins/Kanegon%20Grin%20B&W.jpg"	"442876"	"af92662322c14e7332eb3c82635e610950c58315"
"Kanegon Grin COLOR.jpg"	"images/Sketches/grins/Kanegon Grin COLOR.jpg"	"https://github.com/ronenglish-archive/ron-english-sketches-grins/blob/main/images/Sketches/grins/Kanegon%20Grin%20COLOR.jpg"	"263482"	"b29d523b5e70c0bce66b4eb5b37c886492842222"
"Kanegon Grin ORIGINAL.jpg"	"images/Sketches/grins/Kanegon Grin ORIGINAL.jpg"	"https://github.com/ronenglish-archive/ron-english-sketches-grins/blob/main/images/Sketches/grins/Kanegon%20Grin%20ORIGINAL.jpg"	"219167"	"f025d4e5b07e7a32a43a3c898546adefb054f042"
"Kanegon Grin side B&W.jpg"	"images/Sketches/grins/Kanegon Grin side B&W.jpg"	"https://github.com/ronenglish-archive/ron-english-sketches-grins/blob/main/images/Sketches/grins/Kanegon%20Grin%20side%20B&W.jpg"	"160132"	"fb49cf9601c841b8b17fb1d4e68736fd942a85dd"
"Kanegon Grin side COLOR.jpg"	"images/Sketches/grins/Kanegon Grin side COLOR.jpg"	"https://github.com/ronenglish-archive/ron-english-sketches-grins/blob/main/images/Sketches/grins/Kanegon%20Grin%20side%20COLOR.jpg"	"230822"	"cc37adf9c54b624de19f2c5608ac6e8f868f2247"
"Kanegon Grin side ORIGINAL.jpg"	"images/Sketches/grins/Kanegon Grin side ORIGINAL.jpg"	"https://github.com/ronenglish-archive/ron-english-sketches-grins/blob/main/images/Sketches/grins/Kanegon%20Grin%20side%20ORIGINAL.jpg"	"196139"	"aebb441e6957f2bcf5b17624b8d60275be7552a4"
"Kevin Durant 1 ORIGINAL.jpg"	"images/Sketches/grins/Kevin Durant 1 ORIGINAL.jpg"	"https://github.com/ronenglish-archive/ron-english-sketches-grins/blob/main/images/Sketches/grins/Kevin%20Durant%201%20ORIGINAL.jpg"	"176061"	"e4233bfb2d6b327b6b022fc82e3c3758060a73b2"
"Kevin Durant Grim ORIGINAL.jpg"	"images/Sketches/grins/Kevin Durant Grim ORIGINAL.jpg"	"https://github.com/ronenglish-archive/ron-english-sketches-grins/blob/main/images/Sketches/grins/Kevin%20Durant%20Grim%20ORIGINAL.jpg"	"160261"	"dbee7d93032eb969b38b3eac15c686ba1162958c"
"Kevin Durant Grin With Ball B&W.jpg"	"images/Sketches/grins/Kevin Durant Grin With Ball B&W.jpg"	"https://github.com/ronenglish-archive/ron-english-sketches-grins/blob/main/images/Sketches/grins/Kevin%20Durant%20Grin%20With%20Ball%20B&W.jpg"	"370424"	"4752fe36ef65cfe1689efb05f9e5f3b07a8a4855"
"Kevin Durant Grin With Ball COLOR.jpg"	"images/Sketches/grins/Kevin Durant Grin With Ball COLOR.jpg"	"https://github.com/ronenglish-archive/ron-english-sketches-grins/blob/main/images/Sketches/grins/Kevin%20Durant%20Grin%20With%20Ball%20COLOR.jpg"	"278318"	"b3a2fc6a09f6573ae45e37fbf826eb603662cc6a"
"Kevin Durant Grin With Ball ORIGINAL.1.jpg"	"images/Sketches/grins/Kevin Durant Grin With Ball ORIGINAL.1.jpg"	"https://github.com/ronenglish-archive/ron-english-sketches-grins/blob/main/images/Sketches/grins/Kevin%20Durant%20Grin%20With%20Ball%20ORIGINAL.1.jpg"	"273813"	"9f3d731d965c72db850060f4cee6b38e13f9918d"
"Kevin Durant Grin With Ball ORIGINAL.jpeg"	"images/Sketches/grins/Kevin Durant Grin With Ball ORIGINAL.jpeg"	"https://github.com/ronenglish-archive/ron-english-sketches-grins/blob/main/images/Sketches/grins/Kevin%20Durant%20Grin%20With%20Ball%20ORIGINAL.jpeg"	"56512"	"d6ce2eeb58a8ada5fee1d4400dbd052787131c6f"
"Kevin Durant Grin With Ball ORIGINAL.jpg"	"images/Sketches/grins/Kevin Durant Grin With Ball ORIGINAL.jpg"	"https://github.com/ronenglish-archive/ron-english-sketches-grins/blob/main/images/Sketches/grins/Kevin%20Durant%20Grin%20With%20Ball%20ORIGINAL.jpg"	"166172"	"fac795293255052328c760931ac814db55ebad88"
"Kiss Gene Grin B&W.jpg"	"images/Sketches/grins/Kiss Gene Grin B&W.jpg"	"https://github.com/ronenglish-archive/ron-english-sketches-grins/blob/main/images/Sketches/grins/Kiss%20Gene%20Grin%20B&W.jpg"	"393408"	"ed6f3b3bf2ba30cef09a22b8bfacd3d719f672a5"
"Kiss Gene Grin COLOR.jpg"	"images/Sketches/grins/Kiss Gene Grin COLOR.jpg"	"https://github.com/ronenglish-archive/ron-english-sketches-grins/blob/main/images/Sketches/grins/Kiss%20Gene%20Grin%20COLOR.jpg"	"489578"	"170c6fe1670f2d6a3dbb680f3bcdbdf7f20c61e9"
"Kiss Gene Grin ORIGINAL.jpg"	"images/Sketches/grins/Kiss Gene Grin ORIGINAL.jpg"	"https://github.com/ronenglish-archive/ron-english-sketches-grins/blob/main/images/Sketches/grins/Kiss%20Gene%20Grin%20ORIGINAL.jpg"	"342959"	"aada0c169b5c660374a5729543748c6df4cdc1ba"
"Krusty the Clown Grin back B&W.jpg"	"images/Sketches/grins/Krusty the Clown Grin back B&W.jpg"	"https://github.com/ronenglish-archive/ron-english-sketches-grins/blob/main/images/Sketches/grins/Krusty%20the%20Clown%20Grin%20back%20B&W.jpg"	"164494"	"9e3ec95ff444e443f3116eb0a84565871c742990"
"Krusty the Clown Grin back COLOR.jpg"	"images/Sketches/grins/Krusty the Clown Grin back COLOR.jpg"	"https://github.com/ronenglish-archive/ron-english-sketches-grins/blob/main/images/Sketches/grins/Krusty%20the%20Clown%20Grin%20back%20COLOR.jpg"	"212221"	"001af3f332716ae486a30c216254d0d6e63923ea"
"Krusty the Clown Grin back ORIGINAL.jpg"	"images/Sketches/grins/Krusty the Clown Grin back ORIGINAL.jpg"	"https://github.com/ronenglish-archive/ron-english-sketches-grins/blob/main/images/Sketches/grins/Krusty%20the%20Clown%20Grin%20back%20ORIGINAL.jpg"	"192039"	"a16afc305a83a11ede95f45d474a81b75bcdc634"
"Krusty the Clown Grin front B&W.jpg"	"images/Sketches/grins/Krusty the Clown Grin front B&W.jpg"	"https://github.com/ronenglish-archive/ron-english-sketches-grins/blob/main/images/Sketches/grins/Krusty%20the%20Clown%20Grin%20front%20B&W.jpg"	"175343"	"614d8559bcdb61e900697f58aaec346800552c0a"
"Krusty the Clown Grin front COLOR.jpg"	"images/Sketches/grins/Krusty the Clown Grin front COLOR.jpg"	"https://github.com/ronenglish-archive/ron-english-sketches-grins/blob/main/images/Sketches/grins/Krusty%20the%20Clown%20Grin%20front%20COLOR.jpg"	"473915"	"a7f530592708034a3f5e04a34256fd999286a2de"
"Krusty the Clown Grin front ORIGINAL.jpg"	"images/Sketches/grins/Krusty the Clown Grin front ORIGINAL.jpg"	"https://github.com/ronenglish-archive/ron-english-sketches-grins/blob/main/images/Sketches/grins/Krusty%20the%20Clown%20Grin%20front%20ORIGINAL.jpg"	"202407"	"dfb2c553cfce27d83b935e0cfe393de0ab1f392e"
"Krusty the Clown Grin left side B&W.jpg"	"images/Sketches/grins/Krusty the Clown Grin left side B&W.jpg"	"https://github.com/ronenglish-archive/ron-english-sketches-grins/blob/main/images/Sketches/grins/Krusty%20the%20Clown%20Grin%20left%20side%20B&W.jpg"	"137579"	"d115de8520b2dc87abe4b519b41528357547c2e5"
"Krusty the Clown Grin left side COLOR.jpg"	"images/Sketches/grins/Krusty the Clown Grin left side COLOR.jpg"	"https://github.com/ronenglish-archive/ron-english-sketches-grins/blob/main/images/Sketches/grins/Krusty%20the%20Clown%20Grin%20left%20side%20COLOR.jpg"	"179502"	"a64853dfd827052685852e61ea8fc5963d9ab426"
"Krusty the Clown Grin left side ORIGINAL.jpg"	"images/Sketches/grins/Krusty the Clown Grin left side ORIGINAL.jpg"	"https://github.com/ronenglish-archive/ron-english-sketches-grins/blob/main/images/Sketches/grins/Krusty%20the%20Clown%20Grin%20left%20side%20ORIGINAL.jpg"	"174402"	"7a3ca6d3bf32438fcefa3b3486d8b3a2572bd12b"
"Kursed Grin Side View B&W.jpg"	"images/Sketches/grins/Kursed Grin Side View B&W.jpg"	"https://github.com/ronenglish-archive/ron-english-sketches-grins/blob/main/images/Sketches/grins/Kursed%20Grin%20Side%20View%20B&W.jpg"	"531118"	"382fd190883cbc86e7138aaba18a62dd5812ce95"
"Kursed Grin Side View COLOR.jpg"	"images/Sketches/grins/Kursed Grin Side View COLOR.jpg"	"https://github.com/ronenglish-archive/ron-english-sketches-grins/blob/main/images/Sketches/grins/Kursed%20Grin%20Side%20View%20COLOR.jpg"	"286832"	"03bff5746d6aeb53d2eb8283117c817091c34dee"
"Lagoon Creature Grin COLOR.jpg"	"images/Sketches/grins/Lagoon Creature Grin COLOR.jpg"	"https://github.com/ronenglish-archive/ron-english-sketches-grins/blob/main/images/Sketches/grins/Lagoon%20Creature%20Grin%20COLOR.jpg"	"180672"	"984ed072d63996a2ac6a903e2c30b3e877137651"
"Lemon Boy grin B&W.jpg"	"images/Sketches/grins/Lemon Boy grin B&W.jpg"	"https://github.com/ronenglish-archive/ron-english-sketches-grins/blob/main/images/Sketches/grins/Lemon%20Boy%20grin%20B&W.jpg"	"272478"	"fc93f7097e8a9297f8159625878bee59856bbdb1"
"Lemon Boy grin COLOR.jpg"	"images/Sketches/grins/Lemon Boy grin COLOR.jpg"	"https://github.com/ronenglish-archive/ron-english-sketches-grins/blob/main/images/Sketches/grins/Lemon%20Boy%20grin%20COLOR.jpg"	"263690"	"ff6c6fb2e07d13341823a02782c38e3494052ae9"
"Lemon Boy Grin Walking COLOR.jpg"	"images/Sketches/grins/Lemon Boy Grin Walking COLOR.jpg"	"https://github.com/ronenglish-archive/ron-english-sketches-grins/blob/main/images/Sketches/grins/Lemon%20Boy%20Grin%20Walking%20COLOR.jpg"	"254993"	"ddfb34d204e42e004e7ad08ffcfe9e255ca13447"
"Lemon Boy Grin Walking face ORIGINAL.jpg"	"images/Sketches/grins/Lemon Boy Grin Walking face ORIGINAL.jpg"	"https://github.com/ronenglish-archive/ron-english-sketches-grins/blob/main/images/Sketches/grins/Lemon%20Boy%20Grin%20Walking%20face%20ORIGINAL.jpg"	"408919"	"f889ee938a832744501bbfabaad902e3619560e7"
"Leopard Grin 1 COLOR.png"	"images/Sketches/grins/Leopard Grin 1 COLOR.png"	"https://github.com/ronenglish-archive/ron-english-sketches-grins/blob/main/images/Sketches/grins/Leopard%20Grin%201%20COLOR.png"	"497289"	"0cb8ba1aa6dcefa46fa441c36006d4ac5f2c9917"
"Leopard Grin 2 COLOR.png"	"images/Sketches/grins/Leopard Grin 2 COLOR.png"	"https://github.com/ronenglish-archive/ron-english-sketches-grins/blob/main/images/Sketches/grins/Leopard%20Grin%202%20COLOR.png"	"326240"	"e7cb86657a952a13d69eb8f71ef8a6234453ae91"
"Leopard Grin 3 COLOR.png"	"images/Sketches/grins/Leopard Grin 3 COLOR.png"	"https://github.com/ronenglish-archive/ron-english-sketches-grins/blob/main/images/Sketches/grins/Leopard%20Grin%203%20COLOR.png"	"327851"	"2cefc900a5b0f303f5535681324fdd1a76d4486a"
"Liberty Grin B&W 2.jpeg"	"images/Sketches/grins/Liberty Grin B&W 2.jpeg"	"https://github.com/ronenglish-archive/ron-english-sketches-grins/blob/main/images/Sketches/grins/Liberty%20Grin%20B&W%202.jpeg"	"146599"	"45a5bdd124803987318d7efb1adc680fe505f3ff"
"Liberty Grin B&W 3.jpeg"	"images/Sketches/grins/Liberty Grin B&W 3.jpeg"	"https://github.com/ronenglish-archive/ron-english-sketches-grins/blob/main/images/Sketches/grins/Liberty%20Grin%20B&W%203.jpeg"	"155729"	"13d9dfc5cc542e8e6e28bcb8f546a1fa7a2a7a3c"
"Liberty Grin B&W.jpg"	"images/Sketches/grins/Liberty Grin B&W.jpg"	"https://github.com/ronenglish-archive/ron-english-sketches-grins/blob/main/images/Sketches/grins/Liberty%20Grin%20B&W.jpg"	"303724"	"f340ebef82a50255161bf410741bbdacdb6fb819"
"Liberty Grin COLOR.jpg"	"images/Sketches/grins/Liberty Grin COLOR.jpg"	"https://github.com/ronenglish-archive/ron-english-sketches-grins/blob/main/images/Sketches/grins/Liberty%20Grin%20COLOR.jpg"	"46326"	"b773c6772e277186b55cb7381cae2f45bfd3d86e"
"Liberty Grin ORIGINAL.jpg"	"images/Sketches/grins/Liberty Grin ORIGINAL.jpg"	"https://github.com/ronenglish-archive/ron-english-sketches-grins/blob/main/images/Sketches/grins/Liberty%20Grin%20ORIGINAL.jpg"	"228073"	"8e5a959f47808a4dfa9d07f3ba567e68b43e234f"
"Lion Face Grin B&W.png"	"images/Sketches/grins/Lion Face Grin B&W.png"	"https://github.com/ronenglish-archive/ron-english-sketches-grins/blob/main/images/Sketches/grins/Lion%20Face%20Grin%20B&W.png"	"112509"	"edd0072abe01a513892e62a33733697955a364e5"
"Lion Face Grin COLOR 1.png"	"images/Sketches/grins/Lion Face Grin COLOR 1.png"	"https://github.com/ronenglish-archive/ron-english-sketches-grins/blob/main/images/Sketches/grins/Lion%20Face%20Grin%20COLOR%201.png"	"199218"	"4daf3d70b93580a6aad031103d954a5873ade129"
"Lion Face Grin COLOR 2.jpg"	"images/Sketches/grins/Lion Face Grin COLOR 2.jpg"	"https://github.com/ronenglish-archive/ron-english-sketches-grins/blob/main/images/Sketches/grins/Lion%20Face%20Grin%20COLOR%202.jpg"	"328286"	"2bf7385f42e920d09df0c8baf905e0bea100221b"
"Lisa grin back ORIGINAL.jpg"	"images/Sketches/grins/Lisa grin back ORIGINAL.jpg"	"https://github.com/ronenglish-archive/ron-english-sketches-grins/blob/main/images/Sketches/grins/Lisa%20grin%20back%20ORIGINAL.jpg"	"136848"	"0a8c6634543eb4bec5b21e3809e4f69485dcf200"
"Lisa Grin front B&W.jpg"	"images/Sketches/grins/Lisa Grin front B&W.jpg"	"https://github.com/ronenglish-archive/ron-english-sketches-grins/blob/main/images/Sketches/grins/Lisa%20Grin%20front%20B&W.jpg"	"439450"	"d61eae49c0e669ac9bfbb1c7d73d7dad93abb075"
"Lisa Grin front COLOR.jpg"	"images/Sketches/grins/Lisa Grin front COLOR.jpg"	"https://github.com/ronenglish-archive/ron-english-sketches-grins/blob/main/images/Sketches/grins/Lisa%20Grin%20front%20COLOR.jpg"	"212333"	"4fc64d8d368d28728f4a4126facb12f51472deae"
"Lisa Grin front ORIGINAL.jpg"	"images/Sketches/grins/Lisa Grin front ORIGINAL.jpg"	"https://github.com/ronenglish-archive/ron-english-sketches-grins/blob/main/images/Sketches/grins/Lisa%20Grin%20front%20ORIGINAL.jpg"	"180447"	"1c9c53d538213783ae93db002a8b1ae5f039a669"
"Lisa Grin left side B&W.jpg"	"images/Sketches/grins/Lisa Grin left side B&W.jpg"	"https://github.com/ronenglish-archive/ron-english-sketches-grins/blob/main/images/Sketches/grins/Lisa%20Grin%20left%20side%20B&W.jpg"	"416146"	"fe81a452ffcaafc7c5a7b4a0b94050a9bceaefff"
"Lisa Grin left side COLOR.jpg"	"images/Sketches/grins/Lisa Grin left side COLOR.jpg"	"https://github.com/ronenglish-archive/ron-english-sketches-grins/blob/main/images/Sketches/grins/Lisa%20Grin%20left%20side%20COLOR.jpg"	"176939"	"be3ed5c29fd3d7bf55f359a5733db193545e3336"
"Lisa Grin left side ORIGINAL.jpg"	"images/Sketches/grins/Lisa Grin left side ORIGINAL.jpg"	"https://github.com/ronenglish-archive/ron-english-sketches-grins/blob/main/images/Sketches/grins/Lisa%20Grin%20left%20side%20ORIGINAL.jpg"	"185914"	"1695d773ccd1d35a9ca147927dc89ab27dbac2a4"
"Lisa Grin right side B&W ORIGINAL.jpg"	"images/Sketches/grins/Lisa Grin right side B&W ORIGINAL.jpg"	"https://github.com/ronenglish-archive/ron-english-sketches-grins/blob/main/images/Sketches/grins/Lisa%20Grin%20right%20side%20B&W%20ORIGINAL.jpg"	"154741"	"7df8bbd36e8679a36b1427777860e8189a7f0980"
"Lisa Grin right side B&W.jpg"	"images/Sketches/grins/Lisa Grin right side B&W.jpg"	"https://github.com/ronenglish-archive/ron-english-sketches-grins/blob/main/images/Sketches/grins/Lisa%20Grin%20right%20side%20B&W.jpg"	"435978"	"6b57e58f2d460b22ffbd06906f6a6fee1dcc7dce"
"Lisa Grin right side COLOR.jpg"	"images/Sketches/grins/Lisa Grin right side COLOR.jpg"	"https://github.com/ronenglish-archive/ron-english-sketches-grins/blob/main/images/Sketches/grins/Lisa%20Grin%20right%20side%20COLOR.jpg"	"511815"	"2257c6dc53044b9bec71078a22121966b3f168f2"
"Lucky Cat Grin B&W.jpg"	"images/Sketches/grins/Lucky Cat Grin B&W.jpg"	"https://github.com/ronenglish-archive/ron-english-sketches-grins/blob/main/images/Sketches/grins/Lucky%20Cat%20Grin%20B&W.jpg"	"526599"	"35560abe1b0c7772f1dc57fa6d50afacec84e8a4"
"Lucky Cat Grin COLOR.jpg"	"images/Sketches/grins/Lucky Cat Grin COLOR.jpg"	"https://github.com/ronenglish-archive/ron-english-sketches-grins/blob/main/images/Sketches/grins/Lucky%20Cat%20Grin%20COLOR.jpg"	"318420"	"5934f83ccd66ab61047038e536ec43312267ae42"
"M.U.S.C.L.E. He-Man Grinnie back COLOR.jpg"	"images/Sketches/grins/M.U.S.C.L.E. He-Man Grinnie back COLOR.jpg"	"https://github.com/ronenglish-archive/ron-english-sketches-grins/blob/main/images/Sketches/grins/M.U.S.C.L.E.%20He-Man%20Grinnie%20back%20COLOR.jpg"	"263491"	"ed3284fb2870e42bd22e2625da13f701476d8b52"
"M.U.S.C.L.E. He-Man Grinnie back ORIGINAL.jpg"	"images/Sketches/grins/M.U.S.C.L.E. He-Man Grinnie back ORIGINAL.jpg"	"https://github.com/ronenglish-archive/ron-english-sketches-grins/blob/main/images/Sketches/grins/M.U.S.C.L.E.%20He-Man%20Grinnie%20back%20ORIGINAL.jpg"	"169940"	"310261f43a65fba97ee4bdbb1810a5a18299666f"
"M.U.S.C.L.E. He-Man Grinnie front B&W.jpg"	"images/Sketches/grins/M.U.S.C.L.E. He-Man Grinnie front B&W.jpg"	"https://github.com/ronenglish-archive/ron-english-sketches-grins/blob/main/images/Sketches/grins/M.U.S.C.L.E.%20He-Man%20Grinnie%20front%20B&W.jpg"	"221074"	"acb5397d621d6c3040839f35eb85ba70801699da"
"M.U.S.C.L.E. He-Man Grinnie front COLOR.png"	"images/Sketches/grins/M.U.S.C.L.E. He-Man Grinnie front COLOR.png"	"https://github.com/ronenglish-archive/ron-english-sketches-grins/blob/main/images/Sketches/grins/M.U.S.C.L.E.%20He-Man%20Grinnie%20front%20COLOR.png"	"164661"	"1e8778461e15f5613512ddfa2974ec2eb4fd0001"
"M.U.S.C.L.E. He-Man Grinnie front ORIGINAL.jpg"	"images/Sketches/grins/M.U.S.C.L.E. He-Man Grinnie front ORIGINAL.jpg"	"https://github.com/ronenglish-archive/ron-english-sketches-grins/blob/main/images/Sketches/grins/M.U.S.C.L.E.%20He-Man%20Grinnie%20front%20ORIGINAL.jpg"	"250449"	"b08a03d4ad5809b2d7fc557ee8e484e715efd8b5"
"M.U.S.C.L.E. He-Man Grinnie side ORIGINAL.jpg"	"images/Sketches/grins/M.U.S.C.L.E. He-Man Grinnie side ORIGINAL.jpg"	"https://github.com/ronenglish-archive/ron-english-sketches-grins/blob/main/images/Sketches/grins/M.U.S.C.L.E.%20He-Man%20Grinnie%20side%20ORIGINAL.jpg"	"194023"	"81490e98ad44f13184c6a5ae0ac1423cab4a7d3a"
"Mad Magazine Alfred Grin ORIGINAL.1.jpg"	"images/Sketches/grins/Mad Magazine Alfred Grin ORIGINAL.1.jpg"	"https://github.com/ronenglish-archive/ron-english-sketches-grins/blob/main/images/Sketches/grins/Mad%20Magazine%20Alfred%20Grin%20ORIGINAL.1.jpg"	"219569"	"68d1369e70172cd3221160d88fc3bfaa4357f845"
"Mad Magazine Alfred Grin ORIGINAL.jpeg"	"images/Sketches/grins/Mad Magazine Alfred Grin ORIGINAL.jpeg"	"https://github.com/ronenglish-archive/ron-english-sketches-grins/blob/main/images/Sketches/grins/Mad%20Magazine%20Alfred%20Grin%20ORIGINAL.jpeg"	"50366"	"8db712a0656770eebfa194bc7b140b2a47fc1c94"
"Mad Magazine Alfred Grin ORIGINAL.jpg"	"images/Sketches/grins/Mad Magazine Alfred Grin ORIGINAL.jpg"	"https://github.com/ronenglish-archive/ron-english-sketches-grins/blob/main/images/Sketches/grins/Mad%20Magazine%20Alfred%20Grin%20ORIGINAL.jpg"	"202609"	"f504b440ea680f28f653bcf7f95b3b9199197ebc"
"Mad Mickey Grin drawing ORIGINAL.jpg"	"images/Sketches/grins/Mad Mickey Grin drawing ORIGINAL.jpg"	"https://github.com/ronenglish-archive/ron-english-sketches-grins/blob/main/images/Sketches/grins/Mad%20Mickey%20Grin%20drawing%20ORIGINAL.jpg"	"297064"	"d9987285b2f7c40b42581af105789cae1097e75b"
"Mad Mickey Grin ORIGINAL COLOR.jpg"	"images/Sketches/grins/Mad Mickey Grin ORIGINAL COLOR.jpg"	"https://github.com/ronenglish-archive/ron-english-sketches-grins/blob/main/images/Sketches/grins/Mad%20Mickey%20Grin%20ORIGINAL%20COLOR.jpg"	"315786"	"d541e992836c75c303ea35f50c597828c3673c1a"
"Maggie Grin back B&W.jpg"	"images/Sketches/grins/Maggie Grin back B&W.jpg"	"https://github.com/ronenglish-archive/ron-english-sketches-grins/blob/main/images/Sketches/grins/Maggie%20Grin%20back%20B&W.jpg"	"312817"	"b09d2029fd8e932fa3a9244d09d2cc5b599ee441"
"Maggie Grin back COLOR.jpg"	"images/Sketches/grins/Maggie Grin back COLOR.jpg"	"https://github.com/ronenglish-archive/ron-english-sketches-grins/blob/main/images/Sketches/grins/Maggie%20Grin%20back%20COLOR.jpg"	"390254"	"756063743004a1eeef7e644d8020197df4dc770e"
"Maggie Grin back ORIGINAL.jpg"	"images/Sketches/grins/Maggie Grin back ORIGINAL.jpg"	"https://github.com/ronenglish-archive/ron-english-sketches-grins/blob/main/images/Sketches/grins/Maggie%20Grin%20back%20ORIGINAL.jpg"	"22235"	"d16062b0a1ce33eaee5a2a283d4656c1741b5e00"
"Maggie Grin front B&W.jpg"	"images/Sketches/grins/Maggie Grin front B&W.jpg"	"https://github.com/ronenglish-archive/ron-english-sketches-grins/blob/main/images/Sketches/grins/Maggie%20Grin%20front%20B&W.jpg"	"412142"	"d94c19629d52ed1d5718e938ecdec5d629cebd86"
"Maggie Grin front COLOR.jpg"	"images/Sketches/grins/Maggie Grin front COLOR.jpg"	"https://github.com/ronenglish-archive/ron-english-sketches-grins/blob/main/images/Sketches/grins/Maggie%20Grin%20front%20COLOR.jpg"	"217107"	"11fec77f0d4a2a86eed390449232bd221d946c4c"
"Maggie Grin front ORIGINAL.jpg"	"images/Sketches/grins/Maggie Grin front ORIGINAL.jpg"	"https://github.com/ronenglish-archive/ron-english-sketches-grins/blob/main/images/Sketches/grins/Maggie%20Grin%20front%20ORIGINAL.jpg"	"187863"	"df953bfc987b61c94fed9b9a063aa094d662c26c"
"Maggie Grin side B&W.jpg"	"images/Sketches/grins/Maggie Grin side B&W.jpg"	"https://github.com/ronenglish-archive/ron-english-sketches-grins/blob/main/images/Sketches/grins/Maggie%20Grin%20side%20B&W.jpg"	"432403"	"1bf0b6847d3c2e3b2639d46ef0dfda7b173b53cf"
"Maggie Grin side COLOR.jpg"	"images/Sketches/grins/Maggie Grin side COLOR.jpg"	"https://github.com/ronenglish-archive/ron-english-sketches-grins/blob/main/images/Sketches/grins/Maggie%20Grin%20side%20COLOR.jpg"	"180988"	"6fc22f463d1030e3a2e55a120ffada859adc4673"
"Maggie Grin side ORIGINAL.jpg"	"images/Sketches/grins/Maggie Grin side ORIGINAL.jpg"	"https://github.com/ronenglish-archive/ron-english-sketches-grins/blob/main/images/Sketches/grins/Maggie%20Grin%20side%20ORIGINAL.jpg"	"174661"	"091f08f960ae661f32343031c069cf5cbf0446ee"
"Man Shark COLORED.jpg"	"images/Sketches/grins/Man Shark COLORED.jpg"	"https://github.com/ronenglish-archive/ron-english-sketches-grins/blob/main/images/Sketches/grins/Man%20Shark%20COLORED.jpg"	"352673"	"75c707ed2f40a32deb160140d6415395556386a5"
"Manny Pacquaio Grin B&W.jpg"	"images/Sketches/grins/Manny Pacquaio Grin B&W.jpg"	"https://github.com/ronenglish-archive/ron-english-sketches-grins/blob/main/images/Sketches/grins/Manny%20Pacquaio%20Grin%20B&W.jpg"	"296933"	"6fe59d46481df9099363a19e63d4d2e074511ddf"
"Manny Pacquaio Grin ORIGINAL COLOR 1.jpg"	"images/Sketches/grins/Manny Pacquaio Grin ORIGINAL COLOR 1.jpg"	"https://github.com/ronenglish-archive/ron-english-sketches-grins/blob/main/images/Sketches/grins/Manny%20Pacquaio%20Grin%20ORIGINAL%20COLOR%201.jpg"	"273216"	"6a645a6b6802566fe6eb7d6bd3baee9452090571"
"Manny Pacquaio Grin ORIGINAL COLOR 2.jpg"	"images/Sketches/grins/Manny Pacquaio Grin ORIGINAL COLOR 2.jpg"	"https://github.com/ronenglish-archive/ron-english-sketches-grins/blob/main/images/Sketches/grins/Manny%20Pacquaio%20Grin%20ORIGINAL%20COLOR%202.jpg"	"250847"	"ea833406afaccdc468fb8af9ec74357ef7659d61"
"Manny Pacquaio Grin ORIGINAL COLOR 3.jpg"	"images/Sketches/grins/Manny Pacquaio Grin ORIGINAL COLOR 3.jpg"	"https://github.com/ronenglish-archive/ron-english-sketches-grins/blob/main/images/Sketches/grins/Manny%20Pacquaio%20Grin%20ORIGINAL%20COLOR%203.jpg"	"267074"	"1d645420ae0775b277d72a527c436300753330ea"
"Manny Pacquaio Grin ORIGINAL head.jpg"	"images/Sketches/grins/Manny Pacquaio Grin ORIGINAL head.jpg"	"https://github.com/ronenglish-archive/ron-english-sketches-grins/blob/main/images/Sketches/grins/Manny%20Pacquaio%20Grin%20ORIGINAL%20head.jpg"	"307584"	"b581666ce8972c6fe5ea068257c7b035b58d0a6d"
"Manny Pacquaio Grin ORIGINAL legs.jpg"	"images/Sketches/grins/Manny Pacquaio Grin ORIGINAL legs.jpg"	"https://github.com/ronenglish-archive/ron-english-sketches-grins/blob/main/images/Sketches/grins/Manny%20Pacquaio%20Grin%20ORIGINAL%20legs.jpg"	"232310"	"86623127dfa1906f6dd1dd7c9cc8be90209fe527"
"Manny Pacquaio Grin ORIGINAL torso.jpg"	"images/Sketches/grins/Manny Pacquaio Grin ORIGINAL torso.jpg"	"https://github.com/ronenglish-archive/ron-english-sketches-grins/blob/main/images/Sketches/grins/Manny%20Pacquaio%20Grin%20ORIGINAL%20torso.jpg"	"283370"	"b07c014a4334419b066f0c48e5b3b2a7c112e499"
"Manny Pacquaio Grin ORIGINAL.jpg"	"images/Sketches/grins/Manny Pacquaio Grin ORIGINAL.jpg"	"https://github.com/ronenglish-archive/ron-english-sketches-grins/blob/main/images/Sketches/grins/Manny%20Pacquaio%20Grin%20ORIGINAL.jpg"	"216472"	"12b113bd7f707edc078551a10fab8b9b7919eddf"
"Marge Grin back  COLOR.jpg"	"images/Sketches/grins/Marge Grin back  COLOR.jpg"	"https://github.com/ronenglish-archive/ron-english-sketches-grins/blob/main/images/Sketches/grins/Marge%20Grin%20back%20%20COLOR.jpg"	"103857"	"b7cfe1c60ff2ba390f14c2fb2bae381f35341ac7"
"Marge Grin back ORIGINAL.jpg"	"images/Sketches/grins/Marge Grin back ORIGINAL.jpg"	"https://github.com/ronenglish-archive/ron-english-sketches-grins/blob/main/images/Sketches/grins/Marge%20Grin%20back%20ORIGINAL.jpg"	"102503"	"b0fa7fb39aa9dd3ffa79656222cd4ef97c061001"
"Marge Grin front B&W.jpg"	"images/Sketches/grins/Marge Grin front B&W.jpg"	"https://github.com/ronenglish-archive/ron-english-sketches-grins/blob/main/images/Sketches/grins/Marge%20Grin%20front%20B&W.jpg"	"91423"	"5c513882b6680cd4730d2b4cb2806e1fc37622cd"
"Marge Grin front COLOR.jpg"	"images/Sketches/grins/Marge Grin front COLOR.jpg"	"https://github.com/ronenglish-archive/ron-english-sketches-grins/blob/main/images/Sketches/grins/Marge%20Grin%20front%20COLOR.jpg"	"400622"	"399f210d2410fa95c6d0cf2b386efb4acd9d6edd"
"Marge Grin front ORIGINAL.jpg"	"images/Sketches/grins/Marge Grin front ORIGINAL.jpg"	"https://github.com/ronenglish-archive/ron-english-sketches-grins/blob/main/images/Sketches/grins/Marge%20Grin%20front%20ORIGINAL.jpg"	"123009"	"f8514403c2e17794bdd091969de6249a31ae84c9"
"Marge Grin left side B&W.jpg"	"images/Sketches/grins/Marge Grin left side B&W.jpg"	"https://github.com/ronenglish-archive/ron-english-sketches-grins/blob/main/images/Sketches/grins/Marge%20Grin%20left%20side%20B&W.jpg"	"351484"	"7eea17f26c35021db3e23bde184071970c2dadff"
"Marge Grin left side COLOR.jpg"	"images/Sketches/grins/Marge Grin left side COLOR.jpg"	"https://github.com/ronenglish-archive/ron-english-sketches-grins/blob/main/images/Sketches/grins/Marge%20Grin%20left%20side%20COLOR.jpg"	"322364"	"969728265491f90fb59c4195ba14cf2142576668"
"Marge Grin left side ORIGINAL.jpg"	"images/Sketches/grins/Marge Grin left side ORIGINAL.jpg"	"https://github.com/ronenglish-archive/ron-english-sketches-grins/blob/main/images/Sketches/grins/Marge%20Grin%20left%20side%20ORIGINAL.jpg"	"111841"	"be9512d3240b50f77e472e27bab0d4429d9bce49"
"Marge Grin right side B&W.jpg"	"images/Sketches/grins/Marge Grin right side B&W.jpg"	"https://github.com/ronenglish-archive/ron-english-sketches-grins/blob/main/images/Sketches/grins/Marge%20Grin%20right%20side%20B&W.jpg"	"351189"	"3ea90620a0ecdd7906ffecee9c18f8802dc722d2"
"Marge Grin right side COLOR.jpg"	"images/Sketches/grins/Marge Grin right side COLOR.jpg"	"https://github.com/ronenglish-archive/ron-english-sketches-grins/blob/main/images/Sketches/grins/Marge%20Grin%20right%20side%20COLOR.jpg"	"323983"	"8be909aa7dbd3eb08dcc6123c6c871c2f92d0e4d"
"Marge Grin right side ORIGINAL.jpg"	"images/Sketches/grins/Marge Grin right side ORIGINAL.jpg"	"https://github.com/ronenglish-archive/ron-english-sketches-grins/blob/main/images/Sketches/grins/Marge%20Grin%20right%20side%20ORIGINAL.jpg"	"110534"	"374664e7ac1998365ac4b5b4d4e94452b2cb322d"
"Mario Grin front B&W.jpg"	"images/Sketches/grins/Mario Grin front B&W.jpg"	"https://github.com/ronenglish-archive/ron-english-sketches-grins/blob/main/images/Sketches/grins/Mario%20Grin%20front%20B&W.jpg"	"334563"	"6721dd5f3b4c775c4ae3938cc7564f60c755a752"
"Mario Grin front COLOR.jpg"	"images/Sketches/grins/Mario Grin front COLOR.jpg"	"https://github.com/ronenglish-archive/ron-english-sketches-grins/blob/main/images/Sketches/grins/Mario%20Grin%20front%20COLOR.jpg"	"387164"	"d1ad0414334ab75dd08d4beb8a7f43264ac98433"
"Mario Grin front ORIGINAL.jpg"	"images/Sketches/grins/Mario Grin front ORIGINAL.jpg"	"https://github.com/ronenglish-archive/ron-english-sketches-grins/blob/main/images/Sketches/grins/Mario%20Grin%20front%20ORIGINAL.jpg"	"245643"	"0bd5afd386ea43ac543e2bac81b0af08187452d2"
"Mario Grin left side B&W.jpg"	"images/Sketches/grins/Mario Grin left side B&W.jpg"	"https://github.com/ronenglish-archive/ron-english-sketches-grins/blob/main/images/Sketches/grins/Mario%20Grin%20left%20side%20B&W.jpg"	"197168"	"bc1ef001c2a6f6fd4e5df9da6a99b33382c57cdb"
"Mario Grin left side COLOR.jpg"	"images/Sketches/grins/Mario Grin left side COLOR.jpg"	"https://github.com/ronenglish-archive/ron-english-sketches-grins/blob/main/images/Sketches/grins/Mario%20Grin%20left%20side%20COLOR.jpg"	"329937"	"5f147675b4a2e18b63520055b0f4977927472f88"
"Mario Grin left side ORIGINAL.jpg"	"images/Sketches/grins/Mario Grin left side ORIGINAL.jpg"	"https://github.com/ronenglish-archive/ron-english-sketches-grins/blob/main/images/Sketches/grins/Mario%20Grin%20left%20side%20ORIGINAL.jpg"	"230509"	"1321b99a9c5bec481e09a33c5f7cd7ac9c51357b"
"Mario Grin right side B&W.jpg"	"images/Sketches/grins/Mario Grin right side B&W.jpg"	"https://github.com/ronenglish-archive/ron-english-sketches-grins/blob/main/images/Sketches/grins/Mario%20Grin%20right%20side%20B&W.jpg"	"171289"	"f129c1e3ed22f00fd468ce5c880c51277446e5a6"
"Mario Grin right side COLOR.jpg"	"images/Sketches/grins/Mario Grin right side COLOR.jpg"	"https://github.com/ronenglish-archive/ron-english-sketches-grins/blob/main/images/Sketches/grins/Mario%20Grin%20right%20side%20COLOR.jpg"	"233417"	"fd94873caf8ac6afdd55a6dfc9b060e46ab34650"
"Mario Grin right side ORIGINAL.jpg"	"images/Sketches/grins/Mario Grin right side ORIGINAL.jpg"	"https://github.com/ronenglish-archive/ron-english-sketches-grins/blob/main/images/Sketches/grins/Mario%20Grin%20right%20side%20ORIGINAL.jpg"	"215950"	"66b18511496ffd9cacda764ae13ecd4eec626e16"
"Max Grin COLOR.jpg"	"images/Sketches/grins/Max Grin COLOR.jpg"	"https://github.com/ronenglish-archive/ron-english-sketches-grins/blob/main/images/Sketches/grins/Max%20Grin%20COLOR.jpg"	"383902"	"227dd2347fb82d763e21cadbcc24c9afad1d423d"
"Max Grin ORIGINAL.jpg"	"images/Sketches/grins/Max Grin ORIGINAL.jpg"	"https://github.com/ronenglish-archive/ron-english-sketches-grins/blob/main/images/Sketches/grins/Max%20Grin%20ORIGINAL.jpg"	"147574"	"8e8d2ea8b88ba1318f87cce3f8230b73f6c717da"
"Max Grin png.jpg"	"images/Sketches/grins/Max Grin png.jpg"	"https://github.com/ronenglish-archive/ron-english-sketches-grins/blob/main/images/Sketches/grins/Max%20Grin%20png.jpg"	"378500"	"c720e1fe8101a4b80a485bd0712cdbef8cb9e9af"
"MC Grin 2 card.png"	"images/Sketches/grins/MC Grin 2 card.png"	"https://github.com/ronenglish-archive/ron-english-sketches-grins/blob/main/images/Sketches/grins/MC%20Grin%202%20card.png"	"225696"	"8845bf39c261ed69ecc2f73cda0099f4d2e1caa8"
"MC Grin B&W.jpg"	"images/Sketches/grins/MC Grin B&W.jpg"	"https://github.com/ronenglish-archive/ron-english-sketches-grins/blob/main/images/Sketches/grins/MC%20Grin%20B&W.jpg"	"314239"	"90d7a79bca3f7a6e1c122bbb1227cda035d7dddf"
"MC Grin card.jpg"	"images/Sketches/grins/MC Grin card.jpg"	"https://github.com/ronenglish-archive/ron-english-sketches-grins/blob/main/images/Sketches/grins/MC%20Grin%20card.jpg"	"152292"	"cf17ad1f59c432555dafcc22e6bff6924e1c7bec"
"MC Grin COLOR.jpg"	"images/Sketches/grins/MC Grin COLOR.jpg"	"https://github.com/ronenglish-archive/ron-english-sketches-grins/blob/main/images/Sketches/grins/MC%20Grin%20COLOR.jpg"	"291343"	"ee2e295381c56361c0c02dd648a9a85b4cf03636"
"MC Grin ORIGINAL COLOR 2.png"	"images/Sketches/grins/MC Grin ORIGINAL COLOR 2.png"	"https://github.com/ronenglish-archive/ron-english-sketches-grins/blob/main/images/Sketches/grins/MC%20Grin%20ORIGINAL%20COLOR%202.png"	"225696"	"8845bf39c261ed69ecc2f73cda0099f4d2e1caa8"
"MC Grin ORIGINAL COLOR.jpg"	"images/Sketches/grins/MC Grin ORIGINAL COLOR.jpg"	"https://github.com/ronenglish-archive/ron-english-sketches-grins/blob/main/images/Sketches/grins/MC%20Grin%20ORIGINAL%20COLOR.jpg"	"152292"	"cf17ad1f59c432555dafcc22e6bff6924e1c7bec"
"MC Supersize Grin Flying B&W.jpg"	"images/Sketches/grins/MC Supersize Grin Flying B&W.jpg"	"https://github.com/ronenglish-archive/ron-english-sketches-grins/blob/main/images/Sketches/grins/MC%20Supersize%20Grin%20Flying%20B&W.jpg"	"353106"	"a784aa0d3051563ca9582a0bbfceaca7bce8d697"
"MC Supersize Grin Flying COLOR.1.jpg"	"images/Sketches/grins/MC Supersize Grin Flying COLOR.1.jpg"	"https://github.com/ronenglish-archive/ron-english-sketches-grins/blob/main/images/Sketches/grins/MC%20Supersize%20Grin%20Flying%20COLOR.1.jpg"	"306178"	"956f09906cb1d2c906c19ecb1a7096b12a9977b4"
"MC Supersize Grin Flying ORIGINAL.jpg"	"images/Sketches/grins/MC Supersize Grin Flying ORIGINAL.jpg"	"https://github.com/ronenglish-archive/ron-english-sketches-grins/blob/main/images/Sketches/grins/MC%20Supersize%20Grin%20Flying%20ORIGINAL.jpg"	"323879"	"9ed84f1a933842871475373f775d3ad281bd44e3"
"MC Supersized Grin 2 B&W.jpg"	"images/Sketches/grins/MC Supersized Grin 2 B&W.jpg"	"https://github.com/ronenglish-archive/ron-english-sketches-grins/blob/main/images/Sketches/grins/MC%20Supersized%20Grin%202%20B&W.jpg"	"466820"	"81d18dcdc58eed57306967912b0fdd2b948e098c"
"MC Supersized Grin 2 COLOR.jpg"	"images/Sketches/grins/MC Supersized Grin 2 COLOR.jpg"	"https://github.com/ronenglish-archive/ron-english-sketches-grins/blob/main/images/Sketches/grins/MC%20Supersized%20Grin%202%20COLOR.jpg"	"262149"	"f589a401225dc3108eed257b6d743acf6f0e26c1"
"MC Supersized Grin 2 ORIGINAL.jpg"	"images/Sketches/grins/MC Supersized Grin 2 ORIGINAL.jpg"	"https://github.com/ronenglish-archive/ron-english-sketches-grins/blob/main/images/Sketches/grins/MC%20Supersized%20Grin%202%20ORIGINAL.jpg"	"236165"	"8a9f931174289b04fb74954c9c1d7af3c86433b3"
"MC Supersized Grin B&W.jpg"	"images/Sketches/grins/MC Supersized Grin B&W.jpg"	"https://github.com/ronenglish-archive/ron-english-sketches-grins/blob/main/images/Sketches/grins/MC%20Supersized%20Grin%20B&W.jpg"	"446174"	"00c78609da849111d6a29dce6b295489bedf51d9"
"MC Supersized Grin COLOR.jpg"	"images/Sketches/grins/MC Supersized Grin COLOR.jpg"	"https://github.com/ronenglish-archive/ron-english-sketches-grins/blob/main/images/Sketches/grins/MC%20Supersized%20Grin%20COLOR.jpg"	"347012"	"f9f75269fd2dd5747fdb6448f0ad82f75a22281e"
"MC Supersized Grin ORIGINAL.jpg"	"images/Sketches/grins/MC Supersized Grin ORIGINAL.jpg"	"https://github.com/ronenglish-archive/ron-english-sketches-grins/blob/main/images/Sketches/grins/MC%20Supersized%20Grin%20ORIGINAL.jpg"	"215485"	"dfe341660f4cf4577e5b6812df6940864a8b6c50"
"MC Supersized Grin side B&W.jpeg"	"images/Sketches/grins/MC Supersized Grin side B&W.jpeg"	"https://github.com/ronenglish-archive/ron-english-sketches-grins/blob/main/images/Sketches/grins/MC%20Supersized%20Grin%20side%20B&W.jpeg"	"106920"	"cb9bd43c2037c58cf4a3d8e234c25cf38a1a7924"
"MC Supersized Grin side COLOR.jpg"	"images/Sketches/grins/MC Supersized Grin side COLOR.jpg"	"https://github.com/ronenglish-archive/ron-english-sketches-grins/blob/main/images/Sketches/grins/MC%20Supersized%20Grin%20side%20COLOR.jpg"	"88223"	"46c3324b51afd4de04a3a0524a6d41ef7698db31"
"MC Supersized Grin side ORIGINAL.jpg"	"images/Sketches/grins/MC Supersized Grin side ORIGINAL.jpg"	"https://github.com/ronenglish-archive/ron-english-sketches-grins/blob/main/images/Sketches/grins/MC%20Supersized%20Grin%20side%20ORIGINAL.jpg"	"167222"	"769715cbfc869b1ba772c08c12aeadde6c0ec72f"
"Melting Grinnie side view 1 COLOR.png"	"images/Sketches/grins/Melting Grinnie side view 1 COLOR.png"	"https://github.com/ronenglish-archive/ron-english-sketches-grins/blob/main/images/Sketches/grins/Melting%20Grinnie%20side%20view%201%20COLOR.png"	"139327"	"886d42a061382f94dc8ce4ef26d982a210124973"
"Melting Grinnie side view 2 COLOR.png"	"images/Sketches/grins/Melting Grinnie side view 2 COLOR.png"	"https://github.com/ronenglish-archive/ron-english-sketches-grins/blob/main/images/Sketches/grins/Melting%20Grinnie%20side%20view%202%20COLOR.png"	"131615"	"7b60fe1af892bdcece1f57b4785cfecef69c11ae"
"Melting Grinnie side view 3 COLOR.png"	"images/Sketches/grins/Melting Grinnie side view 3 COLOR.png"	"https://github.com/ronenglish-archive/ron-english-sketches-grins/blob/main/images/Sketches/grins/Melting%20Grinnie%20side%20view%203%20COLOR.png"	"130537"	"32325406502ad55e84655f7f6f20b06ea68b32f6"
"Melting Monster Grin B&W.jpg"	"images/Sketches/grins/Melting Monster Grin B&W.jpg"	"https://github.com/ronenglish-archive/ron-english-sketches-grins/blob/main/images/Sketches/grins/Melting%20Monster%20Grin%20B&W.jpg"	"475305"	"1e16e8d0d081c3ba8c83acf80ae9c2b4eef8cf19"
"Melting Monster Grin COLOR.jpg"	"images/Sketches/grins/Melting Monster Grin COLOR.jpg"	"https://github.com/ronenglish-archive/ron-english-sketches-grins/blob/main/images/Sketches/grins/Melting%20Monster%20Grin%20COLOR.jpg"	"322950"	"c95dab3b2ee0254c4123c555c977f8466bf9612f"
"Melting Monster Grin ORIGINAL.jpg"	"images/Sketches/grins/Melting Monster Grin ORIGINAL.jpg"	"https://github.com/ronenglish-archive/ron-english-sketches-grins/blob/main/images/Sketches/grins/Melting%20Monster%20Grin%20ORIGINAL.jpg"	"252233"	"9d57bcd8f423308aaa96fabe92312554b57a5bec"
"Mentadusa B&W.jpg"	"images/Sketches/grins/Mentadusa B&W.jpg"	"https://github.com/ronenglish-archive/ron-english-sketches-grins/blob/main/images/Sketches/grins/Mentadusa%20B&W.jpg"	"291115"	"00e7ac83756d2cad7caea3038eb35f70dd29ee99"
"Mentadusa COLOR.jpg"	"images/Sketches/grins/Mentadusa COLOR.jpg"	"https://github.com/ronenglish-archive/ron-english-sketches-grins/blob/main/images/Sketches/grins/Mentadusa%20COLOR.jpg"	"331279"	"299692d80b67f2649e56e1a9f987184e3e6b6d24"
"Mentadusa ORIGINAL.jpg"	"images/Sketches/grins/Mentadusa ORIGINAL.jpg"	"https://github.com/ronenglish-archive/ron-english-sketches-grins/blob/main/images/Sketches/grins/Mentadusa%20ORIGINAL.jpg"	"334181"	"bc1b44bf5d934bfe413b3d2d297df658568a6333"
"Mickey Eyes Grin 1 COLOR.png"	"images/Sketches/grins/Mickey Eyes Grin 1 COLOR.png"	"https://github.com/ronenglish-archive/ron-english-sketches-grins/blob/main/images/Sketches/grins/Mickey%20Eyes%20Grin%201%20COLOR.png"	"163216"	"9f4a54201abdb8bb144be4df47d509398b860286"
"Mickey Eyes Grin 2 COLOR.png"	"images/Sketches/grins/Mickey Eyes Grin 2 COLOR.png"	"https://github.com/ronenglish-archive/ron-english-sketches-grins/blob/main/images/Sketches/grins/Mickey%20Eyes%20Grin%202%20COLOR.png"	"163275"	"db3e00007919e0ddfc751eb0056f284b3cfe8743"
"Mickey Grin head B&W.jpg"	"images/Sketches/grins/Mickey Grin head B&W.jpg"	"https://github.com/ronenglish-archive/ron-english-sketches-grins/blob/main/images/Sketches/grins/Mickey%20Grin%20head%20B&W.jpg"	"192184"	"0386bb7a9639444543f5f1474cca69225389e3b7"
"Mickey Grin head COLOR.jpg"	"images/Sketches/grins/Mickey Grin head COLOR.jpg"	"https://github.com/ronenglish-archive/ron-english-sketches-grins/blob/main/images/Sketches/grins/Mickey%20Grin%20head%20COLOR.jpg"	"235834"	"a7410e7b5f403ced3854d0609b8a38bb51ceba91"
"Mickey Grin head ORIGINAL.jpg"	"images/Sketches/grins/Mickey Grin head ORIGINAL.jpg"	"https://github.com/ronenglish-archive/ron-english-sketches-grins/blob/main/images/Sketches/grins/Mickey%20Grin%20head%20ORIGINAL.jpg"	"159086"	"c5ffcfdcc18a1d9073a0763e90e59c862770ec10"
"Mickey Grin ORIGINAL COLOR.jpg"	"images/Sketches/grins/Mickey Grin ORIGINAL COLOR.jpg"	"https://github.com/ronenglish-archive/ron-english-sketches-grins/blob/main/images/Sketches/grins/Mickey%20Grin%20ORIGINAL%20COLOR.jpg"	"133266"	"ab3338842b7a4c337694924c5d9a0c37ce6fff1a"
"Mickey Grin side view 1 COLOR.png"	"images/Sketches/grins/Mickey Grin side view 1 COLOR.png"	"https://github.com/ronenglish-archive/ron-english-sketches-grins/blob/main/images/Sketches/grins/Mickey%20Grin%20side%20view%201%20COLOR.png"	"151309"	"b3a06e8b507033082f639fcf763ec05eac35b0fc"
"Mickey Grin side view 2 COLOR.png"	"images/Sketches/grins/Mickey Grin side view 2 COLOR.png"	"https://github.com/ronenglish-archive/ron-english-sketches-grins/blob/main/images/Sketches/grins/Mickey%20Grin%20side%20view%202%20COLOR.png"	"152848"	"b0ff16bffef0edbdeaa025136745c08082f11885"
"Mickey Mouse Grin 2 B&W.jpg"	"images/Sketches/grins/Mickey Mouse Grin 2 B&W.jpg"	"https://github.com/ronenglish-archive/ron-english-sketches-grins/blob/main/images/Sketches/grins/Mickey%20Mouse%20Grin%202%20B&W.jpg"	"294257"	"7589ef7841fdd382482d1e2f45be065d37ba3d79"
"Mickey Mouse Grin 2 ORIGINAL.jpg"	"images/Sketches/grins/Mickey Mouse Grin 2 ORIGINAL.jpg"	"https://github.com/ronenglish-archive/ron-english-sketches-grins/blob/main/images/Sketches/grins/Mickey%20Mouse%20Grin%202%20ORIGINAL.jpg"	"172728"	"8f4383c9f78ce0a2c8a6fb156bc526b54d161f7d"
"Mickey Mouse Grin back B&W.jpg"	"images/Sketches/grins/Mickey Mouse Grin back B&W.jpg"	"https://github.com/ronenglish-archive/ron-english-sketches-grins/blob/main/images/Sketches/grins/Mickey%20Mouse%20Grin%20back%20B&W.jpg"	"479928"	"890b3b0f2cebc25e28bb0be8705f680f6f350361"
"Mickey Mouse Grin back COLOR.jpg"	"images/Sketches/grins/Mickey Mouse Grin back COLOR.jpg"	"https://github.com/ronenglish-archive/ron-english-sketches-grins/blob/main/images/Sketches/grins/Mickey%20Mouse%20Grin%20back%20COLOR.jpg"	"201399"	"98f95d6be873e25ca7a65be22c3acd670f97cfbf"
"Mickey Mouse Grin back ORIGINAL.jpg"	"images/Sketches/grins/Mickey Mouse Grin back ORIGINAL.jpg"	"https://github.com/ronenglish-archive/ron-english-sketches-grins/blob/main/images/Sketches/grins/Mickey%20Mouse%20Grin%20back%20ORIGINAL.jpg"	"144002"	"c91bed74ab480f7f2e1ceba5896b3a8d8cdff15c"
"Mickey Mouse Grin COLOR.png"	"images/Sketches/grins/Mickey Mouse Grin COLOR.png"	"https://github.com/ronenglish-archive/ron-english-sketches-grins/blob/main/images/Sketches/grins/Mickey%20Mouse%20Grin%20COLOR.png"	"117411"	"0b4e684e7e94174a241cdf161a3044e14998c295"
"Mickey Mouse Grin Flying B&W.jpg"	"images/Sketches/grins/Mickey Mouse Grin Flying B&W.jpg"	"https://github.com/ronenglish-archive/ron-english-sketches-grins/blob/main/images/Sketches/grins/Mickey%20Mouse%20Grin%20Flying%20B&W.jpg"	"473468"	"b987887514a14379b598b93c2c74765c1329e5d6"
"Mickey Mouse Grin Flying COLOR.jpg"	"images/Sketches/grins/Mickey Mouse Grin Flying COLOR.jpg"	"https://github.com/ronenglish-archive/ron-english-sketches-grins/blob/main/images/Sketches/grins/Mickey%20Mouse%20Grin%20Flying%20COLOR.jpg"	"302679"	"ef1c0b9bf493db62619b2b163e1fdf7b0c27b691"
"Mickey Mouse Grin Flying ORIGINAL.jpg"	"images/Sketches/grins/Mickey Mouse Grin Flying ORIGINAL.jpg"	"https://github.com/ronenglish-archive/ron-english-sketches-grins/blob/main/images/Sketches/grins/Mickey%20Mouse%20Grin%20Flying%20ORIGINAL.jpg"	"345106"	"26538b3c5f64626bd6edc5c2a86b662beb90c305"
"Mickey Mouse Grin left side COLOR.jpg"	"images/Sketches/grins/Mickey Mouse Grin left side COLOR.jpg"	"https://github.com/ronenglish-archive/ron-english-sketches-grins/blob/main/images/Sketches/grins/Mickey%20Mouse%20Grin%20left%20side%20COLOR.jpg"	"399481"	"f8b6e363fb63f28d99e819fd0853832bac2a1b21"
"Mickey Mouse Grin left side ORIGINAL.jpg"	"images/Sketches/grins/Mickey Mouse Grin left side ORIGINAL.jpg"	"https://github.com/ronenglish-archive/ron-english-sketches-grins/blob/main/images/Sketches/grins/Mickey%20Mouse%20Grin%20left%20side%20ORIGINAL.jpg"	"157782"	"53b1eb047e52b4c4385894a410b7c33e04c360e2"
"Mickey Mouse Grin ORIGINAL.jpg"	"images/Sketches/grins/Mickey Mouse Grin ORIGINAL.jpg"	"https://github.com/ronenglish-archive/ron-english-sketches-grins/blob/main/images/Sketches/grins/Mickey%20Mouse%20Grin%20ORIGINAL.jpg"	"250994"	"dcf63fd667093e9f4f14686e387e75ef89fb678d"
"Mickey Mouse Grin right side B&W.jpg"	"images/Sketches/grins/Mickey Mouse Grin right side B&W.jpg"	"https://github.com/ronenglish-archive/ron-english-sketches-grins/blob/main/images/Sketches/grins/Mickey%20Mouse%20Grin%20right%20side%20B&W.jpg"	"133776"	"072c300843d2c7d77f651250feea0401972f164b"
"Mickey Mouse Grin right side COLOR.jpg"	"images/Sketches/grins/Mickey Mouse Grin right side COLOR.jpg"	"https://github.com/ronenglish-archive/ron-english-sketches-grins/blob/main/images/Sketches/grins/Mickey%20Mouse%20Grin%20right%20side%20COLOR.jpg"	"162765"	"0514241cec68e689e5d736f1297d96977af4bfba"
"Mickey Mouse Grin right side ORIGINAL.jpg"	"images/Sketches/grins/Mickey Mouse Grin right side ORIGINAL.jpg"	"https://github.com/ronenglish-archive/ron-english-sketches-grins/blob/main/images/Sketches/grins/Mickey%20Mouse%20Grin%20right%20side%20ORIGINAL.jpg"	"153004"	"1b9fbf4595ee34d57cb9a8bd02ed0581680f6ce6"
"Mishka Eyeball Grin B&W.jpg"	"images/Sketches/grins/Mishka Eyeball Grin B&W.jpg"	"https://github.com/ronenglish-archive/ron-english-sketches-grins/blob/main/images/Sketches/grins/Mishka%20Eyeball%20Grin%20B&W.jpg"	"335447"	"3d53270a6c95c7f64cd318dbd88872c9d9caeeac"
"Mishka Eyeball Grin COLOR.jpg"	"images/Sketches/grins/Mishka Eyeball Grin COLOR.jpg"	"https://github.com/ronenglish-archive/ron-english-sketches-grins/blob/main/images/Sketches/grins/Mishka%20Eyeball%20Grin%20COLOR.jpg"	"154020"	"900c35f3b989fc93ded57a23f36d027cb508e58e"
"Mishka Eyeball Grin ORIGINAL COLOR.jpg"	"images/Sketches/grins/Mishka Eyeball Grin ORIGINAL COLOR.jpg"	"https://github.com/ronenglish-archive/ron-english-sketches-grins/blob/main/images/Sketches/grins/Mishka%20Eyeball%20Grin%20ORIGINAL%20COLOR.jpg"	"124512"	"1d0eea8917242ca5070a3ad05e753152d3af3146"
"Mishka Eyeball Grin ORIGINAL.jpg"	"images/Sketches/grins/Mishka Eyeball Grin ORIGINAL.jpg"	"https://github.com/ronenglish-archive/ron-english-sketches-grins/blob/main/images/Sketches/grins/Mishka%20Eyeball%20Grin%20ORIGINAL.jpg"	"147243"	"10203b2db474d99035f74f46702decdb56864b79"
"Modzilla Grin Front B&W.jpg"	"images/Sketches/grins/Modzilla Grin Front B&W.jpg"	"https://github.com/ronenglish-archive/ron-english-sketches-grins/blob/main/images/Sketches/grins/Modzilla%20Grin%20Front%20B&W.jpg"	"423382"	"06077af4e08516f803b023de2b48931d9631f534"
"Modzilla Grin Front ORIGINAL.jpg"	"images/Sketches/grins/Modzilla Grin Front ORIGINAL.jpg"	"https://github.com/ronenglish-archive/ron-english-sketches-grins/blob/main/images/Sketches/grins/Modzilla%20Grin%20Front%20ORIGINAL.jpg"	"112240"	"192b22b48c8fd77587920e00cd2aa12e06b8b39b"
"Modzilla Grin Side B&W.jpg"	"images/Sketches/grins/Modzilla Grin Side B&W.jpg"	"https://github.com/ronenglish-archive/ron-english-sketches-grins/blob/main/images/Sketches/grins/Modzilla%20Grin%20Side%20B&W.jpg"	"360791"	"21c091a55254667b62660bf76935e31834d40c50"
"Modzilla Grin Side ORIGINAL.jpg"	"images/Sketches/grins/Modzilla Grin Side ORIGINAL.jpg"	"https://github.com/ronenglish-archive/ron-english-sketches-grins/blob/main/images/Sketches/grins/Modzilla%20Grin%20Side%20ORIGINAL.jpg"	"209974"	"58c27ad5fc5d93400faf6fae97f358c85325e510"
"Mogul Grin B&W.jpg"	"images/Sketches/grins/Mogul Grin B&W.jpg"	"https://github.com/ronenglish-archive/ron-english-sketches-grins/blob/main/images/Sketches/grins/Mogul%20Grin%20B&W.jpg"	"322088"	"b9cd50c229e9d07068034814749395aaf1fd7ba0"
"Mogul Grin back B&W.jpg"	"images/Sketches/grins/Mogul Grin back B&W.jpg"	"https://github.com/ronenglish-archive/ron-english-sketches-grins/blob/main/images/Sketches/grins/Mogul%20Grin%20back%20B&W.jpg"	"421725"	"fd730c258f539a185833d57b8b04706589b8bb31"
"Mogul Grin back COLOR.jpg"	"images/Sketches/grins/Mogul Grin back COLOR.jpg"	"https://github.com/ronenglish-archive/ron-english-sketches-grins/blob/main/images/Sketches/grins/Mogul%20Grin%20back%20COLOR.jpg"	"537502"	"72b491499dfed42fded4af9d44702b0fffee3eea"
"Mogul Grin back ORIGINAL.jpg"	"images/Sketches/grins/Mogul Grin back ORIGINAL.jpg"	"https://github.com/ronenglish-archive/ron-english-sketches-grins/blob/main/images/Sketches/grins/Mogul%20Grin%20back%20ORIGINAL.jpg"	"143292"	"5c9b1107eb58c584855a99d2b2c07a645df4ced5"
"Mogul Grin COLOR.jpg"	"images/Sketches/grins/Mogul Grin COLOR.jpg"	"https://github.com/ronenglish-archive/ron-english-sketches-grins/blob/main/images/Sketches/grins/Mogul%20Grin%20COLOR.jpg"	"178971"	"c7d6a049806ef2b4f84caee020fe1c0679d82143"
"Mogul Grin left side B&W.jpg"	"images/Sketches/grins/Mogul Grin left side B&W.jpg"	"https://github.com/ronenglish-archive/ron-english-sketches-grins/blob/main/images/Sketches/grins/Mogul%20Grin%20left%20side%20B&W.jpg"	"176564"	"5845b327aa438c78db6d1aa9207ecf4ddf244721"
"Mogul Grin left side COLOR.jpg"	"images/Sketches/grins/Mogul Grin left side COLOR.jpg"	"https://github.com/ronenglish-archive/ron-english-sketches-grins/blob/main/images/Sketches/grins/Mogul%20Grin%20left%20side%20COLOR.jpg"	"215071"	"ff6cc389ffd01034ec0db36df46443c20a60bdd3"
"Mogul Grin left side ORIGINAL.jpg"	"images/Sketches/grins/Mogul Grin left side ORIGINAL.jpg"	"https://github.com/ronenglish-archive/ron-english-sketches-grins/blob/main/images/Sketches/grins/Mogul%20Grin%20left%20side%20ORIGINAL.jpg"	"162259"	"3441b3191ec4d056df0a8336be746e151b822e18"
"Mogul Grin ORIGINAL COLOR.jpg"	"images/Sketches/grins/Mogul Grin ORIGINAL COLOR.jpg"	"https://github.com/ronenglish-archive/ron-english-sketches-grins/blob/main/images/Sketches/grins/Mogul%20Grin%20ORIGINAL%20COLOR.jpg"	"98466"	"c96ce9c370f59a8c45dd725748644a606e58fac4"
"Mogul Grin ORIGINAL.jpg"	"images/Sketches/grins/Mogul Grin ORIGINAL.jpg"	"https://github.com/ronenglish-archive/ron-english-sketches-grins/blob/main/images/Sketches/grins/Mogul%20Grin%20ORIGINAL.jpg"	"146579"	"71875a48b18dbd696218529b1703821cb6ca11dc"
"Mogul Grin right side B&W.jpg"	"images/Sketches/grins/Mogul Grin right side B&W.jpg"	"https://github.com/ronenglish-archive/ron-english-sketches-grins/blob/main/images/Sketches/grins/Mogul%20Grin%20right%20side%20B&W.jpg"	"445139"	"26cde3987d1f2f8d94ce01193a000c2ce0bcb218"
"Mogul Grin right side COLOR.jpg"	"images/Sketches/grins/Mogul Grin right side COLOR.jpg"	"https://github.com/ronenglish-archive/ron-english-sketches-grins/blob/main/images/Sketches/grins/Mogul%20Grin%20right%20side%20COLOR.jpg"	"510687"	"99edb2ad3cbf9b670f6569a2fcf5b0999999add3"
"Mogul Grin right side ORIGINAL.jpg"	"images/Sketches/grins/Mogul Grin right side ORIGINAL.jpg"	"https://github.com/ronenglish-archive/ron-english-sketches-grins/blob/main/images/Sketches/grins/Mogul%20Grin%20right%20side%20ORIGINAL.jpg"	"151631"	"e1e02766abfff10187032be3964fc591af7bc879"
"Mogul Grin Standing B&W.jpg"	"images/Sketches/grins/Mogul Grin Standing B&W.jpg"	"https://github.com/ronenglish-archive/ron-english-sketches-grins/blob/main/images/Sketches/grins/Mogul%20Grin%20Standing%20B&W.jpg"	"372945"	"d44c17ea87690253bb130c0aaf904a24f618f885"
"Mogul Grin Standing COLOR.jpg"	"images/Sketches/grins/Mogul Grin Standing COLOR.jpg"	"https://github.com/ronenglish-archive/ron-english-sketches-grins/blob/main/images/Sketches/grins/Mogul%20Grin%20Standing%20COLOR.jpg"	"146425"	"4e451017fbf4503bcd946ec477f84d0fa18c1c47"
"Mogul Grin Standing ORIGINAL.jpg"	"images/Sketches/grins/Mogul Grin Standing ORIGINAL.jpg"	"https://github.com/ronenglish-archive/ron-english-sketches-grins/blob/main/images/Sketches/grins/Mogul%20Grin%20Standing%20ORIGINAL.jpg"	"213445"	"50b10bb542b78c965775c547c3c0f6f88ab5cba5"
"Momoko Sakura grin ORIGINAL.jpg"	"images/Sketches/grins/Momoko Sakura grin ORIGINAL.jpg"	"https://github.com/ronenglish-archive/ron-english-sketches-grins/blob/main/images/Sketches/grins/Momoko%20Sakura%20grin%20ORIGINAL.jpg"	"206448"	"f068d6e1bb104567b689c6ae6064cce5087f555c"
"Monkey Grin Mouth COLOR.png"	"images/Sketches/grins/Monkey Grin Mouth COLOR.png"	"https://github.com/ronenglish-archive/ron-english-sketches-grins/blob/main/images/Sketches/grins/Monkey%20Grin%20Mouth%20COLOR.png"	"160074"	"7c9b3cc7f8ae30efb08b4b017cc8e3e952c25962"
"Monkey Shiner Angel Grin COLOR.jpg"	"images/Sketches/grins/Monkey Shiner Angel Grin COLOR.jpg"	"https://github.com/ronenglish-archive/ron-english-sketches-grins/blob/main/images/Sketches/grins/Monkey%20Shiner%20Angel%20Grin%20COLOR.jpg"	"115980"	"083388ccbc8cabc8f157ac18aab3ceda003e355c"
"Monkey Shiner Angel Grin ORINGINAL (1).jpg"	"images/Sketches/grins/Monkey Shiner Angel Grin ORINGINAL (1).jpg"	"https://github.com/ronenglish-archive/ron-english-sketches-grins/blob/main/images/Sketches/grins/Monkey%20Shiner%20Angel%20Grin%20ORINGINAL%20(1).jpg"	"266388"	"af2a37adce31e9e9df4657d2faa5af8d3e3f5474"
"Monkey Shriner Grin COLOR.jpg"	"images/Sketches/grins/Monkey Shriner Grin COLOR.jpg"	"https://github.com/ronenglish-archive/ron-english-sketches-grins/blob/main/images/Sketches/grins/Monkey%20Shriner%20Grin%20COLOR.jpg"	"134583"	"8a28ab2a3f06845f2e227239954341e26f4ffaa4"
"Monkey Shriner Grin ORIGINAL COLOR.jpg"	"images/Sketches/grins/Monkey Shriner Grin ORIGINAL COLOR.jpg"	"https://github.com/ronenglish-archive/ron-english-sketches-grins/blob/main/images/Sketches/grins/Monkey%20Shriner%20Grin%20ORIGINAL%20COLOR.jpg"	"68506"	"28c59eb1281604c5d3ae360b7ef3b09cddd67c78"
"Monkey Shriner Grin ORIGINAL.jpeg"	"images/Sketches/grins/Monkey Shriner Grin ORIGINAL.jpeg"	"https://github.com/ronenglish-archive/ron-english-sketches-grins/blob/main/images/Sketches/grins/Monkey%20Shriner%20Grin%20ORIGINAL.jpeg"	"114844"	"9867ac1bec3f17a052849f154c8606d21ddcf54b"
"Monkey Shriner Grin side COLOR.png"	"images/Sketches/grins/Monkey Shriner Grin side COLOR.png"	"https://github.com/ronenglish-archive/ron-english-sketches-grins/blob/main/images/Sketches/grins/Monkey%20Shriner%20Grin%20side%20COLOR.png"	"326442"	"4e3f0cb46605611ba1cbc5161a3d14e0638f382d"
"Mounted Gorilla Grin B&W.jpg"	"images/Sketches/grins/Mounted Gorilla Grin B&W.jpg"	"https://github.com/ronenglish-archive/ron-english-sketches-grins/blob/main/images/Sketches/grins/Mounted%20Gorilla%20Grin%20B&W.jpg"	"300631"	"004cb41b74bcbefc93b8ca89f5eae868de717a1a"
"Mounted Gorilla Grin COLOR.jpg"	"images/Sketches/grins/Mounted Gorilla Grin COLOR.jpg"	"https://github.com/ronenglish-archive/ron-english-sketches-grins/blob/main/images/Sketches/grins/Mounted%20Gorilla%20Grin%20COLOR.jpg"	"464948"	"fc60156c98771e04b6a0d5e57633c57fac3255b5"
"Mounted Gorilla Grin ORIGINAL.jpg"	"images/Sketches/grins/Mounted Gorilla Grin ORIGINAL.jpg"	"https://github.com/ronenglish-archive/ron-english-sketches-grins/blob/main/images/Sketches/grins/Mounted%20Gorilla%20Grin%20ORIGINAL.jpg"	"97315"	"b78f7e8fa82025e32a357b4c3280a32d8fad99b7"
"Mouth Grin B&W.jpg"	"images/Sketches/grins/Mouth Grin B&W.jpg"	"https://github.com/ronenglish-archive/ron-english-sketches-grins/blob/main/images/Sketches/grins/Mouth%20Grin%20B&W.jpg"	"352402"	"65c4a216c8bd9662afb477cca0ef2e0dac9786c2"
"Mouth Grin COLOR.jpg"	"images/Sketches/grins/Mouth Grin COLOR.jpg"	"https://github.com/ronenglish-archive/ron-english-sketches-grins/blob/main/images/Sketches/grins/Mouth%20Grin%20COLOR.jpg"	"162260"	"e61e1d5708831b1f31dc69e0bec74bc6b1295cbf"
"Mouth Grin ORIGINAL.jpg"	"images/Sketches/grins/Mouth Grin ORIGINAL.jpg"	"https://github.com/ronenglish-archive/ron-english-sketches-grins/blob/main/images/Sketches/grins/Mouth%20Grin%20ORIGINAL.jpg"	"283020"	"99add48dcf962180474c61b37ae61e5029990ad0"
"Mr Met Grin B&W.jpg"	"images/Sketches/grins/Mr Met Grin B&W.jpg"	"https://github.com/ronenglish-archive/ron-english-sketches-grins/blob/main/images/Sketches/grins/Mr%20Met%20Grin%20B&W.jpg"	"330716"	"d66c2aac2dd86da4c424fff41862596facb1055e"
"Mr Met Grin COLOR.jpg"	"images/Sketches/grins/Mr Met Grin COLOR.jpg"	"https://github.com/ronenglish-archive/ron-english-sketches-grins/blob/main/images/Sketches/grins/Mr%20Met%20Grin%20COLOR.jpg"	"530078"	"0f60b49273dae1f93b244c7c54fc1dcf8a3b7781"
"Mr Met Grin ORIGINAL COLOR.jpg"	"images/Sketches/grins/Mr Met Grin ORIGINAL COLOR.jpg"	"https://github.com/ronenglish-archive/ron-english-sketches-grins/blob/main/images/Sketches/grins/Mr%20Met%20Grin%20ORIGINAL%20COLOR.jpg"	"107534"	"2522073a067ee393bc8adb4bc363af0b01f7dda4"
"Mr Potato Grin B&W.jpg"	"images/Sketches/grins/Mr Potato Grin B&W.jpg"	"https://github.com/ronenglish-archive/ron-english-sketches-grins/blob/main/images/Sketches/grins/Mr%20Potato%20Grin%20B&W.jpg"	"383742"	"0b2a59e656093558e06a8aef71ee4ae36aaa8e29"
"Mr Potato Grin COLOR 2.png"	"images/Sketches/grins/Mr Potato Grin COLOR 2.png"	"https://github.com/ronenglish-archive/ron-english-sketches-grins/blob/main/images/Sketches/grins/Mr%20Potato%20Grin%20COLOR%202.png"	"507234"	"acccfb849dc0c7c8343e1e20f1d7298fc04ef826"
"Mr Potato Grin COLOR.jpg"	"images/Sketches/grins/Mr Potato Grin COLOR.jpg"	"https://github.com/ronenglish-archive/ron-english-sketches-grins/blob/main/images/Sketches/grins/Mr%20Potato%20Grin%20COLOR.jpg"	"207289"	"c27aea7164ae2badfb771e8e11ed634916c6bd5f"
"Mr Potato Grin ORIGINAL.jpg"	"images/Sketches/grins/Mr Potato Grin ORIGINAL.jpg"	"https://github.com/ronenglish-archive/ron-english-sketches-grins/blob/main/images/Sketches/grins/Mr%20Potato%20Grin%20ORIGINAL.jpg"	"171855"	"9321dc77d4aced1946ed2cfd43c3936f8c0625d8"
"Mummy Grin 1 COLOR.png"	"images/Sketches/grins/Mummy Grin 1 COLOR.png"	"https://github.com/ronenglish-archive/ron-english-sketches-grins/blob/main/images/Sketches/grins/Mummy%20Grin%201%20COLOR.png"	"426563"	"37b7927112f2c294bb53d3a0b7678e33d39a5b6d"
"Mummy Grin 2 COLOR.jpg"	"images/Sketches/grins/Mummy Grin 2 COLOR.jpg"	"https://github.com/ronenglish-archive/ron-english-sketches-grins/blob/main/images/Sketches/grins/Mummy%20Grin%202%20COLOR.jpg"	"182028"	"365dcbbe46cfea69640561425a6dec81ce3297b7"
"Mummy Grin B&W.jpg"	"images/Sketches/grins/Mummy Grin B&W.jpg"	"https://github.com/ronenglish-archive/ron-english-sketches-grins/blob/main/images/Sketches/grins/Mummy%20Grin%20B&W.jpg"	"249436"	"b50fbca87900317f5656f0487cf7bb12ff8f569a"
"Mummy Grin COLOR.jpg"	"images/Sketches/grins/Mummy Grin COLOR.jpg"	"https://github.com/ronenglish-archive/ron-english-sketches-grins/blob/main/images/Sketches/grins/Mummy%20Grin%20COLOR.jpg"	"190596"	"3c1ad8ed364c2f8caa677b3e899f7cc9dab3d6e0"
"Mummy Grin ORIGINAL.jpg"	"images/Sketches/grins/Mummy Grin ORIGINAL.jpg"	"https://github.com/ronenglish-archive/ron-english-sketches-grins/blob/main/images/Sketches/grins/Mummy%20Grin%20ORIGINAL.jpg"	"254947"	"060b6d135f673d39d12366ccf9c4910addf3354c"
"Mush Man grin B&W.jpg"	"images/Sketches/grins/Mush Man grin B&W.jpg"	"https://github.com/ronenglish-archive/ron-english-sketches-grins/blob/main/images/Sketches/grins/Mush%20Man%20grin%20B&W.jpg"	"136560"	"a278cac421cb750fb671dc136e846cde6c784bf8"
"Mush Man grin COLOR.jpg"	"images/Sketches/grins/Mush Man grin COLOR.jpg"	"https://github.com/ronenglish-archive/ron-english-sketches-grins/blob/main/images/Sketches/grins/Mush%20Man%20grin%20COLOR.jpg"	"400159"	"c570ae99efaa550781d4db41510d7214b4ceea8e"
"Mush Man grin ORIGINAL (2).jpg"	"images/Sketches/grins/Mush Man grin ORIGINAL (2).jpg"	"https://github.com/ronenglish-archive/ron-english-sketches-grins/blob/main/images/Sketches/grins/Mush%20Man%20grin%20ORIGINAL%20(2).jpg"	"282576"	"8991a345c7d8dd6890f7530cdbb4a77c99afd179"
"Mush Man grin ORIGINAL COLOR.jpg"	"images/Sketches/grins/Mush Man grin ORIGINAL COLOR.jpg"	"https://github.com/ronenglish-archive/ron-english-sketches-grins/blob/main/images/Sketches/grins/Mush%20Man%20grin%20ORIGINAL%20COLOR.jpg"	"186086"	"fa78a5b1068ca1988789eab0062b42387f09b966"
"Mush Man grin ORIGINAL.jpg"	"images/Sketches/grins/Mush Man grin ORIGINAL.jpg"	"https://github.com/ronenglish-archive/ron-english-sketches-grins/blob/main/images/Sketches/grins/Mush%20Man%20grin%20ORIGINAL.jpg"	"138655"	"ea86a09fb4d6a176f9716c6863761e9f6b5de4e3"
"Mush Man Grin side view B&W.jpg"	"images/Sketches/grins/Mush Man Grin side view B&W.jpg"	"https://github.com/ronenglish-archive/ron-english-sketches-grins/blob/main/images/Sketches/grins/Mush%20Man%20Grin%20side%20view%20B&W.jpg"	"229119"	"3f545dcd3af403982eef9e8ad446facdc443c1f0"
"Mush Man Grin side view COLOR.jpg"	"images/Sketches/grins/Mush Man Grin side view COLOR.jpg"	"https://github.com/ronenglish-archive/ron-english-sketches-grins/blob/main/images/Sketches/grins/Mush%20Man%20Grin%20side%20view%20COLOR.jpg"	"321546"	"67ce59b844d184cc72253c6f961124bfa3370622"
"Mush Man Grin side view ORIGINAL.jpg"	"images/Sketches/grins/Mush Man Grin side view ORIGINAL.jpg"	"https://github.com/ronenglish-archive/ron-english-sketches-grins/blob/main/images/Sketches/grins/Mush%20Man%20Grin%20side%20view%20ORIGINAL.jpg"	"86798"	"21f565eb89482cd3d900dfbed1c5c35c21dd3dce"
"Mutley Grin B&W.jpg"	"images/Sketches/grins/Mutley Grin B&W.jpg"	"https://github.com/ronenglish-archive/ron-english-sketches-grins/blob/main/images/Sketches/grins/Mutley%20Grin%20B&W.jpg"	"390817"	"3025a5e1903247a5e14d494ed8387f9373ecf186"
"Mutley Grin COLOR.jpg"	"images/Sketches/grins/Mutley Grin COLOR.jpg"	"https://github.com/ronenglish-archive/ron-english-sketches-grins/blob/main/images/Sketches/grins/Mutley%20Grin%20COLOR.jpg"	"303897"	"69952c5353c61214a582a3c58c6752b6f8aff099"
"Mutley Grin ORIGINAL.jpg"	"images/Sketches/grins/Mutley Grin ORIGINAL.jpg"	"https://github.com/ronenglish-archive/ron-english-sketches-grins/blob/main/images/Sketches/grins/Mutley%20Grin%20ORIGINAL.jpg"	"192980"	"154b9e0f3747c8f8f1b5166b5554db4f22243aff"
"Negative Positive Grin ORIGINAL COLOR.jpg"	"images/Sketches/grins/Negative Positive Grin ORIGINAL COLOR.jpg"	"https://github.com/ronenglish-archive/ron-english-sketches-grins/blob/main/images/Sketches/grins/Negative%20Positive%20Grin%20ORIGINAL%20COLOR.jpg"	"128010"	"6805d53fac4d1246dbce613dd759b93149f56ae8"
"Ninja Turtle Grin B&W.jpg"	"images/Sketches/grins/Ninja Turtle Grin B&W.jpg"	"https://github.com/ronenglish-archive/ron-english-sketches-grins/blob/main/images/Sketches/grins/Ninja%20Turtle%20Grin%20B&W.jpg"	"451047"	"09528c7bc5ebf9f71ae0376254e6ab1d5c728ab0"
"Ninja Turtle Grin COLOR.jpg"	"images/Sketches/grins/Ninja Turtle Grin COLOR.jpg"	"https://github.com/ronenglish-archive/ron-english-sketches-grins/blob/main/images/Sketches/grins/Ninja%20Turtle%20Grin%20COLOR.jpg"	"140474"	"2cab8f8ea387247ca9167f37b08a5f15a43c84d0"
"Ninja Turtle Grin ORIGINAL COLOR.jpg"	"images/Sketches/grins/Ninja Turtle Grin ORIGINAL COLOR.jpg"	"https://github.com/ronenglish-archive/ron-english-sketches-grins/blob/main/images/Sketches/grins/Ninja%20Turtle%20Grin%20ORIGINAL%20COLOR.jpg"	"181617"	"5f0137233ba4b3e707378850a9e0e75f38badf9e"
"Ninja Turtle Grin ORIGINAL.jpg"	"images/Sketches/grins/Ninja Turtle Grin ORIGINAL.jpg"	"https://github.com/ronenglish-archive/ron-english-sketches-grins/blob/main/images/Sketches/grins/Ninja%20Turtle%20Grin%20ORIGINAL.jpg"	"310022"	"9055dc4911b20e09c8b1622a7d2ae7a09449fe88"
"Olive Oil Grin B&W.jpg"	"images/Sketches/grins/Olive Oil Grin B&W.jpg"	"https://github.com/ronenglish-archive/ron-english-sketches-grins/blob/main/images/Sketches/grins/Olive%20Oil%20Grin%20B&W.jpg"	"330618"	"be964b0d7fe8af47d3ece78546aae90e7756aff2"
"Olive Oil Grin COLOR.jpg"	"images/Sketches/grins/Olive Oil Grin COLOR.jpg"	"https://github.com/ronenglish-archive/ron-english-sketches-grins/blob/main/images/Sketches/grins/Olive%20Oil%20Grin%20COLOR.jpg"	"484457"	"0c9783d690211cdf123d8800cf531489b1421378"
"Olive Oil Grin ORIGINAL.jpg"	"images/Sketches/grins/Olive Oil Grin ORIGINAL.jpg"	"https://github.com/ronenglish-archive/ron-english-sketches-grins/blob/main/images/Sketches/grins/Olive%20Oil%20Grin%20ORIGINAL.jpg"	"323110"	"7857fe3747d8753ade35e9683f38fd15a96d77f0"
"Orion Grin head front ORIGINAL.jpg"	"images/Sketches/grins/Orion Grin head front ORIGINAL.jpg"	"https://github.com/ronenglish-archive/ron-english-sketches-grins/blob/main/images/Sketches/grins/Orion%20Grin%20head%20front%20ORIGINAL.jpg"	"139798"	"6fb8ccae3f4704bf96fcc7893f24c122242a4887"
"Orion Grin head side ORIGINAL.jpg"	"images/Sketches/grins/Orion Grin head side ORIGINAL.jpg"	"https://github.com/ronenglish-archive/ron-english-sketches-grins/blob/main/images/Sketches/grins/Orion%20Grin%20head%20side%20ORIGINAL.jpg"	"286013"	"58f3330740781b73994f8c245ea4d94b71918a92"
"Orion Grin side ORIGINAL Colorway 1.jpg"	"images/Sketches/grins/Orion Grin side ORIGINAL Colorway 1.jpg"	"https://github.com/ronenglish-archive/ron-english-sketches-grins/blob/main/images/Sketches/grins/Orion%20Grin%20side%20ORIGINAL%20Colorway%201.jpg"	"126412"	"60b79d8ea59187bf80f239e1afb80460a87ec531"
"Orion Grin side ORIGINAL Colorway 10.jpg"	"images/Sketches/grins/Orion Grin side ORIGINAL Colorway 10.jpg"	"https://github.com/ronenglish-archive/ron-english-sketches-grins/blob/main/images/Sketches/grins/Orion%20Grin%20side%20ORIGINAL%20Colorway%2010.jpg"	"104237"	"9fc2b1e1bc2ab4e59d03d534edaf15d0c50e3fdb"
"Orion Grin side ORIGINAL Colorway 11 (2).jpg"	"images/Sketches/grins/Orion Grin side ORIGINAL Colorway 11 (2).jpg"	"https://github.com/ronenglish-archive/ron-english-sketches-grins/blob/main/images/Sketches/grins/Orion%20Grin%20side%20ORIGINAL%20Colorway%2011%20(2).jpg"	"135270"	"5cc295a7026ed1766437e8e3c90bf1508ebb8837"
"Orion Grin side ORIGINAL Colorway 12.jpg"	"images/Sketches/grins/Orion Grin side ORIGINAL Colorway 12.jpg"	"https://github.com/ronenglish-archive/ron-english-sketches-grins/blob/main/images/Sketches/grins/Orion%20Grin%20side%20ORIGINAL%20Colorway%2012.jpg"	"131585"	"a23d49202082ef642d52e5cbfd969bd0502952b4"
"Orion Grin side ORIGINAL Colorway 2.jpg"	"images/Sketches/grins/Orion Grin side ORIGINAL Colorway 2.jpg"	"https://github.com/ronenglish-archive/ron-english-sketches-grins/blob/main/images/Sketches/grins/Orion%20Grin%20side%20ORIGINAL%20Colorway%202.jpg"	"127607"	"aceb2cb44515e189cc13a5f23c433bfeb37bfcc4"
"Orion Grin side ORIGINAL Colorway 3.jpg"	"images/Sketches/grins/Orion Grin side ORIGINAL Colorway 3.jpg"	"https://github.com/ronenglish-archive/ron-english-sketches-grins/blob/main/images/Sketches/grins/Orion%20Grin%20side%20ORIGINAL%20Colorway%203.jpg"	"126349"	"c67643f4e5f395fbf690c10232fb4c1ec72024bb"
"Orion Grin side ORIGINAL Colorway 4.jpg"	"images/Sketches/grins/Orion Grin side ORIGINAL Colorway 4.jpg"	"https://github.com/ronenglish-archive/ron-english-sketches-grins/blob/main/images/Sketches/grins/Orion%20Grin%20side%20ORIGINAL%20Colorway%204.jpg"	"123412"	"573ba3f627d1e89b852506af544f085d997c86e1"
"Orion Grin side ORIGINAL Colorway 5.jpg"	"images/Sketches/grins/Orion Grin side ORIGINAL Colorway 5.jpg"	"https://github.com/ronenglish-archive/ron-english-sketches-grins/blob/main/images/Sketches/grins/Orion%20Grin%20side%20ORIGINAL%20Colorway%205.jpg"	"155688"	"8602ddb3e370873d20c744f479a65d345c7f77d1"
"Orion Grin side ORIGINAL Colorway 6.jpg"	"images/Sketches/grins/Orion Grin side ORIGINAL Colorway 6.jpg"	"https://github.com/ronenglish-archive/ron-english-sketches-grins/blob/main/images/Sketches/grins/Orion%20Grin%20side%20ORIGINAL%20Colorway%206.jpg"	"159190"	"b315e52a5c254e38b8a72eea6ec79bd423ec7a70"
"Orion Grin side ORIGINAL Colorway 8.jpg"	"images/Sketches/grins/Orion Grin side ORIGINAL Colorway 8.jpg"	"https://github.com/ronenglish-archive/ron-english-sketches-grins/blob/main/images/Sketches/grins/Orion%20Grin%20side%20ORIGINAL%20Colorway%208.jpg"	"159933"	"588c352519d35506a433fb41abc288a51669d292"
"Orion Grin side ORIGINAL Colorway 9.jpg"	"images/Sketches/grins/Orion Grin side ORIGINAL Colorway 9.jpg"	"https://github.com/ronenglish-archive/ron-english-sketches-grins/blob/main/images/Sketches/grins/Orion%20Grin%20side%20ORIGINAL%20Colorway%209.jpg"	"103409"	"93b25b9743ea7afe6afee5192121432a8f5e47a7"
"Orion Grin side ORIGINAL.jpeg"	"images/Sketches/grins/Orion Grin side ORIGINAL.jpeg"	"https://github.com/ronenglish-archive/ron-english-sketches-grins/blob/main/images/Sketches/grins/Orion%20Grin%20side%20ORIGINAL.jpeg"	"315415"	"62be3c033e93c8a040451e6bd1c19d2c9a2ec0f2"
"Panda Bear Grin B&W.jpg"	"images/Sketches/grins/Panda Bear Grin B&W.jpg"	"https://github.com/ronenglish-archive/ron-english-sketches-grins/blob/main/images/Sketches/grins/Panda%20Bear%20Grin%20B&W.jpg"	"329394"	"32e42973d6b1d455d22165bddf998391aa913a70"
"Panda Bear Grin COLOR.jpg"	"images/Sketches/grins/Panda Bear Grin COLOR.jpg"	"https://github.com/ronenglish-archive/ron-english-sketches-grins/blob/main/images/Sketches/grins/Panda%20Bear%20Grin%20COLOR.jpg"	"111522"	"329393df542e96dd2d8e837b0b77e378a2c6367b"
"Panda Bear Grin ORIGINAL.jpg"	"images/Sketches/grins/Panda Bear Grin ORIGINAL.jpg"	"https://github.com/ronenglish-archive/ron-english-sketches-grins/blob/main/images/Sketches/grins/Panda%20Bear%20Grin%20ORIGINAL.jpg"	"344003"	"6ba47e35e706943749cf1dc94bfc1340cdfb256f"
"Panda Grin COLOR.jpg"	"images/Sketches/grins/Panda Grin COLOR.jpg"	"https://github.com/ronenglish-archive/ron-english-sketches-grins/blob/main/images/Sketches/grins/Panda%20Grin%20COLOR.jpg"	"352408"	"fef9b21bf97a7d7a70431b4531885c39101dbfa9"
"Panda Grin ORIGINAL COLOR.jpg"	"images/Sketches/grins/Panda Grin ORIGINAL COLOR.jpg"	"https://github.com/ronenglish-archive/ron-english-sketches-grins/blob/main/images/Sketches/grins/Panda%20Grin%20ORIGINAL%20COLOR.jpg"	"120838"	"ad4dfca8a1d46aa26d44eb9ec6961a8cfc7ffe71"
"Panda Grin ORIGINAL.jpg"	"images/Sketches/grins/Panda Grin ORIGINAL.jpg"	"https://github.com/ronenglish-archive/ron-english-sketches-grins/blob/main/images/Sketches/grins/Panda%20Grin%20ORIGINAL.jpg"	"82815"	"3f4e6fc8470cb068b2d08597ead971366b021d03"
"Patrick Grin B&W.jpg"	"images/Sketches/grins/Patrick Grin B&W.jpg"	"https://github.com/ronenglish-archive/ron-english-sketches-grins/blob/main/images/Sketches/grins/Patrick%20Grin%20B&W.jpg"	"288770"	"148a6bcba738423499c638b14ac6e917cfb4f4a2"
"Patrick Grin COLOR.jpg"	"images/Sketches/grins/Patrick Grin COLOR.jpg"	"https://github.com/ronenglish-archive/ron-english-sketches-grins/blob/main/images/Sketches/grins/Patrick%20Grin%20COLOR.jpg"	"102911"	"b2d3135c4d15dff4f4832e9930cc801b2394d9f7"
"Patrick Grin in Water B&W.jpg"	"images/Sketches/grins/Patrick Grin in Water B&W.jpg"	"https://github.com/ronenglish-archive/ron-english-sketches-grins/blob/main/images/Sketches/grins/Patrick%20Grin%20in%20Water%20B&W.jpg"	"220517"	"c25a06f4bd0a1af0886a69b95b594160b15d61d2"
"Patrick Grin in Water COLOR.jpg"	"images/Sketches/grins/Patrick Grin in Water COLOR.jpg"	"https://github.com/ronenglish-archive/ron-english-sketches-grins/blob/main/images/Sketches/grins/Patrick%20Grin%20in%20Water%20COLOR.jpg"	"173095"	"356a6879c07fbaa95eb48ac9cebb214e7e21dbe2"
"Patrick Grin in Water ORIGINAL.jpg"	"images/Sketches/grins/Patrick Grin in Water ORIGINAL.jpg"	"https://github.com/ronenglish-archive/ron-english-sketches-grins/blob/main/images/Sketches/grins/Patrick%20Grin%20in%20Water%20ORIGINAL.jpg"	"120508"	"9fee59171174f0ca9d479e89a98d6333c8217d23"
"Patrick Grin ORIGINAL COLOR 2.jpg"	"images/Sketches/grins/Patrick Grin ORIGINAL COLOR 2.jpg"	"https://github.com/ronenglish-archive/ron-english-sketches-grins/blob/main/images/Sketches/grins/Patrick%20Grin%20ORIGINAL%20COLOR%202.jpg"	"126767"	"2cc873c36656c2e5f27144182135644730bcb57a"
"Patrick Grin ORIGINAL COLOR.jpg"	"images/Sketches/grins/Patrick Grin ORIGINAL COLOR.jpg"	"https://github.com/ronenglish-archive/ron-english-sketches-grins/blob/main/images/Sketches/grins/Patrick%20Grin%20ORIGINAL%20COLOR.jpg"	"100137"	"baac18d3b0175c48c07ef25fe976e9064864e8be"
"Patrick Grin ORIGINAL.jpg"	"images/Sketches/grins/Patrick Grin ORIGINAL.jpg"	"https://github.com/ronenglish-archive/ron-english-sketches-grins/blob/main/images/Sketches/grins/Patrick%20Grin%20ORIGINAL.jpg"	"219655"	"f62595a84ec24eb332a561a6690bc0409715bc98"
"Peko Girl Grin B&W.jpg"	"images/Sketches/grins/Peko Girl Grin B&W.jpg"	"https://github.com/ronenglish-archive/ron-english-sketches-grins/blob/main/images/Sketches/grins/Peko%20Girl%20Grin%20B&W.jpg"	"150487"	"b340d1035b7463deb6f3dfa611d1dc94a222e165"
"Peko Girl Grin COLOR.jpg"	"images/Sketches/grins/Peko Girl Grin COLOR.jpg"	"https://github.com/ronenglish-archive/ron-english-sketches-grins/blob/main/images/Sketches/grins/Peko%20Girl%20Grin%20COLOR.jpg"	"337977"	"dc5cc909eda48d8abd4cb7758d9867c7a9fe4fa6"
"Peko Girl Grin ORIGINAL.jpg"	"images/Sketches/grins/Peko Girl Grin ORIGINAL.jpg"	"https://github.com/ronenglish-archive/ron-english-sketches-grins/blob/main/images/Sketches/grins/Peko%20Girl%20Grin%20ORIGINAL.jpg"	"125495"	"16283dc61f74c10907106dcd32955fb2c8ab7b8a"
"Pepz Boy Grin B&W.jpg"	"images/Sketches/grins/Pepz Boy Grin B&W.jpg"	"https://github.com/ronenglish-archive/ron-english-sketches-grins/blob/main/images/Sketches/grins/Pepz%20Boy%20Grin%20B&W.jpg"	"326707"	"723880415f882c0dce0015dbe4b798b10d2da795"
"Pepz Boy Grin COLOR.jpg"	"images/Sketches/grins/Pepz Boy Grin COLOR.jpg"	"https://github.com/ronenglish-archive/ron-english-sketches-grins/blob/main/images/Sketches/grins/Pepz%20Boy%20Grin%20COLOR.jpg"	"374779"	"2d161e6a57a8518f28327d4370b1da61b482b4c1"
"Pepz Boy Grin ORIGINAL.jpeg"	"images/Sketches/grins/Pepz Boy Grin ORIGINAL.jpeg"	"https://github.com/ronenglish-archive/ron-english-sketches-grins/blob/main/images/Sketches/grins/Pepz%20Boy%20Grin%20ORIGINAL.jpeg"	"126113"	"cb9cefa5a9f8cf4f8399e11a6e0d731401240efb"
"Pepz Boy Grin ORIGINAL.jpg"	"images/Sketches/grins/Pepz Boy Grin ORIGINAL.jpg"	"https://github.com/ronenglish-archive/ron-english-sketches-grins/blob/main/images/Sketches/grins/Pepz%20Boy%20Grin%20ORIGINAL.jpg"	"168716"	"0717061273ae833afce27ba03777d331c98d1953"
"Peter Grin B&W.jpg"	"images/Sketches/grins/Peter Grin B&W.jpg"	"https://github.com/ronenglish-archive/ron-english-sketches-grins/blob/main/images/Sketches/grins/Peter%20Grin%20B&W.jpg"	"321483"	"14ad40e95d606a1c76302976b49cffbee9760383"
"Peter Grin COLOR.jpg"	"images/Sketches/grins/Peter Grin COLOR.jpg"	"https://github.com/ronenglish-archive/ron-english-sketches-grins/blob/main/images/Sketches/grins/Peter%20Grin%20COLOR.jpg"	"539669"	"f19c4056839cf40eb66a68dcbe1e37ad03f0417f"
"Peter Grin ORIGINAL.jpg"	"images/Sketches/grins/Peter Grin ORIGINAL.jpg"	"https://github.com/ronenglish-archive/ron-english-sketches-grins/blob/main/images/Sketches/grins/Peter%20Grin%20ORIGINAL.jpg"	"270033"	"8f26ccb4f1c47f273351a222c11e73be87c5444a"
"Peter Potamus Grin B&W.jpg"	"images/Sketches/grins/Peter Potamus Grin B&W.jpg"	"https://github.com/ronenglish-archive/ron-english-sketches-grins/blob/main/images/Sketches/grins/Peter%20Potamus%20Grin%20B&W.jpg"	"331633"	"6f0921235ee889c0d0df1d0afebd15095da77492"
"Peter Potamus Grin COLOR.jpg"	"images/Sketches/grins/Peter Potamus Grin COLOR.jpg"	"https://github.com/ronenglish-archive/ron-english-sketches-grins/blob/main/images/Sketches/grins/Peter%20Potamus%20Grin%20COLOR.jpg"	"469982"	"e6e809d322cea36f0e1882caec50b7121f758dbd"
"Peter Potamus Grin ORIGINAL.jpg"	"images/Sketches/grins/Peter Potamus Grin ORIGINAL.jpg"	"https://github.com/ronenglish-archive/ron-english-sketches-grins/blob/main/images/Sketches/grins/Peter%20Potamus%20Grin%20ORIGINAL.jpg"	"91497"	"53c2c54ea1d735f51e61be0f03ba92fa58753194"
"Pinocchio Grin back B&W.jpg"	"images/Sketches/grins/Pinocchio Grin back B&W.jpg"	"https://github.com/ronenglish-archive/ron-english-sketches-grins/blob/main/images/Sketches/grins/Pinocchio%20Grin%20back%20B&W.jpg"	"153366"	"42e9a6852f2066d126a937c4719411ab19ac6364"
"Pinocchio Grin back COLOR.jpg"	"images/Sketches/grins/Pinocchio Grin back COLOR.jpg"	"https://github.com/ronenglish-archive/ron-english-sketches-grins/blob/main/images/Sketches/grins/Pinocchio%20Grin%20back%20COLOR.jpg"	"111089"	"918583f88dd18b1fe5c97d63ba396a11ad29599a"
"Pinocchio Grin back ORIGINAL.jpg"	"images/Sketches/grins/Pinocchio Grin back ORIGINAL.jpg"	"https://github.com/ronenglish-archive/ron-english-sketches-grins/blob/main/images/Sketches/grins/Pinocchio%20Grin%20back%20ORIGINAL.jpg"	"108140"	"dd9f09e746fea3cd02cd4534baae1241b6af396f"
"Pinocchio Grin front B&W.jpg"	"images/Sketches/grins/Pinocchio Grin front B&W.jpg"	"https://github.com/ronenglish-archive/ron-english-sketches-grins/blob/main/images/Sketches/grins/Pinocchio%20Grin%20front%20B&W.jpg"	"172087"	"a6914e155a80c3738a27e438117e6e6a13e7b39d"
"Pinocchio Grin front COLOR.jpg"	"images/Sketches/grins/Pinocchio Grin front COLOR.jpg"	"https://github.com/ronenglish-archive/ron-english-sketches-grins/blob/main/images/Sketches/grins/Pinocchio%20Grin%20front%20COLOR.jpg"	"432616"	"91ed68e31babe6ccb600ccc955997ac9356d2f17"
"Pinocchio Grin front ORIGINAL.jpg"	"images/Sketches/grins/Pinocchio Grin front ORIGINAL.jpg"	"https://github.com/ronenglish-archive/ron-english-sketches-grins/blob/main/images/Sketches/grins/Pinocchio%20Grin%20front%20ORIGINAL.jpg"	"352219"	"12fcdc52f36c94ae982088b11783f24777f3d6e5"
"Pinocchio Grin Left Side COLOR.jpg"	"images/Sketches/grins/Pinocchio Grin Left Side COLOR.jpg"	"https://github.com/ronenglish-archive/ron-english-sketches-grins/blob/main/images/Sketches/grins/Pinocchio%20Grin%20Left%20Side%20COLOR.jpg"	"140147"	"444b3d9c39f8ae900666d149f5fc658b564ebda3"
"Pinocchio Grin Left Side ORIGINAL.jpg"	"images/Sketches/grins/Pinocchio Grin Left Side ORIGINAL.jpg"	"https://github.com/ronenglish-archive/ron-english-sketches-grins/blob/main/images/Sketches/grins/Pinocchio%20Grin%20Left%20Side%20ORIGINAL.jpg"	"115089"	"11b1dedabe0120d2d47c2268e0a1eeda31f1118f"
"Pinocchio Grin Left Side portrait ORIGINAL.jpg"	"images/Sketches/grins/Pinocchio Grin Left Side portrait ORIGINAL.jpg"	"https://github.com/ronenglish-archive/ron-english-sketches-grins/blob/main/images/Sketches/grins/Pinocchio%20Grin%20Left%20Side%20portrait%20ORIGINAL.jpg"	"380597"	"bf669e48c588aa959cb1b4c2e3b214ad9aed5df5"
"Pinocchio Grin Right Side B&W.jpg"	"images/Sketches/grins/Pinocchio Grin Right Side B&W.jpg"	"https://github.com/ronenglish-archive/ron-english-sketches-grins/blob/main/images/Sketches/grins/Pinocchio%20Grin%20Right%20Side%20B&W.jpg"	"486551"	"7aa67be845f812f185b552e1ea4059da6d65f83d"
"Pinocchio Grin Right Side ORIGINAL.jpg"	"images/Sketches/grins/Pinocchio Grin Right Side ORIGINAL.jpg"	"https://github.com/ronenglish-archive/ron-english-sketches-grins/blob/main/images/Sketches/grins/Pinocchio%20Grin%20Right%20Side%20ORIGINAL.jpg"	"94824"	"fc1d9902b60612580f7b12e17bd306ef5a69c2ef"
"Pinocchio Grin Three Quarters B&W.jpg"	"images/Sketches/grins/Pinocchio Grin Three Quarters B&W.jpg"	"https://github.com/ronenglish-archive/ron-english-sketches-grins/blob/main/images/Sketches/grins/Pinocchio%20Grin%20Three%20Quarters%20B&W.jpg"	"158687"	"971ce84ec6af4fe2f6ecb62326f969756afe3809"
"Pizza This Grin B&W.jpg"	"images/Sketches/grins/Pizza This Grin B&W.jpg"	"https://github.com/ronenglish-archive/ron-english-sketches-grins/blob/main/images/Sketches/grins/Pizza%20This%20Grin%20B&W.jpg"	"260466"	"0de9787b60a7b273888033d9fe31654ca6027b4e"
"Pizza This Grin COLOR.jpg"	"images/Sketches/grins/Pizza This Grin COLOR.jpg"	"https://github.com/ronenglish-archive/ron-english-sketches-grins/blob/main/images/Sketches/grins/Pizza%20This%20Grin%20COLOR.jpg"	"278570"	"1dc807b4816c540deeb177967af0f07f2f3d929d"
"Pizza This ORIGINAL.jpg"	"images/Sketches/grins/Pizza This ORIGINAL.jpg"	"https://github.com/ronenglish-archive/ron-english-sketches-grins/blob/main/images/Sketches/grins/Pizza%20This%20ORIGINAL.jpg"	"215880"	"7f50bf0940fdb53f49c9cfdf0fddb92efbe5a154"
"Plush Bear Grin front B&W.jpg"	"images/Sketches/grins/Plush Bear Grin front B&W.jpg"	"https://github.com/ronenglish-archive/ron-english-sketches-grins/blob/main/images/Sketches/grins/Plush%20Bear%20Grin%20front%20B&W.jpg"	"168488"	"30184b7ef395304510a9c17ff591479186b16851"
"Plush Bear Grin front COLOR.jpg"	"images/Sketches/grins/Plush Bear Grin front COLOR.jpg"	"https://github.com/ronenglish-archive/ron-english-sketches-grins/blob/main/images/Sketches/grins/Plush%20Bear%20Grin%20front%20COLOR.jpg"	"166739"	"289dba7a82c4bdd1f61ab710b4e836e2c5e84a4a"
"Plush Bear Grinnies ORIGINAL COLOR.jpg"	"images/Sketches/grins/Plush Bear Grinnies ORIGINAL COLOR.jpg"	"https://github.com/ronenglish-archive/ron-english-sketches-grins/blob/main/images/Sketches/grins/Plush%20Bear%20Grinnies%20ORIGINAL%20COLOR.jpg"	"243083"	"7609955aee824cc1f4055dbce55abcbbe546e2f7"
"Plush Grin back ORIGINAL COLOR.jpg"	"images/Sketches/grins/Plush Grin back ORIGINAL COLOR.jpg"	"https://github.com/ronenglish-archive/ron-english-sketches-grins/blob/main/images/Sketches/grins/Plush%20Grin%20back%20ORIGINAL%20COLOR.jpg"	"105558"	"a31e0da92a1318a05100114c07270113996cb019"
"Plush Grin front ORIGINAL COLOR.jpg"	"images/Sketches/grins/Plush Grin front ORIGINAL COLOR.jpg"	"https://github.com/ronenglish-archive/ron-english-sketches-grins/blob/main/images/Sketches/grins/Plush%20Grin%20front%20ORIGINAL%20COLOR.jpg"	"203352"	"03bf1182d2864844f662d60c3bf9f37d1795cee7"
"Popeye Butthead Grin B&W.jpg"	"images/Sketches/grins/Popeye Butthead Grin B&W.jpg"	"https://github.com/ronenglish-archive/ron-english-sketches-grins/blob/main/images/Sketches/grins/Popeye%20Butthead%20Grin%20B&W.jpg"	"329508"	"655123995ba6cbc4b1e0a1388f05c8b107546547"
"Popeye Butthead Grin COLOR.jpg"	"images/Sketches/grins/Popeye Butthead Grin COLOR.jpg"	"https://github.com/ronenglish-archive/ron-english-sketches-grins/blob/main/images/Sketches/grins/Popeye%20Butthead%20Grin%20COLOR.jpg"	"462430"	"da23fa0156d243e319a5c443283bd9f66df9497c"
"Popeye Butthead Grin ORIGINAL.jpg"	"images/Sketches/grins/Popeye Butthead Grin ORIGINAL.jpg"	"https://github.com/ronenglish-archive/ron-english-sketches-grins/blob/main/images/Sketches/grins/Popeye%20Butthead%20Grin%20ORIGINAL.jpg"	"362825"	"3d127b677e4b918ba1ca1bccae03e14a62e4edeb"
"Powerpuff Girl Bubbles Grin B&W.jpg"	"images/Sketches/grins/Powerpuff Girl Bubbles Grin B&W.jpg"	"https://github.com/ronenglish-archive/ron-english-sketches-grins/blob/main/images/Sketches/grins/Powerpuff%20Girl%20Bubbles%20Grin%20B&W.jpg"	"332255"	"ae616df67a0f0b1ded4dcc54c70d8364f8269aae"
"Powerpuff Girl Bubbles Grin COLOR.jpg"	"images/Sketches/grins/Powerpuff Girl Bubbles Grin COLOR.jpg"	"https://github.com/ronenglish-archive/ron-english-sketches-grins/blob/main/images/Sketches/grins/Powerpuff%20Girl%20Bubbles%20Grin%20COLOR.jpg"	"483313"	"ece65923a0f6b6e8dca20362ed52cb697d43e0c8"
"Powerpuff Girl Bubbles Grin ORIGINAL.jpg"	"images/Sketches/grins/Powerpuff Girl Bubbles Grin ORIGINAL.jpg"	"https://github.com/ronenglish-archive/ron-english-sketches-grins/blob/main/images/Sketches/grins/Powerpuff%20Girl%20Bubbles%20Grin%20ORIGINAL.jpg"	"79707"	"ed0f140bcc0e4b9d107f16fcbfff42d4f1b3f7ea"
"Pumpkin Grin B&W.jpg"	"images/Sketches/grins/Pumpkin Grin B&W.jpg"	"https://github.com/ronenglish-archive/ron-english-sketches-grins/blob/main/images/Sketches/grins/Pumpkin%20Grin%20B&W.jpg"	"352517"	"1f17a5a307fe6ecb562c1cd1a03455c9ccb8eff5"
"Pumpkin Grin COLOR.jpg"	"images/Sketches/grins/Pumpkin Grin COLOR.jpg"	"https://github.com/ronenglish-archive/ron-english-sketches-grins/blob/main/images/Sketches/grins/Pumpkin%20Grin%20COLOR.jpg"	"128972"	"5d732cd619e27f03efbb8514624b68148ec70471"
"Pumpkin Grin ORIGINAL.jpg"	"images/Sketches/grins/Pumpkin Grin ORIGINAL.jpg"	"https://github.com/ronenglish-archive/ron-english-sketches-grins/blob/main/images/Sketches/grins/Pumpkin%20Grin%20ORIGINAL.jpg"	"115730"	"db6a77ad7dd444498db03be6a4e213f52b2b6fd7"
"Pumpkin Grin Side View B&W.jpg"	"images/Sketches/grins/Pumpkin Grin Side View B&W.jpg"	"https://github.com/ronenglish-archive/ron-english-sketches-grins/blob/main/images/Sketches/grins/Pumpkin%20Grin%20Side%20View%20B&W.jpg"	"398966"	"9e61d8d0fa1d47f871de8fdf201f3a187dea2d7b"
"Pumpkin Grin Side View COLOR.jpg"	"images/Sketches/grins/Pumpkin Grin Side View COLOR.jpg"	"https://github.com/ronenglish-archive/ron-english-sketches-grins/blob/main/images/Sketches/grins/Pumpkin%20Grin%20Side%20View%20COLOR.jpg"	"322292"	"89246bcb7c1cd2944d0eb49c3d88f16fe72b857b"
"Pumpkin Grin Side View ORIGINAL.jpg"	"images/Sketches/grins/Pumpkin Grin Side View ORIGINAL.jpg"	"https://github.com/ronenglish-archive/ron-english-sketches-grins/blob/main/images/Sketches/grins/Pumpkin%20Grin%20Side%20View%20ORIGINAL.jpg"	"95255"	"e397c42cd8b5a7c6e4b12be29fe59641ff57076d"
"Qhrist Grin 1 B&W.jpg"	"images/Sketches/grins/Qhrist Grin 1 B&W.jpg"	"https://github.com/ronenglish-archive/ron-english-sketches-grins/blob/main/images/Sketches/grins/Qhrist%20Grin%201%20B&W.jpg"	"384978"	"e4317328d307f5d8acd8f63b3656e5a12f2b6536"
"Qhrist Grin 1 COLOR.jpg"	"images/Sketches/grins/Qhrist Grin 1 COLOR.jpg"	"https://github.com/ronenglish-archive/ron-english-sketches-grins/blob/main/images/Sketches/grins/Qhrist%20Grin%201%20COLOR.jpg"	"411905"	"7af492fdf664607d8db2ab145d67e8559ace9ac4"
"Qhrist Grin 1 ORIGINAL.jpg"	"images/Sketches/grins/Qhrist Grin 1 ORIGINAL.jpg"	"https://github.com/ronenglish-archive/ron-english-sketches-grins/blob/main/images/Sketches/grins/Qhrist%20Grin%201%20ORIGINAL.jpg"	"131580"	"32a9b63f0e44aee6ed3838801315810d5d4430fa"
"Qhrist Grin 2 B&W.png"	"images/Sketches/grins/Qhrist Grin 2 B&W.png"	"https://github.com/ronenglish-archive/ron-english-sketches-grins/blob/main/images/Sketches/grins/Qhrist%20Grin%202%20B&W.png"	"471733"	"357a31f545cf7c113dfa0d6db6e756ef4ce05a56"
"Qhrist Grin 2 card.jpg"	"images/Sketches/grins/Qhrist Grin 2 card.jpg"	"https://github.com/ronenglish-archive/ron-english-sketches-grins/blob/main/images/Sketches/grins/Qhrist%20Grin%202%20card.jpg"	"180375"	"17898c666e6c754be8e4b87a455db9fc28fb082c"
"Qhrist Grin 2 COLOR.jpg"	"images/Sketches/grins/Qhrist Grin 2 COLOR.jpg"	"https://github.com/ronenglish-archive/ron-english-sketches-grins/blob/main/images/Sketches/grins/Qhrist%20Grin%202%20COLOR.jpg"	"242029"	"7e5d1021d157e5f3c9f10ad0352ae5b3b0cbda74"
"Qhrist Grin 2 ORIGINAL.jpg"	"images/Sketches/grins/Qhrist Grin 2 ORIGINAL.jpg"	"https://github.com/ronenglish-archive/ron-english-sketches-grins/blob/main/images/Sketches/grins/Qhrist%20Grin%202%20ORIGINAL.jpg"	"76943"	"ac7f923181359262d65abd3c67226baf1ddbd3a7"
"Quick Draw McGraw Grin B&W.jpg"	"images/Sketches/grins/Quick Draw McGraw Grin B&W.jpg"	"https://github.com/ronenglish-archive/ron-english-sketches-grins/blob/main/images/Sketches/grins/Quick%20Draw%20McGraw%20Grin%20B&W.jpg"	"339874"	"80df6d878f683bceca4874ce8acf050036bce436"
"Quick Draw McGraw Grin COLOR.jpg"	"images/Sketches/grins/Quick Draw McGraw Grin COLOR.jpg"	"https://github.com/ronenglish-archive/ron-english-sketches-grins/blob/main/images/Sketches/grins/Quick%20Draw%20McGraw%20Grin%20COLOR.jpg"	"299341"	"e1aa142b0577967e62fb8c679998177e28fd59e9"
"Quick Draw McGraw Grin ORIGINAL.jpg"	"images/Sketches/grins/Quick Draw McGraw Grin ORIGINAL.jpg"	"https://github.com/ronenglish-archive/ron-english-sketches-grins/blob/main/images/Sketches/grins/Quick%20Draw%20McGraw%20Grin%20ORIGINAL.jpg"	"153212"	"9b259012c96e370fa879c3eb3ecacccbbd12f26c"
"Rabbbit Double Grin Mouth B&W.jpg"	"images/Sketches/grins/Rabbbit Double Grin Mouth B&W.jpg"	"https://github.com/ronenglish-archive/ron-english-sketches-grins/blob/main/images/Sketches/grins/Rabbbit%20Double%20Grin%20Mouth%20B&W.jpg"	"139050"	"530e629690ec25c3bebcf2ab71aa26a8cac90542"
"Rabbbit Double Grin Mouth COLOR.jpg"	"images/Sketches/grins/Rabbbit Double Grin Mouth COLOR.jpg"	"https://github.com/ronenglish-archive/ron-english-sketches-grins/blob/main/images/Sketches/grins/Rabbbit%20Double%20Grin%20Mouth%20COLOR.jpg"	"502680"	"196d07433ac1085f4c6b92b1b8df44ab03b8c068"
"Rabbbit Double Grin Mouth ORIGINAL.jpg"	"images/Sketches/grins/Rabbbit Double Grin Mouth ORIGINAL.jpg"	"https://github.com/ronenglish-archive/ron-english-sketches-grins/blob/main/images/Sketches/grins/Rabbbit%20Double%20Grin%20Mouth%20ORIGINAL.jpg"	"138175"	"4fac5f0e320bf258c93e0f1a354d3113b6580f19"
"Rabbbit Grin B&W.jpg"	"images/Sketches/grins/Rabbbit Grin B&W.jpg"	"https://github.com/ronenglish-archive/ron-english-sketches-grins/blob/main/images/Sketches/grins/Rabbbit%20Grin%20B&W.jpg"	"300189"	"d16e579c3336c7b2e071eb48b9ffa9ba7af8adf3"
"Rabbbit Grin COLOR (2).jpg"	"images/Sketches/grins/Rabbbit Grin COLOR (2).jpg"	"https://github.com/ronenglish-archive/ron-english-sketches-grins/blob/main/images/Sketches/grins/Rabbbit%20Grin%20COLOR%20(2).jpg"	"389538"	"f3ea286bf642cb29700327a70f9ae17654ba99e2"
"Rabbbit Grin COLOR.jpg"	"images/Sketches/grins/Rabbbit Grin COLOR.jpg"	"https://github.com/ronenglish-archive/ron-english-sketches-grins/blob/main/images/Sketches/grins/Rabbbit%20Grin%20COLOR.jpg"	"157992"	"d6c9609ff3955afb9d988aa004917345d224d924"
"Rabbbit Grin mouth B&W.jpg"	"images/Sketches/grins/Rabbbit Grin mouth B&W.jpg"	"https://github.com/ronenglish-archive/ron-english-sketches-grins/blob/main/images/Sketches/grins/Rabbbit%20Grin%20mouth%20B&W.jpg"	"317673"	"8d20225eab5501d2d9f12755b7c283c1b65196c6"
"Rabbbit Grin Mouth COLOR.jpg"	"images/Sketches/grins/Rabbbit Grin Mouth COLOR.jpg"	"https://github.com/ronenglish-archive/ron-english-sketches-grins/blob/main/images/Sketches/grins/Rabbbit%20Grin%20Mouth%20COLOR.jpg"	"278623"	"cdad7e16426e90d67ebd754eed362cc3fba31c73"
"Rabbbit Grin mouth ORIGINAL.jpg"	"images/Sketches/grins/Rabbbit Grin mouth ORIGINAL.jpg"	"https://github.com/ronenglish-archive/ron-english-sketches-grins/blob/main/images/Sketches/grins/Rabbbit%20Grin%20mouth%20ORIGINAL.jpg"	"105336"	"111296258a5a45060750b3683a69b189c4ab3297"
"Rabbbit Grin ORIGINAL COLOR.jpg"	"images/Sketches/grins/Rabbbit Grin ORIGINAL COLOR.jpg"	"https://github.com/ronenglish-archive/ron-english-sketches-grins/blob/main/images/Sketches/grins/Rabbbit%20Grin%20ORIGINAL%20COLOR.jpg"	"349367"	"95ce6c22201da4e80929fdd6c2b365228736e09c"
"Rabbbit Grin ORIGINAL.jpg"	"images/Sketches/grins/Rabbbit Grin ORIGINAL.jpg"	"https://github.com/ronenglish-archive/ron-english-sketches-grins/blob/main/images/Sketches/grins/Rabbbit%20Grin%20ORIGINAL.jpg"	"348743"	"107671cadc055171a1eddf21c76a9721448e100b"
"Rabbbit Grin version 2 back B&W.jpg"	"images/Sketches/grins/Rabbbit Grin version 2 back B&W.jpg"	"https://github.com/ronenglish-archive/ron-english-sketches-grins/blob/main/images/Sketches/grins/Rabbbit%20Grin%20version%202%20back%20B&W.jpg"	"289148"	"f42dffef3bfe336a4f4caac2889850ce14b20e87"
"Rabbbit Grin version 2 back COLOR.jpg"	"images/Sketches/grins/Rabbbit Grin version 2 back COLOR.jpg"	"https://github.com/ronenglish-archive/ron-english-sketches-grins/blob/main/images/Sketches/grins/Rabbbit%20Grin%20version%202%20back%20COLOR.jpg"	"389689"	"4bb931a80f8f837ff852475368bb90a98f63f800"
"Rabbbit Grin version 2 back ORIGINAL.jpg"	"images/Sketches/grins/Rabbbit Grin version 2 back ORIGINAL.jpg"	"https://github.com/ronenglish-archive/ron-english-sketches-grins/blob/main/images/Sketches/grins/Rabbbit%20Grin%20version%202%20back%20ORIGINAL.jpg"	"73324"	"2ea411fd80a5bb29fe73a08247fc282878650e85"
"Rabbbit Grin version 2 front B&W.jpg"	"images/Sketches/grins/Rabbbit Grin version 2 front B&W.jpg"	"https://github.com/ronenglish-archive/ron-english-sketches-grins/blob/main/images/Sketches/grins/Rabbbit%20Grin%20version%202%20front%20B&W.jpg"	"124212"	"81a9d95985e5a1fdc1879c1f3da0fcea9fcb7817"
"Rabbbit Grin version 2 front COLOR.jpg"	"images/Sketches/grins/Rabbbit Grin version 2 front COLOR.jpg"	"https://github.com/ronenglish-archive/ron-english-sketches-grins/blob/main/images/Sketches/grins/Rabbbit%20Grin%20version%202%20front%20COLOR.jpg"	"167858"	"b904b15f6b1127a86698b2f3ccc11c9afe02f579"
"Rabbbit Grin version 2 front ORIGINAL.jpg"	"images/Sketches/grins/Rabbbit Grin version 2 front ORIGINAL.jpg"	"https://github.com/ronenglish-archive/ron-english-sketches-grins/blob/main/images/Sketches/grins/Rabbbit%20Grin%20version%202%20front%20ORIGINAL.jpg"	"164565"	"647dbdce303a060549064c8a33332631c40ddbd4"
"Rabbbit Grin version 2 three quarters B&W.jpg"	"images/Sketches/grins/Rabbbit Grin version 2 three quarters B&W.jpg"	"https://github.com/ronenglish-archive/ron-english-sketches-grins/blob/main/images/Sketches/grins/Rabbbit%20Grin%20version%202%20three%20quarters%20B&W.jpg"	"375342"	"f3f33d636c342cfb8da586d45a811b38010c5b68"
"Rabbbit Grin version 2 three quarters COLOR.jpg"	"images/Sketches/grins/Rabbbit Grin version 2 three quarters COLOR.jpg"	"https://github.com/ronenglish-archive/ron-english-sketches-grins/blob/main/images/Sketches/grins/Rabbbit%20Grin%20version%202%20three%20quarters%20COLOR.jpg"	"157859"	"37ea71cdcfc138a5f9641140c6793df3c90456b3"
"Rabbbit Grin version 2 three quarters ORIGINAL.jpg"	"images/Sketches/grins/Rabbbit Grin version 2 three quarters ORIGINAL.jpg"	"https://github.com/ronenglish-archive/ron-english-sketches-grins/blob/main/images/Sketches/grins/Rabbbit%20Grin%20version%202%20three%20quarters%20ORIGINAL.jpg"	"100423"	"e661251632b4fb889adc271139d72b414ba4cc6b"
"Rabbbit Skull Grin B&W.jpg"	"images/Sketches/grins/Rabbbit Skull Grin B&W.jpg"	"https://github.com/ronenglish-archive/ron-english-sketches-grins/blob/main/images/Sketches/grins/Rabbbit%20Skull%20Grin%20B&W.jpg"	"122609"	"92878ebcea810f699ef170873bf7742d226e7db3"
"Rabbbit Skull Grin COLOR.jpg"	"images/Sketches/grins/Rabbbit Skull Grin COLOR.jpg"	"https://github.com/ronenglish-archive/ron-english-sketches-grins/blob/main/images/Sketches/grins/Rabbbit%20Skull%20Grin%20COLOR.jpg"	"286248"	"f0a84a32e6e6a6b7d6ea40aa1499306fa57576ce"
"Rabbbit Skull Grin ORIGINAL COLOR.jpg"	"images/Sketches/grins/Rabbbit Skull Grin ORIGINAL COLOR.jpg"	"https://github.com/ronenglish-archive/ron-english-sketches-grins/blob/main/images/Sketches/grins/Rabbbit%20Skull%20Grin%20ORIGINAL%20COLOR.jpg"	"86897"	"bc1a0c351788ffcf6dcc7a4ace4adf6250ca1f65"
"Rabbbit Skull Grin ORIGINAL.jpg"	"images/Sketches/grins/Rabbbit Skull Grin ORIGINAL.jpg"	"https://github.com/ronenglish-archive/ron-english-sketches-grins/blob/main/images/Sketches/grins/Rabbbit%20Skull%20Grin%20ORIGINAL.jpg"	"428497"	"b2208c3000cdf1018a65d952b56b2fe2529d841b"
"Rabbbit with Fangs side B&W.jpg"	"images/Sketches/grins/Rabbbit with Fangs side B&W.jpg"	"https://github.com/ronenglish-archive/ron-english-sketches-grins/blob/main/images/Sketches/grins/Rabbbit%20with%20Fangs%20side%20B&W.jpg"	"285111"	"7bbb2045ef63902d74e57dc7e2b14a7c46914613"
"Rabbbit with Fangs side COLOR.jpg"	"images/Sketches/grins/Rabbbit with Fangs side COLOR.jpg"	"https://github.com/ronenglish-archive/ron-english-sketches-grins/blob/main/images/Sketches/grins/Rabbbit%20with%20Fangs%20side%20COLOR.jpg"	"190406"	"e9d51222de2a18cf504718621cd9a27263d2ae8d"
