"FileName"	"SizeMB"	"LocalPath"	"VisibleInGitHubApi"	"CandidateToMove"	"TargetPathInGrins2"	"TargetAlreadyExists"	"LastWriteTime"
"Alien Baby Grin colorway 1.jpg"	"0.375"	"D:\github\ron-english-sketches-grins\images\Sketches\grins\Alien Baby Grin colorway 1.jpg"	"True"	"False"	"D:\github\ron-english-sketches-grins\images\Sketches\grins2\Alien Baby Grin colorway 1.jpg"	"False"	"2026-05-07 15:51:42"
"Alien Baby Grin colorway 2.jpg"	"0.39"	"D:\github\ron-english-sketches-grins\images\Sketches\grins\Alien Baby Grin colorway 2.jpg"	"True"	"False"	"D:\github\ron-english-sketches-grins\images\Sketches\grins2\Alien Baby Grin colorway 2.jpg"	"False"	"2026-05-07 15:51:43"
"Alien Baby Grin colorway 3.jpg"	"0.358"	"D:\github\ron-english-sketches-grins\images\Sketches\grins\Alien Baby Grin colorway 3.jpg"	"True"	"False"	"D:\github\ron-english-sketches-grins\images\Sketches\grins2\Alien Baby Grin colorway 3.jpg"	"False"	"2026-05-07 15:51:44"
"Alien Grin COLOR.png"	"0.392"	"D:\github\ron-english-sketches-grins\images\Sketches\grins\Alien Grin COLOR.png"	"True"	"False"	"D:\github\ron-english-sketches-grins\images\Sketches\grins2\Alien Grin COLOR.png"	"False"	"2026-03-21 07:19:53"
"Alien Grin side view (2).png"	"0.186"	"D:\github\ron-english-sketches-grins\images\Sketches\grins\Alien Grin side view (2).png"	"True"	"False"	"D:\github\ron-english-sketches-grins\images\Sketches\grins2\Alien Grin side view (2).png"	"False"	"2026-03-21 07:23:52"
"Alien Grin side view (3).png"	"0.194"	"D:\github\ron-english-sketches-grins\images\Sketches\grins\Alien Grin side view (3).png"	"True"	"False"	"D:\github\ron-english-sketches-grins\images\Sketches\grins2\Alien Grin side view (3).png"	"False"	"2026-03-21 07:23:52"
"Alien Grin side view (4).png"	"0.195"	"D:\github\ron-english-sketches-grins\images\Sketches\grins\Alien Grin side view (4).png"	"True"	"False"	"D:\github\ron-english-sketches-grins\images\Sketches\grins2\Alien Grin side view (4).png"	"False"	"2026-03-21 07:23:53"
"Alien Grin side view (5).png"	"0.193"	"D:\github\ron-english-sketches-grins\images\Sketches\grins\Alien Grin side view (5).png"	"True"	"False"	"D:\github\ron-english-sketches-grins\images\Sketches\grins2\Alien Grin side view (5).png"	"False"	"2026-03-21 07:23:53"
"Alien Grin side view (6) copy.png"	"0.202"	"D:\github\ron-english-sketches-grins\images\Sketches\grins\Alien Grin side view (6) copy.png"	"True"	"False"	"D:\github\ron-english-sketches-grins\images\Sketches\grins2\Alien Grin side view (6) copy.png"	"False"	"2026-03-21 07:26:50"
"Alien Grin side view (7).png"	"0.19"	"D:\github\ron-english-sketches-grins\images\Sketches\grins\Alien Grin side view (7).png"	"True"	"False"	"D:\github\ron-english-sketches-grins\images\Sketches\grins2\Alien Grin side view (7).png"	"False"	"2026-03-21 07:23:53"
"Alien Grin side view.png"	"0.207"	"D:\github\ron-english-sketches-grins\images\Sketches\grins\Alien Grin side view.png"	"True"	"False"	"D:\github\ron-english-sketches-grins\images\Sketches\grins2\Alien Grin side view.png"	"False"	"2026-03-21 07:21:45"
"Angel Grin B&W.jpg"	"0.353"	"D:\github\ron-english-sketches-grins\images\Sketches\grins\Angel Grin B&W.jpg"	"True"	"False"	"D:\github\ron-english-sketches-grins\images\Sketches\grins2\Angel Grin B&W.jpg"	"False"	"2026-05-07 10:04:12"
"Angel Grin card.jpg"	"0.21"	"D:\github\ron-english-sketches-grins\images\Sketches\grins\Angel Grin card.jpg"	"True"	"False"	"D:\github\ron-english-sketches-grins\images\Sketches\grins2\Angel Grin card.jpg"	"False"	"2026-05-07 15:51:45"
"Angel Grin card.png"	"0.183"	"D:\github\ron-english-sketches-grins\images\Sketches\grins\Angel Grin card.png"	"True"	"False"	"D:\github\ron-english-sketches-grins\images\Sketches\grins2\Angel Grin card.png"	"False"	"2026-03-21 07:25:24"
"Angel Wings Grin 1.png"	"0.127"	"D:\github\ron-english-sketches-grins\images\Sketches\grins\Angel Wings Grin 1.png"	"True"	"False"	"D:\github\ron-english-sketches-grins\images\Sketches\grins2\Angel Wings Grin 1.png"	"False"	"2026-03-21 07:20:33"
"Angel Wings Grin 2.png"	"0.127"	"D:\github\ron-english-sketches-grins\images\Sketches\grins\Angel Wings Grin 2.png"	"True"	"False"	"D:\github\ron-english-sketches-grins\images\Sketches\grins2\Angel Wings Grin 2.png"	"False"	"2026-03-21 07:20:34"
"Angel Wings Grin 3.png"	"0.205"	"D:\github\ron-english-sketches-grins\images\Sketches\grins\Angel Wings Grin 3.png"	"True"	"False"	"D:\github\ron-english-sketches-grins\images\Sketches\grins2\Angel Wings Grin 3.png"	"False"	"2026-03-21 07:20:34"
"Artist Grin B&W.jpg"	"0.415"	"D:\github\ron-english-sketches-grins\images\Sketches\grins\Artist Grin B&W.jpg"	"True"	"False"	"D:\github\ron-english-sketches-grins\images\Sketches\grins2\Artist Grin B&W.jpg"	"False"	"2026-05-07 10:03:48"
"Artist Grin card.jpg"	"0.202"	"D:\github\ron-english-sketches-grins\images\Sketches\grins\Artist Grin card.jpg"	"True"	"False"	"D:\github\ron-english-sketches-grins\images\Sketches\grins2\Artist Grin card.jpg"	"False"	"2026-05-07 15:51:45"
"Artist Grin card.png"	"0.221"	"D:\github\ron-english-sketches-grins\images\Sketches\grins\Artist Grin card.png"	"True"	"False"	"D:\github\ron-english-sketches-grins\images\Sketches\grins2\Artist Grin card.png"	"False"	"2026-03-21 07:24:53"
"Artist Grin COLOR.jpg"	"0.231"	"D:\github\ron-english-sketches-grins\images\Sketches\grins\Artist Grin COLOR.jpg"	"True"	"False"	"D:\github\ron-english-sketches-grins\images\Sketches\grins2\Artist Grin COLOR.jpg"	"False"	"2026-05-07 15:51:46"
"Astro Boy Grin card.jpg"	"0.399"	"D:\github\ron-english-sketches-grins\images\Sketches\grins\Astro Boy Grin card.jpg"	"True"	"False"	"D:\github\ron-english-sketches-grins\images\Sketches\grins2\Astro Boy Grin card.jpg"	"False"	"2026-05-07 10:03:13"
"Astro Boy Grin COLOR.jpg"	"0.207"	"D:\github\ron-english-sketches-grins\images\Sketches\grins\Astro Boy Grin COLOR.jpg"	"True"	"False"	"D:\github\ron-english-sketches-grins\images\Sketches\grins2\Astro Boy Grin COLOR.jpg"	"False"	"2026-05-07 10:05:57"
"Astrogrin B&W.jpg"	"0.269"	"D:\github\ron-english-sketches-grins\images\Sketches\grins\Astrogrin B&W.jpg"	"True"	"False"	"D:\github\ron-english-sketches-grins\images\Sketches\grins2\Astrogrin B&W.jpg"	"False"	"2026-05-07 10:04:36"
"Astrogrin COLOR.jpg"	"0.321"	"D:\github\ron-english-sketches-grins\images\Sketches\grins\Astrogrin COLOR.jpg"	"True"	"False"	"D:\github\ron-english-sketches-grins\images\Sketches\grins2\Astrogrin COLOR.jpg"	"False"	"2026-05-07 10:04:46"
"Astrogrin ORIGINAL.jpg"	"0.236"	"D:\github\ron-english-sketches-grins\images\Sketches\grins\Astrogrin ORIGINAL.jpg"	"True"	"False"	"D:\github\ron-english-sketches-grins\images\Sketches\grins2\Astrogrin ORIGINAL.jpg"	"False"	"2026-05-07 15:51:47"
"Babalouie Grin B&W.jpg"	"0.2"	"D:\github\ron-english-sketches-grins\images\Sketches\grins\Babalouie Grin B&W.jpg"	"True"	"False"	"D:\github\ron-english-sketches-grins\images\Sketches\grins2\Babalouie Grin B&W.jpg"	"False"	"2026-05-07 15:51:54"
"Babalouie Grin COLOR.jpg"	"0.229"	"D:\github\ron-english-sketches-grins\images\Sketches\grins\Babalouie Grin COLOR.jpg"	"True"	"False"	"D:\github\ron-english-sketches-grins\images\Sketches\grins2\Babalouie Grin COLOR.jpg"	"False"	"2026-05-07 15:51:55"
"Babalouie Grin ORIGINAL.jpg"	"0.201"	"D:\github\ron-english-sketches-grins\images\Sketches\grins\Babalouie Grin ORIGINAL.jpg"	"True"	"False"	"D:\github\ron-english-sketches-grins\images\Sketches\grins2\Babalouie Grin ORIGINAL.jpg"	"False"	"2026-05-07 15:51:56"
"Baby Grin 2 B&W.jpg"	"0.177"	"D:\github\ron-english-sketches-grins\images\Sketches\grins\Baby Grin 2 B&W.jpg"	"True"	"False"	"D:\github\ron-english-sketches-grins\images\Sketches\grins2\Baby Grin 2 B&W.jpg"	"False"	"2026-05-07 15:51:57"
"Baby Grin 2 card.png"	"0.145"	"D:\github\ron-english-sketches-grins\images\Sketches\grins\Baby Grin 2 card.png"	"True"	"False"	"D:\github\ron-english-sketches-grins\images\Sketches\grins2\Baby Grin 2 card.png"	"False"	"2026-03-21 07:24:53"
"Baby Grin 2 COLOR.jpg"	"0.203"	"D:\github\ron-english-sketches-grins\images\Sketches\grins\Baby Grin 2 COLOR.jpg"	"True"	"False"	"D:\github\ron-english-sketches-grins\images\Sketches\grins2\Baby Grin 2 COLOR.jpg"	"False"	"2026-05-07 15:51:58"
"Baby Grin 2 ORIGINAL.jpg"	"0.263"	"D:\github\ron-english-sketches-grins\images\Sketches\grins\Baby Grin 2 ORIGINAL.jpg"	"True"	"False"	"D:\github\ron-english-sketches-grins\images\Sketches\grins2\Baby Grin 2 ORIGINAL.jpg"	"False"	"2026-05-07 15:51:59"
"Baby Grin COLOR.jpg"	"0.293"	"D:\github\ron-english-sketches-grins\images\Sketches\grins\Baby Grin COLOR.jpg"	"True"	"False"	"D:\github\ron-english-sketches-grins\images\Sketches\grins2\Baby Grin COLOR.jpg"	"False"	"2026-05-07 15:52:00"
"Baby Grin ORIGINAL 2.jpg"	"0.245"	"D:\github\ron-english-sketches-grins\images\Sketches\grins\Baby Grin ORIGINAL 2.jpg"	"True"	"False"	"D:\github\ron-english-sketches-grins\images\Sketches\grins2\Baby Grin ORIGINAL 2.jpg"	"False"	"2026-05-07 15:52:01"
"Baby Grin ORIGINAL COLOR.jpg"	"0.241"	"D:\github\ron-english-sketches-grins\images\Sketches\grins\Baby Grin ORIGINAL COLOR.jpg"	"True"	"False"	"D:\github\ron-english-sketches-grins\images\Sketches\grins2\Baby Grin ORIGINAL COLOR.jpg"	"False"	"2026-05-07 15:52:02"
"Baby Grin ORIGINAL.jpg"	"0.272"	"D:\github\ron-english-sketches-grins\images\Sketches\grins\Baby Grin ORIGINAL.jpg"	"True"	"False"	"D:\github\ron-english-sketches-grins\images\Sketches\grins2\Baby Grin ORIGINAL.jpg"	"False"	"2026-05-07 15:52:03"
"Badly Drawn Batman Grin ORIGINAL COLOR.jpg"	"0.265"	"D:\github\ron-english-sketches-grins\images\Sketches\grins\Badly Drawn Batman Grin ORIGINAL COLOR.jpg"	"True"	"False"	"D:\github\ron-english-sketches-grins\images\Sketches\grins2\Badly Drawn Batman Grin ORIGINAL COLOR.jpg"	"False"	"2026-05-07 15:52:04"
"Barney Grin B&W.jpg"	"0.197"	"D:\github\ron-english-sketches-grins\images\Sketches\grins\Barney Grin B&W.jpg"	"True"	"False"	"D:\github\ron-english-sketches-grins\images\Sketches\grins2\Barney Grin B&W.jpg"	"False"	"2026-05-07 15:52:05"
"Barney Grin back B&W.jpg"	"0.176"	"D:\github\ron-english-sketches-grins\images\Sketches\grins\Barney Grin back B&W.jpg"	"True"	"False"	"D:\github\ron-english-sketches-grins\images\Sketches\grins2\Barney Grin back B&W.jpg"	"False"	"2026-05-07 15:52:06"
"Barney Grin back COLOR.jpg"	"0.196"	"D:\github\ron-english-sketches-grins\images\Sketches\grins\Barney Grin back COLOR.jpg"	"True"	"False"	"D:\github\ron-english-sketches-grins\images\Sketches\grins2\Barney Grin back COLOR.jpg"	"False"	"2026-05-07 15:52:07"
"Barney Grin back ORIGINAL.jpg"	"0.167"	"D:\github\ron-english-sketches-grins\images\Sketches\grins\Barney Grin back ORIGINAL.jpg"	"True"	"False"	"D:\github\ron-english-sketches-grins\images\Sketches\grins2\Barney Grin back ORIGINAL.jpg"	"False"	"2026-05-07 15:52:08"
"Barney Grin COLOR.jpg"	"0.233"	"D:\github\ron-english-sketches-grins\images\Sketches\grins\Barney Grin COLOR.jpg"	"True"	"False"	"D:\github\ron-english-sketches-grins\images\Sketches\grins2\Barney Grin COLOR.jpg"	"False"	"2026-05-07 15:52:09"
"Barney Grin Flying ORIGINAL.jpg"	"0.298"	"D:\github\ron-english-sketches-grins\images\Sketches\grins\Barney Grin Flying ORIGINAL.jpg"	"True"	"False"	"D:\github\ron-english-sketches-grins\images\Sketches\grins2\Barney Grin Flying ORIGINAL.jpg"	"False"	"2026-05-07 15:52:12"
"Barney Grin front 1 B&W.jpg"	"0.204"	"D:\github\ron-english-sketches-grins\images\Sketches\grins\Barney Grin front 1 B&W.jpg"	"True"	"False"	"D:\github\ron-english-sketches-grins\images\Sketches\grins2\Barney Grin front 1 B&W.jpg"	"False"	"2026-05-07 15:52:13"
"Barney Grin front 1 COLOR.jpg"	"0.21"	"D:\github\ron-english-sketches-grins\images\Sketches\grins\Barney Grin front 1 COLOR.jpg"	"True"	"False"	"D:\github\ron-english-sketches-grins\images\Sketches\grins2\Barney Grin front 1 COLOR.jpg"	"False"	"2026-05-07 15:52:14"
"Barney Grin front 1 ORIGINAL.jpg"	"0.231"	"D:\github\ron-english-sketches-grins\images\Sketches\grins\Barney Grin front 1 ORIGINAL.jpg"	"True"	"False"	"D:\github\ron-english-sketches-grins\images\Sketches\grins2\Barney Grin front 1 ORIGINAL.jpg"	"False"	"2026-05-07 15:52:15"
"Barney Grin front 2 B&W.jpg"	"0.183"	"D:\github\ron-english-sketches-grins\images\Sketches\grins\Barney Grin front 2 B&W.jpg"	"True"	"False"	"D:\github\ron-english-sketches-grins\images\Sketches\grins2\Barney Grin front 2 B&W.jpg"	"False"	"2026-05-07 15:52:16"
"Barney Grin front 2 COLOR.jpg"	"0.189"	"D:\github\ron-english-sketches-grins\images\Sketches\grins\Barney Grin front 2 COLOR.jpg"	"True"	"False"	"D:\github\ron-english-sketches-grins\images\Sketches\grins2\Barney Grin front 2 COLOR.jpg"	"False"	"2026-05-07 15:52:17"
"Barney Grin front 2 ORIGINAL.jpg"	"0.198"	"D:\github\ron-english-sketches-grins\images\Sketches\grins\Barney Grin front 2 ORIGINAL.jpg"	"True"	"False"	"D:\github\ron-english-sketches-grins\images\Sketches\grins2\Barney Grin front 2 ORIGINAL.jpg"	"False"	"2026-05-07 15:52:18"
"Barney Grin Guernical B&W.jpg"	"0.177"	"D:\github\ron-english-sketches-grins\images\Sketches\grins\Barney Grin Guernical B&W.jpg"	"True"	"False"	"D:\github\ron-english-sketches-grins\images\Sketches\grins2\Barney Grin Guernical B&W.jpg"	"False"	"2026-05-07 15:52:19"
"Barney Grin Guernical COLOR.jpg"	"0.196"	"D:\github\ron-english-sketches-grins\images\Sketches\grins\Barney Grin Guernical COLOR.jpg"	"True"	"False"	"D:\github\ron-english-sketches-grins\images\Sketches\grins2\Barney Grin Guernical COLOR.jpg"	"False"	"2026-05-07 15:52:20"
"Barney Grin Guernical ORIGINAL.jpg"	"0.199"	"D:\github\ron-english-sketches-grins\images\Sketches\grins\Barney Grin Guernical ORIGINAL.jpg"	"True"	"False"	"D:\github\ron-english-sketches-grins\images\Sketches\grins2\Barney Grin Guernical ORIGINAL.jpg"	"False"	"2026-05-07 15:52:21"
"Barney Grin ORIGINAL.jpg"	"0.228"	"D:\github\ron-english-sketches-grins\images\Sketches\grins\Barney Grin ORIGINAL.jpg"	"True"	"False"	"D:\github\ron-english-sketches-grins\images\Sketches\grins2\Barney Grin ORIGINAL.jpg"	"False"	"2026-05-07 15:52:22"
"Barney Grin side B&W.jpg"	"0.209"	"D:\github\ron-english-sketches-grins\images\Sketches\grins\Barney Grin side B&W.jpg"	"True"	"False"	"D:\github\ron-english-sketches-grins\images\Sketches\grins2\Barney Grin side B&W.jpg"	"False"	"2026-05-07 15:52:23"
"Barney Grin side COLOR.jpg"	"0.222"	"D:\github\ron-english-sketches-grins\images\Sketches\grins\Barney Grin side COLOR.jpg"	"True"	"False"	"D:\github\ron-english-sketches-grins\images\Sketches\grins2\Barney Grin side COLOR.jpg"	"False"	"2026-05-07 15:52:24"
"Barney Grin side ORIGINAL 2.jpg"	"0.226"	"D:\github\ron-english-sketches-grins\images\Sketches\grins\Barney Grin side ORIGINAL 2.jpg"	"True"	"False"	"D:\github\ron-english-sketches-grins\images\Sketches\grins2\Barney Grin side ORIGINAL 2.jpg"	"False"	"2026-05-07 15:52:25"
"Barney Grin side ORIGINAL closeup.jpg"	"0.042"	"D:\github\ron-english-sketches-grins\images\Sketches\grins\Barney Grin side ORIGINAL closeup.jpg"	"True"	"False"	"D:\github\ron-english-sketches-grins\images\Sketches\grins2\Barney Grin side ORIGINAL closeup.jpg"	"False"	"2026-03-21 07:27:57"
"Barney Grin side ORIGINAL.jpg"	"0.247"	"D:\github\ron-english-sketches-grins\images\Sketches\grins\Barney Grin side ORIGINAL.jpg"	"True"	"False"	"D:\github\ron-english-sketches-grins\images\Sketches\grins2\Barney Grin side ORIGINAL.jpg"	"False"	"2026-05-07 15:52:26"
"Bart Grin chubby back ORIGINAL.jpg"	"0.912"	"D:\github\ron-english-sketches-grins\images\Sketches\grins\Bart Grin chubby back ORIGINAL.jpg"	"True"	"False"	"D:\github\ron-english-sketches-grins\images\Sketches\grins2\Bart Grin chubby back ORIGINAL.jpg"	"False"	"2026-05-08 05:41:22"
"Bart Grin Chubby front B&W.png"	"0.823"	"D:\github\ron-english-sketches-grins\images\Sketches\grins\Bart Grin Chubby front B&W.png"	"True"	"False"	"D:\github\ron-english-sketches-grins\images\Sketches\grins2\Bart Grin Chubby front B&W.png"	"False"	"2026-05-08 05:39:06"
"Bart Grin Chubby front COLOR.jpg"	"0.188"	"D:\github\ron-english-sketches-grins\images\Sketches\grins\Bart Grin Chubby front COLOR.jpg"	"True"	"False"	"D:\github\ron-english-sketches-grins\images\Sketches\grins2\Bart Grin Chubby front COLOR.jpg"	"False"	"2026-05-07 15:52:29"
"Bart Grin Chubby front ORIGINAL.jpg"	"0.534"	"D:\github\ron-english-sketches-grins\images\Sketches\grins\Bart Grin Chubby front ORIGINAL.jpg"	"True"	"False"	"D:\github\ron-english-sketches-grins\images\Sketches\grins2\Bart Grin Chubby front ORIGINAL.jpg"	"False"	"2026-05-08 05:41:42"
"Bart Grin chubby side ORIGINAL.jpg"	"0.941"	"D:\github\ron-english-sketches-grins\images\Sketches\grins\Bart Grin chubby side ORIGINAL.jpg"	"True"	"False"	"D:\github\ron-english-sketches-grins\images\Sketches\grins2\Bart Grin chubby side ORIGINAL.jpg"	"False"	"2026-05-08 05:41:22"
"Bart Grin chubby side raw file copy.jpg"	"0.158"	"D:\github\ron-english-sketches-grins\images\Sketches\grins\Bart Grin chubby side raw file copy.jpg"	"True"	"False"	"D:\github\ron-english-sketches-grins\images\Sketches\grins2\Bart Grin chubby side raw file copy.jpg"	"False"	"2026-05-07 15:52:33"
"Bart Grin front B&W.jpg"	"0.17"	"D:\github\ron-english-sketches-grins\images\Sketches\grins\Bart Grin front B&W.jpg"	"True"	"False"	"D:\github\ron-english-sketches-grins\images\Sketches\grins2\Bart Grin front B&W.jpg"	"False"	"2026-05-07 15:52:34"
"Bart Grin front COLOR.jpg"	"0.186"	"D:\github\ron-english-sketches-grins\images\Sketches\grins\Bart Grin front COLOR.jpg"	"True"	"False"	"D:\github\ron-english-sketches-grins\images\Sketches\grins2\Bart Grin front COLOR.jpg"	"False"	"2026-05-07 15:52:35"
"Bart Grin front ORIGINAL COLOR.jpg"	"0.165"	"D:\github\ron-english-sketches-grins\images\Sketches\grins\Bart Grin front ORIGINAL COLOR.jpg"	"True"	"False"	"D:\github\ron-english-sketches-grins\images\Sketches\grins2\Bart Grin front ORIGINAL COLOR.jpg"	"False"	"2026-05-07 15:52:36"
"Bart Grin short front ORIGINAL COLOR.png"	"0.087"	"D:\github\ron-english-sketches-grins\images\Sketches\grins\Bart Grin short front ORIGINAL COLOR.png"	"True"	"False"	"D:\github\ron-english-sketches-grins\images\Sketches\grins2\Bart Grin short front ORIGINAL COLOR.png"	"False"	"2026-05-08 05:42:41"
"Bart Grin side B&W.jpg"	"0.141"	"D:\github\ron-english-sketches-grins\images\Sketches\grins\Bart Grin side B&W.jpg"	"True"	"False"	"D:\github\ron-english-sketches-grins\images\Sketches\grins2\Bart Grin side B&W.jpg"	"False"	"2026-05-07 15:52:38"
"Bart Grin side COLOR.jpg"	"0.147"	"D:\github\ron-english-sketches-grins\images\Sketches\grins\Bart Grin side COLOR.jpg"	"True"	"False"	"D:\github\ron-english-sketches-grins\images\Sketches\grins2\Bart Grin side COLOR.jpg"	"False"	"2026-05-07 15:52:39"
"Bart Grin side ORIGINAL COLOR.jpg"	"0.15"	"D:\github\ron-english-sketches-grins\images\Sketches\grins\Bart Grin side ORIGINAL COLOR.jpg"	"True"	"False"	"D:\github\ron-english-sketches-grins\images\Sketches\grins2\Bart Grin side ORIGINAL COLOR.jpg"	"False"	"2026-05-07 15:52:40"
"Bart Grin side ORIGINAL.jpg"	"0.324"	"D:\github\ron-english-sketches-grins\images\Sketches\grins\Bart Grin side ORIGINAL.jpg"	"True"	"False"	"D:\github\ron-english-sketches-grins\images\Sketches\grins2\Bart Grin side ORIGINAL.jpg"	"False"	"2026-03-21 07:23:11"
"Bartman Grin flying B&W.jpg"	"0.195"	"D:\github\ron-english-sketches-grins\images\Sketches\grins\Bartman Grin flying B&W.jpg"	"True"	"False"	"D:\github\ron-english-sketches-grins\images\Sketches\grins2\Bartman Grin flying B&W.jpg"	"False"	"2026-05-07 15:52:41"
"Bartman Grin flying COLOR.jpg"	"0.232"	"D:\github\ron-english-sketches-grins\images\Sketches\grins\Bartman Grin flying COLOR.jpg"	"True"	"False"	"D:\github\ron-english-sketches-grins\images\Sketches\grins2\Bartman Grin flying COLOR.jpg"	"False"	"2026-05-07 15:52:42"
"Bartman Grin flying ORIGINAL COLOR.jpg"	"0.233"	"D:\github\ron-english-sketches-grins\images\Sketches\grins\Bartman Grin flying ORIGINAL COLOR.jpg"	"True"	"False"	"D:\github\ron-english-sketches-grins\images\Sketches\grins2\Bartman Grin flying ORIGINAL COLOR.jpg"	"False"	"2026-05-07 15:52:42"
"Baseball Grin B&W.jpg"	"0.195"	"D:\github\ron-english-sketches-grins\images\Sketches\grins\Baseball Grin B&W.jpg"	"True"	"False"	"D:\github\ron-english-sketches-grins\images\Sketches\grins2\Baseball Grin B&W.jpg"	"False"	"2026-05-07 15:52:44"
"Baseball Grin card.png"	"0.193"	"D:\github\ron-english-sketches-grins\images\Sketches\grins\Baseball Grin card.png"	"True"	"False"	"D:\github\ron-english-sketches-grins\images\Sketches\grins2\Baseball Grin card.png"	"False"	"2026-03-21 07:25:52"
"Baseball Grin COLOR.jpg"	"0.212"	"D:\github\ron-english-sketches-grins\images\Sketches\grins\Baseball Grin COLOR.jpg"	"True"	"False"	"D:\github\ron-english-sketches-grins\images\Sketches\grins2\Baseball Grin COLOR.jpg"	"False"	"2026-05-07 15:52:45"
"Baseball Grin ORIGINAL COLOR 2.jpg"	"0.212"	"D:\github\ron-english-sketches-grins\images\Sketches\grins\Baseball Grin ORIGINAL COLOR 2.jpg"	"True"	"False"	"D:\github\ron-english-sketches-grins\images\Sketches\grins2\Baseball Grin ORIGINAL COLOR 2.jpg"	"False"	"2026-05-07 15:52:46"
"Baseball Grin ORIGINAL COLOR 3.jpg"	"0.182"	"D:\github\ron-english-sketches-grins\images\Sketches\grins\Baseball Grin ORIGINAL COLOR 3.jpg"	"True"	"False"	"D:\github\ron-english-sketches-grins\images\Sketches\grins2\Baseball Grin ORIGINAL COLOR 3.jpg"	"False"	"2026-05-07 15:52:47"
"Baseball Grin ORIGINAL.jpg"	"0.234"	"D:\github\ron-english-sketches-grins\images\Sketches\grins\Baseball Grin ORIGINAL.jpg"	"True"	"False"	"D:\github\ron-english-sketches-grins\images\Sketches\grins2\Baseball Grin ORIGINAL.jpg"	"False"	"2026-05-07 15:52:48"
"Basketball Bulldog Grin B&W.jpg"	"0.188"	"D:\github\ron-english-sketches-grins\images\Sketches\grins\Basketball Bulldog Grin B&W.jpg"	"True"	"False"	"D:\github\ron-english-sketches-grins\images\Sketches\grins2\Basketball Bulldog Grin B&W.jpg"	"False"	"2026-05-07 15:52:49"
"Basketball Bulldog Grin COLOR.jpg"	"0.216"	"D:\github\ron-english-sketches-grins\images\Sketches\grins\Basketball Bulldog Grin COLOR.jpg"	"True"	"False"	"D:\github\ron-english-sketches-grins\images\Sketches\grins2\Basketball Bulldog Grin COLOR.jpg"	"False"	"2026-05-07 15:52:50"
"Basketball Grin B&W.jpg"	"0.217"	"D:\github\ron-english-sketches-grins\images\Sketches\grins\Basketball Grin B&W.jpg"	"True"	"False"	"D:\github\ron-english-sketches-grins\images\Sketches\grins2\Basketball Grin B&W.jpg"	"False"	"2026-05-07 15:52:51"
"Basketball Grin back B&W.jpg"	"0.153"	"D:\github\ron-english-sketches-grins\images\Sketches\grins\Basketball Grin back B&W.jpg"	"True"	"False"	"D:\github\ron-english-sketches-grins\images\Sketches\grins2\Basketball Grin back B&W.jpg"	"False"	"2026-05-07 15:52:52"
"Basketball Grin back COLOR.jpg"	"0.186"	"D:\github\ron-english-sketches-grins\images\Sketches\grins\Basketball Grin back COLOR.jpg"	"True"	"False"	"D:\github\ron-english-sketches-grins\images\Sketches\grins2\Basketball Grin back COLOR.jpg"	"False"	"2026-05-07 15:52:53"
"Basketball Grin back ORIGINAL colorway 1.jpg"	"0.169"	"D:\github\ron-english-sketches-grins\images\Sketches\grins\Basketball Grin back ORIGINAL colorway 1.jpg"	"True"	"False"	"D:\github\ron-english-sketches-grins\images\Sketches\grins2\Basketball Grin back ORIGINAL colorway 1.jpg"	"False"	"2026-05-07 15:52:54"
"Basketball Grin back ORIGINAL colorway 2.jpg"	"0.17"	"D:\github\ron-english-sketches-grins\images\Sketches\grins\Basketball Grin back ORIGINAL colorway 2.jpg"	"True"	"False"	"D:\github\ron-english-sketches-grins\images\Sketches\grins2\Basketball Grin back ORIGINAL colorway 2.jpg"	"False"	"2026-05-07 15:52:55"
"Basketball Grin back ORIGINAL colorway 3.jpg"	"0.17"	"D:\github\ron-english-sketches-grins\images\Sketches\grins\Basketball Grin back ORIGINAL colorway 3.jpg"	"True"	"False"	"D:\github\ron-english-sketches-grins\images\Sketches\grins2\Basketball Grin back ORIGINAL colorway 3.jpg"	"False"	"2026-05-07 15:52:56"
"Basketball Grin back ORIGINAL.jpg"	"0.179"	"D:\github\ron-english-sketches-grins\images\Sketches\grins\Basketball Grin back ORIGINAL.jpg"	"True"	"False"	"D:\github\ron-english-sketches-grins\images\Sketches\grins2\Basketball Grin back ORIGINAL.jpg"	"False"	"2026-05-07 15:52:57"
"Basketball Grin COLOR.jpg"	"0.276"	"D:\github\ron-english-sketches-grins\images\Sketches\grins\Basketball Grin COLOR.jpg"	"True"	"False"	"D:\github\ron-english-sketches-grins\images\Sketches\grins2\Basketball Grin COLOR.jpg"	"False"	"2026-05-07 15:52:58"
"Basketball Grin head.jpg"	"0.413"	"D:\github\ron-english-sketches-grins\images\Sketches\grins\Basketball Grin head.jpg"	"True"	"False"	"D:\github\ron-english-sketches-grins\images\Sketches\grins2\Basketball Grin head.jpg"	"False"	"2026-03-21 07:26:51"
"Basketball Grin ORIGINAL  colorway 2.jpg"	"0.247"	"D:\github\ron-english-sketches-grins\images\Sketches\grins\Basketball Grin ORIGINAL  colorway 2.jpg"	"True"	"False"	"D:\github\ron-english-sketches-grins\images\Sketches\grins2\Basketball Grin ORIGINAL  colorway 2.jpg"	"False"	"2026-05-07 15:52:59"
"Basketball Grin ORIGINAL  colorway 3.jpg"	"0.263"	"D:\github\ron-english-sketches-grins\images\Sketches\grins\Basketball Grin ORIGINAL  colorway 3.jpg"	"True"	"False"	"D:\github\ron-english-sketches-grins\images\Sketches\grins2\Basketball Grin ORIGINAL  colorway 3.jpg"	"False"	"2026-05-07 15:53:00"
"Basketball Grin ORIGINAL COLOR.jpg"	"0.212"	"D:\github\ron-english-sketches-grins\images\Sketches\grins\Basketball Grin ORIGINAL COLOR.jpg"	"True"	"False"	"D:\github\ron-english-sketches-grins\images\Sketches\grins2\Basketball Grin ORIGINAL COLOR.jpg"	"False"	"2026-05-07 15:53:01"
"Basketball Grin ORIGINAL colorway 1.jpg"	"0.246"	"D:\github\ron-english-sketches-grins\images\Sketches\grins\Basketball Grin ORIGINAL colorway 1.jpg"	"True"	"False"	"D:\github\ron-english-sketches-grins\images\Sketches\grins2\Basketball Grin ORIGINAL colorway 1.jpg"	"False"	"2026-05-07 15:53:02"
"Basketball Grin side B&W.jpg"	"0.17"	"D:\github\ron-english-sketches-grins\images\Sketches\grins\Basketball Grin side B&W.jpg"	"True"	"False"	"D:\github\ron-english-sketches-grins\images\Sketches\grins2\Basketball Grin side B&W.jpg"	"False"	"2026-05-07 15:53:03"
"Basketball Grin side COLOR.jpg"	"0.202"	"D:\github\ron-english-sketches-grins\images\Sketches\grins\Basketball Grin side COLOR.jpg"	"True"	"False"	"D:\github\ron-english-sketches-grins\images\Sketches\grins2\Basketball Grin side COLOR.jpg"	"False"	"2026-05-07 15:53:04"
"Basketball Grin side ORIGINAL.jpg"	"0.203"	"D:\github\ron-english-sketches-grins\images\Sketches\grins\Basketball Grin side ORIGINAL.jpg"	"True"	"False"	"D:\github\ron-english-sketches-grins\images\Sketches\grins2\Basketball Grin side ORIGINAL.jpg"	"False"	"2026-05-07 15:53:05"
"Bat Grin front B&W.jpg"	"0.23"	"D:\github\ron-english-sketches-grins\images\Sketches\grins\Bat Grin front B&W.jpg"	"True"	"False"	"D:\github\ron-english-sketches-grins\images\Sketches\grins2\Bat Grin front B&W.jpg"	"False"	"2026-05-07 15:53:06"
"Bat Grin front COLOR.jpg"	"0.246"	"D:\github\ron-english-sketches-grins\images\Sketches\grins\Bat Grin front COLOR.jpg"	"True"	"False"	"D:\github\ron-english-sketches-grins\images\Sketches\grins2\Bat Grin front COLOR.jpg"	"False"	"2026-05-07 15:53:07"
"Bat Grin front ORIGINAL.jpg"	"0.268"	"D:\github\ron-english-sketches-grins\images\Sketches\grins\Bat Grin front ORIGINAL.jpg"	"True"	"False"	"D:\github\ron-english-sketches-grins\images\Sketches\grins2\Bat Grin front ORIGINAL.jpg"	"False"	"2026-05-07 15:53:08"
"Bat Grin side B&W.jpg"	"0.181"	"D:\github\ron-english-sketches-grins\images\Sketches\grins\Bat Grin side B&W.jpg"	"True"	"False"	"D:\github\ron-english-sketches-grins\images\Sketches\grins2\Bat Grin side B&W.jpg"	"False"	"2026-05-07 15:53:09"
"Bat Grin side COLOR.jpg"	"0.206"	"D:\github\ron-english-sketches-grins\images\Sketches\grins\Bat Grin side COLOR.jpg"	"True"	"False"	"D:\github\ron-english-sketches-grins\images\Sketches\grins2\Bat Grin side COLOR.jpg"	"False"	"2026-05-07 15:53:10"
"Bat Grin side ORIGINAL.jpg"	"0.214"	"D:\github\ron-english-sketches-grins\images\Sketches\grins\Bat Grin side ORIGINAL.jpg"	"True"	"False"	"D:\github\ron-english-sketches-grins\images\Sketches\grins2\Bat Grin side ORIGINAL.jpg"	"False"	"2026-05-07 15:53:11"
"Bat Grin version 2 front B&W.jpg"	"0.166"	"D:\github\ron-english-sketches-grins\images\Sketches\grins\Bat Grin version 2 front B&W.jpg"	"True"	"False"	"D:\github\ron-english-sketches-grins\images\Sketches\grins2\Bat Grin version 2 front B&W.jpg"	"False"	"2026-05-07 15:53:12"
"Bat Grin version 2 front COLOR.jpg"	"0.174"	"D:\github\ron-english-sketches-grins\images\Sketches\grins\Bat Grin version 2 front COLOR.jpg"	"True"	"False"	"D:\github\ron-english-sketches-grins\images\Sketches\grins2\Bat Grin version 2 front COLOR.jpg"	"False"	"2026-05-07 15:53:12"
"Bat Grin version 2 front ORIGINAL.jpg"	"0.146"	"D:\github\ron-english-sketches-grins\images\Sketches\grins\Bat Grin version 2 front ORIGINAL.jpg"	"True"	"False"	"D:\github\ron-english-sketches-grins\images\Sketches\grins2\Bat Grin version 2 front ORIGINAL.jpg"	"False"	"2026-05-07 15:53:13"
"Bat Grin version 2 side B&W.jpg"	"0.165"	"D:\github\ron-english-sketches-grins\images\Sketches\grins\Bat Grin version 2 side B&W.jpg"	"True"	"False"	"D:\github\ron-english-sketches-grins\images\Sketches\grins2\Bat Grin version 2 side B&W.jpg"	"False"	"2026-05-07 15:53:14"
"Bat Grin version 2 side COLOR.jpg"	"0.182"	"D:\github\ron-english-sketches-grins\images\Sketches\grins\Bat Grin version 2 side COLOR.jpg"	"True"	"False"	"D:\github\ron-english-sketches-grins\images\Sketches\grins2\Bat Grin version 2 side COLOR.jpg"	"False"	"2026-05-07 15:53:15"
"Bat Grin version 2 side ORIGINAL.jpg"	"0.172"	"D:\github\ron-english-sketches-grins\images\Sketches\grins\Bat Grin version 2 side ORIGINAL.jpg"	"True"	"False"	"D:\github\ron-english-sketches-grins\images\Sketches\grins2\Bat Grin version 2 side ORIGINAL.jpg"	"False"	"2026-05-07 15:53:16"
"Batman Grin and Robin 2 ORIGINAL.jpg"	"0.531"	"D:\github\ron-english-sketches-grins\images\Sketches\grins\Batman Grin and Robin 2 ORIGINAL.jpg"	"True"	"False"	"D:\github\ron-english-sketches-grins\images\Sketches\grins2\Batman Grin and Robin 2 ORIGINAL.jpg"	"False"	"2026-05-07 15:53:17"
"Batman Grin B&W.jpg"	"0.237"	"D:\github\ron-english-sketches-grins\images\Sketches\grins\Batman Grin B&W.jpg"	"True"	"False"	"D:\github\ron-english-sketches-grins\images\Sketches\grins2\Batman Grin B&W.jpg"	"False"	"2026-05-07 15:53:18"
"Batman Grin COLOR.jpg"	"0.238"	"D:\github\ron-english-sketches-grins\images\Sketches\grins\Batman Grin COLOR.jpg"	"True"	"False"	"D:\github\ron-english-sketches-grins\images\Sketches\grins2\Batman Grin COLOR.jpg"	"False"	"2026-05-07 15:53:19"
"Batman Grin Icon .jpg"	"0.418"	"D:\github\ron-english-sketches-grins\images\Sketches\grins\Batman Grin Icon .jpg"	"True"	"False"	"D:\github\ron-english-sketches-grins\images\Sketches\grins2\Batman Grin Icon .jpg"	"False"	"2026-03-21 07:24:22"
"Batman Grin Icon B&W.jpg"	"0.191"	"D:\github\ron-english-sketches-grins\images\Sketches\grins\Batman Grin Icon B&W.jpg"	"True"	"False"	"D:\github\ron-english-sketches-grins\images\Sketches\grins2\Batman Grin Icon B&W.jpg"	"False"	"2026-05-07 15:53:20"
"Batman Grin Icon COLOR.jpg"	"0.155"	"D:\github\ron-english-sketches-grins\images\Sketches\grins\Batman Grin Icon COLOR.jpg"	"True"	"False"	"D:\github\ron-english-sketches-grins\images\Sketches\grins2\Batman Grin Icon COLOR.jpg"	"False"	"2026-05-07 15:53:21"
"Batman Grin ORIGINAL 2.jpg"	"0.297"	"D:\github\ron-english-sketches-grins\images\Sketches\grins\Batman Grin ORIGINAL 2.jpg"	"True"	"False"	"D:\github\ron-english-sketches-grins\images\Sketches\grins2\Batman Grin ORIGINAL 2.jpg"	"False"	"2026-05-07 15:53:22"
"Batman Grin ORIGINAL COLOR.jpg"	"0.198"	"D:\github\ron-english-sketches-grins\images\Sketches\grins\Batman Grin ORIGINAL COLOR.jpg"	"True"	"False"	"D:\github\ron-english-sketches-grins\images\Sketches\grins2\Batman Grin ORIGINAL COLOR.jpg"	"False"	"2026-05-07 15:53:23"
"Batman Grin ORIGINAL.jpg"	"0.308"	"D:\github\ron-english-sketches-grins\images\Sketches\grins\Batman Grin ORIGINAL.jpg"	"True"	"False"	"D:\github\ron-english-sketches-grins\images\Sketches\grins2\Batman Grin ORIGINAL.jpg"	"False"	"2026-05-07 15:53:24"
"Batman Grin side B&W.jpg"	"0.17"	"D:\github\ron-english-sketches-grins\images\Sketches\grins\Batman Grin side B&W.jpg"	"True"	"False"	"D:\github\ron-english-sketches-grins\images\Sketches\grins2\Batman Grin side B&W.jpg"	"False"	"2026-05-07 15:53:25"
"Batman Grin side COLOR.jpg"	"0.182"	"D:\github\ron-english-sketches-grins\images\Sketches\grins\Batman Grin side COLOR.jpg"	"True"	"False"	"D:\github\ron-english-sketches-grins\images\Sketches\grins2\Batman Grin side COLOR.jpg"	"False"	"2026-05-07 15:53:26"
"Batman Grin side ORIGINAL.jpg"	"0.15"	"D:\github\ron-english-sketches-grins\images\Sketches\grins\Batman Grin side ORIGINAL.jpg"	"True"	"False"	"D:\github\ron-english-sketches-grins\images\Sketches\grins2\Batman Grin side ORIGINAL.jpg"	"False"	"2026-05-07 15:53:27"
"Batman Grin three quarters COLOR 1.png"	"0.205"	"D:\github\ron-english-sketches-grins\images\Sketches\grins\Batman Grin three quarters COLOR 1.png"	"True"	"False"	"D:\github\ron-english-sketches-grins\images\Sketches\grins2\Batman Grin three quarters COLOR 1.png"	"False"	"2026-03-21 07:28:54"
"Batman Grin three quarters COLOR 2.png"	"0.197"	"D:\github\ron-english-sketches-grins\images\Sketches\grins\Batman Grin three quarters COLOR 2.png"	"True"	"False"	"D:\github\ron-english-sketches-grins\images\Sketches\grins2\Batman Grin three quarters COLOR 2.png"	"False"	"2026-03-21 07:28:55"
"Batman Grin three quarters COLOR 3.png"	"0.174"	"D:\github\ron-english-sketches-grins\images\Sketches\grins\Batman Grin three quarters COLOR 3.png"	"True"	"False"	"D:\github\ron-english-sketches-grins\images\Sketches\grins2\Batman Grin three quarters COLOR 3.png"	"False"	"2026-03-21 07:28:55"
"Batman Grin three quarters COLOR 4.png"	"0.179"	"D:\github\ron-english-sketches-grins\images\Sketches\grins\Batman Grin three quarters COLOR 4.png"	"True"	"False"	"D:\github\ron-english-sketches-grins\images\Sketches\grins2\Batman Grin three quarters COLOR 4.png"	"False"	"2026-03-21 07:28:55"
"Battle Cat Grin B&W.png"	"2.275"	"D:\github\ron-english-sketches-grins\images\Sketches\grins\Battle Cat Grin B&W.png"	"True"	"False"	"D:\github\ron-english-sketches-grins\images\Sketches\grins2\Battle Cat Grin B&W.png"	"False"	"2026-05-24 07:30:52"
"Battle Cat Grin COLOR.png"	"0.725"	"D:\github\ron-english-sketches-grins\images\Sketches\grins\Battle Cat Grin COLOR.png"	"True"	"False"	"D:\github\ron-english-sketches-grins\images\Sketches\grins2\Battle Cat Grin COLOR.png"	"False"	"2026-05-08 05:36:30"
"Battle Cat Grin Crouching B&W.png"	"2.288"	"D:\github\ron-english-sketches-grins\images\Sketches\grins\Battle Cat Grin Crouching B&W.png"	"True"	"False"	"D:\github\ron-english-sketches-grins\images\Sketches\grins2\Battle Cat Grin Crouching B&W.png"	"False"	"2026-05-24 07:31:06"
"Battle Cat Grin Crouching COLOR.jpg"	"0.488"	"D:\github\ron-english-sketches-grins\images\Sketches\grins\Battle Cat Grin Crouching COLOR.jpg"	"True"	"False"	"D:\github\ron-english-sketches-grins\images\Sketches\grins2\Battle Cat Grin Crouching COLOR.jpg"	"False"	"2026-05-07 15:53:31"
"Battle Cat Grin Crouching COLOR.png"	"7.792"	"D:\github\ron-english-sketches-grins\images\Sketches\grins\Battle Cat Grin Crouching COLOR.png"	"True"	"False"	"D:\github\ron-english-sketches-grins\images\Sketches\grins2\Battle Cat Grin Crouching COLOR.png"	"False"	"2026-05-24 07:30:45"
"Battle Cat Grin Crouching ORIGINAL.jpg"	"1.252"	"D:\github\ron-english-sketches-grins\images\Sketches\grins\Battle Cat Grin Crouching ORIGINAL.jpg"	"True"	"False"	"D:\github\ron-english-sketches-grins\images\Sketches\grins2\Battle Cat Grin Crouching ORIGINAL.jpg"	"False"	"2026-05-24 07:30:58"
"Battle Cat Grin ORIGINAL.jpg"	"1.394"	"D:\github\ron-english-sketches-grins\images\Sketches\grins\Battle Cat Grin ORIGINAL.jpg"	"True"	"False"	"D:\github\ron-english-sketches-grins\images\Sketches\grins2\Battle Cat Grin ORIGINAL.jpg"	"False"	"2026-05-24 07:30:34"
"Battle Skull Grin B&W.jpg"	"0.327"	"D:\github\ron-english-sketches-grins\images\Sketches\grins\Battle Skull Grin B&W.jpg"	"True"	"False"	"D:\github\ron-english-sketches-grins\images\Sketches\grins2\Battle Skull Grin B&W.jpg"	"False"	"2026-05-07 15:53:34"
"Battle Skull Grin COLOR 1.jpg"	"0.375"	"D:\github\ron-english-sketches-grins\images\Sketches\grins\Battle Skull Grin COLOR 1.jpg"	"True"	"False"	"D:\github\ron-english-sketches-grins\images\Sketches\grins2\Battle Skull Grin COLOR 1.jpg"	"False"	"2026-05-07 15:53:35"
"Battle Skull Grin COLOR 2.jpg"	"0.337"	"D:\github\ron-english-sketches-grins\images\Sketches\grins\Battle Skull Grin COLOR 2.jpg"	"True"	"False"	"D:\github\ron-english-sketches-grins\images\Sketches\grins2\Battle Skull Grin COLOR 2.jpg"	"False"	"2026-05-07 15:53:36"
"Battle Skull Grin ORIGINAL.jpg"	"0.198"	"D:\github\ron-english-sketches-grins\images\Sketches\grins\Battle Skull Grin ORIGINAL.jpg"	"True"	"False"	"D:\github\ron-english-sketches-grins\images\Sketches\grins2\Battle Skull Grin ORIGINAL.jpg"	"False"	"2026-05-07 15:53:36"
"Bear Grin Forked Tongue B&W.jpg"	"0.331"	"D:\github\ron-english-sketches-grins\images\Sketches\grins\Bear Grin Forked Tongue B&W.jpg"	"True"	"False"	"D:\github\ron-english-sketches-grins\images\Sketches\grins2\Bear Grin Forked Tongue B&W.jpg"	"False"	"2026-05-07 15:53:37"
"Bear Grin Forked Tongue COLOR 1.jpg"	"0.34"	"D:\github\ron-english-sketches-grins\images\Sketches\grins\Bear Grin Forked Tongue COLOR 1.jpg"	"True"	"False"	"D:\github\ron-english-sketches-grins\images\Sketches\grins2\Bear Grin Forked Tongue COLOR 1.jpg"	"False"	"2026-05-07 15:53:38"
"Bear Grin Forked Tongue COLOR 2.jpg"	"0.277"	"D:\github\ron-english-sketches-grins\images\Sketches\grins\Bear Grin Forked Tongue COLOR 2.jpg"	"True"	"False"	"D:\github\ron-english-sketches-grins\images\Sketches\grins2\Bear Grin Forked Tongue COLOR 2.jpg"	"False"	"2026-05-07 15:53:39"
"Bear Grin Forked Tongue ORIGINAL COLOR.jpg"	"0.335"	"D:\github\ron-english-sketches-grins\images\Sketches\grins\Bear Grin Forked Tongue ORIGINAL COLOR.jpg"	"True"	"False"	"D:\github\ron-english-sketches-grins\images\Sketches\grins2\Bear Grin Forked Tongue ORIGINAL COLOR.jpg"	"False"	"2026-05-07 15:53:40"
"Bear Grin Forked Tongue ORIGINAL.jpg"	"0.313"	"D:\github\ron-english-sketches-grins\images\Sketches\grins\Bear Grin Forked Tongue ORIGINAL.jpg"	"True"	"False"	"D:\github\ron-english-sketches-grins\images\Sketches\grins2\Bear Grin Forked Tongue ORIGINAL.jpg"	"False"	"2026-05-07 15:53:41"
"Bearbrick Skull B&W.jpg"	"0.273"	"D:\github\ron-english-sketches-grins\images\Sketches\grins\Bearbrick Skull B&W.jpg"	"True"	"False"	"D:\github\ron-english-sketches-grins\images\Sketches\grins2\Bearbrick Skull B&W.jpg"	"False"	"2026-05-07 15:53:42"
"Bearbrick Skull COLOR.jpg"	"0.279"	"D:\github\ron-english-sketches-grins\images\Sketches\grins\Bearbrick Skull COLOR.jpg"	"True"	"False"	"D:\github\ron-english-sketches-grins\images\Sketches\grins2\Bearbrick Skull COLOR.jpg"	"False"	"2026-05-07 15:53:43"
"Bearbrick Skull ORIGINAL.jpg"	"0.224"	"D:\github\ron-english-sketches-grins\images\Sketches\grins\Bearbrick Skull ORIGINAL.jpg"	"True"	"False"	"D:\github\ron-english-sketches-grins\images\Sketches\grins2\Bearbrick Skull ORIGINAL.jpg"	"False"	"2026-05-07 15:53:44"
"Beast Man Grin B&W.jpg"	"0.357"	"D:\github\ron-english-sketches-grins\images\Sketches\grins\Beast Man Grin B&W.jpg"	"True"	"False"	"D:\github\ron-english-sketches-grins\images\Sketches\grins2\Beast Man Grin B&W.jpg"	"False"	"2026-05-07 15:53:45"
"Beast Man Grin COLOR.jpg"	"0.359"	"D:\github\ron-english-sketches-grins\images\Sketches\grins\Beast Man Grin COLOR.jpg"	"True"	"False"	"D:\github\ron-english-sketches-grins\images\Sketches\grins2\Beast Man Grin COLOR.jpg"	"False"	"2026-05-07 15:53:46"
"Beast Man Grin ORIGINAL.jpg"	"0.209"	"D:\github\ron-english-sketches-grins\images\Sketches\grins\Beast Man Grin ORIGINAL.jpg"	"True"	"False"	"D:\github\ron-english-sketches-grins\images\Sketches\grins2\Beast Man Grin ORIGINAL.jpg"	"False"	"2026-05-07 15:53:47"
"Bert Grin B&W.jpg"	"0.348"	"D:\github\ron-english-sketches-grins\images\Sketches\grins\Bert Grin B&W.jpg"	"True"	"False"	"D:\github\ron-english-sketches-grins\images\Sketches\grins2\Bert Grin B&W.jpg"	"False"	"2026-05-07 15:53:48"
"Bert Grin COLOR.jpg"	"0.466"	"D:\github\ron-english-sketches-grins\images\Sketches\grins\Bert Grin COLOR.jpg"	"True"	"False"	"D:\github\ron-english-sketches-grins\images\Sketches\grins2\Bert Grin COLOR.jpg"	"False"	"2026-05-07 15:53:49"
"Bert Grin ORIGINAL COLOR.jpg"	"0.36"	"D:\github\ron-english-sketches-grins\images\Sketches\grins\Bert Grin ORIGINAL COLOR.jpg"	"True"	"False"	"D:\github\ron-english-sketches-grins\images\Sketches\grins2\Bert Grin ORIGINAL COLOR.jpg"	"False"	"2026-05-07 15:53:50"
"Bert Grin ORIGINAL.jpg"	"0.312"	"D:\github\ron-english-sketches-grins\images\Sketches\grins\Bert Grin ORIGINAL.jpg"	"True"	"False"	"D:\github\ron-english-sketches-grins\images\Sketches\grins2\Bert Grin ORIGINAL.jpg"	"False"	"2026-05-07 15:53:51"
"Big Boy Grin B&W.jpg"	"0.24"	"D:\github\ron-english-sketches-grins\images\Sketches\grins\Big Boy Grin B&W.jpg"	"True"	"False"	"D:\github\ron-english-sketches-grins\images\Sketches\grins2\Big Boy Grin B&W.jpg"	"False"	"2026-05-07 15:53:52"
"Big Boy Grin COLOR.jpg"	"0.255"	"D:\github\ron-english-sketches-grins\images\Sketches\grins\Big Boy Grin COLOR.jpg"	"True"	"False"	"D:\github\ron-english-sketches-grins\images\Sketches\grins2\Big Boy Grin COLOR.jpg"	"False"	"2026-05-07 15:53:53"
"Big Boy Grin ORIGINAL COLOR.jpg"	"0.258"	"D:\github\ron-english-sketches-grins\images\Sketches\grins\Big Boy Grin ORIGINAL COLOR.jpg"	"True"	"False"	"D:\github\ron-english-sketches-grins\images\Sketches\grins2\Big Boy Grin ORIGINAL COLOR.jpg"	"False"	"2026-05-07 15:53:54"
"Big Boy Grin ORIGINAL.jpg"	"0.243"	"D:\github\ron-english-sketches-grins\images\Sketches\grins\Big Boy Grin ORIGINAL.jpg"	"True"	"False"	"D:\github\ron-english-sketches-grins\images\Sketches\grins2\Big Boy Grin ORIGINAL.jpg"	"False"	"2026-05-07 15:53:55"
"Biggie Grin B&W.jpg"	"0.359"	"D:\github\ron-english-sketches-grins\images\Sketches\grins\Biggie Grin B&W.jpg"	"True"	"False"	"D:\github\ron-english-sketches-grins\images\Sketches\grins2\Biggie Grin B&W.jpg"	"False"	"2026-05-07 15:53:56"
"Biggie Grin COLOR.jpg"	"0.383"	"D:\github\ron-english-sketches-grins\images\Sketches\grins\Biggie Grin COLOR.jpg"	"True"	"False"	"D:\github\ron-english-sketches-grins\images\Sketches\grins2\Biggie Grin COLOR.jpg"	"False"	"2026-05-07 15:53:57"
"Biggie Grin ORIGINAL COLOR.png"	"0.136"	"D:\github\ron-english-sketches-grins\images\Sketches\grins\Biggie Grin ORIGINAL COLOR.png"	"True"	"False"	"D:\github\ron-english-sketches-grins\images\Sketches\grins2\Biggie Grin ORIGINAL COLOR.png"	"False"	"2026-03-21 07:24:55"
"Blanka Grin ORIGINAL.jpg"	"0.307"	"D:\github\ron-english-sketches-grins\images\Sketches\grins\Blanka Grin ORIGINAL.jpg"	"True"	"False"	"D:\github\ron-english-sketches-grins\images\Sketches\grins2\Blanka Grin ORIGINAL.jpg"	"False"	"2026-05-07 15:53:58"
"Blotchy Grin B&W.jpg"	"0.219"	"D:\github\ron-english-sketches-grins\images\Sketches\grins\Blotchy Grin B&W.jpg"	"True"	"False"	"D:\github\ron-english-sketches-grins\images\Sketches\grins2\Blotchy Grin B&W.jpg"	"False"	"2026-05-07 15:53:59"
"Blotchy Grin ORIGINAL.jpg"	"0.355"	"D:\github\ron-english-sketches-grins\images\Sketches\grins\Blotchy Grin ORIGINAL.jpg"	"True"	"False"	"D:\github\ron-english-sketches-grins\images\Sketches\grins2\Blotchy Grin ORIGINAL.jpg"	"False"	"2026-05-07 15:54:00"
"Blue From Blue’s Clues Grin B&W.jpg"	"0.226"	"D:\github\ron-english-sketches-grins\images\Sketches\grins\Blue From Blue’s Clues Grin B&W.jpg"	"True"	"False"	"D:\github\ron-english-sketches-grins\images\Sketches\grins2\Blue From Blue’s Clues Grin B&W.jpg"	"False"	"2026-05-07 15:54:01"
"Blue From Blue’s Clues Grin COLOR.jpg"	"0.264"	"D:\github\ron-english-sketches-grins\images\Sketches\grins\Blue From Blue’s Clues Grin COLOR.jpg"	"True"	"False"	"D:\github\ron-english-sketches-grins\images\Sketches\grins2\Blue From Blue’s Clues Grin COLOR.jpg"	"False"	"2026-05-07 15:54:02"
"Blue From Blue’s Clues Grin ORIGINAL.jpg"	"0.256"	"D:\github\ron-english-sketches-grins\images\Sketches\grins\Blue From Blue’s Clues Grin ORIGINAL.jpg"	"True"	"False"	"D:\github\ron-english-sketches-grins\images\Sketches\grins2\Blue From Blue’s Clues Grin ORIGINAL.jpg"	"False"	"2026-05-07 15:54:03"
"Boba Fett Grin back B&W.jpg"	"0.222"	"D:\github\ron-english-sketches-grins\images\Sketches\grins\Boba Fett Grin back B&W.jpg"	"True"	"False"	"D:\github\ron-english-sketches-grins\images\Sketches\grins2\Boba Fett Grin back B&W.jpg"	"False"	"2026-05-07 15:54:04"
"Boba Fett Grin back COLOR.jpg"	"0.2"	"D:\github\ron-english-sketches-grins\images\Sketches\grins\Boba Fett Grin back COLOR.jpg"	"True"	"False"	"D:\github\ron-english-sketches-grins\images\Sketches\grins2\Boba Fett Grin back COLOR.jpg"	"False"	"2026-05-07 15:54:05"
"Boba Fett Grin back ORIGINAL.jpg"	"0.191"	"D:\github\ron-english-sketches-grins\images\Sketches\grins\Boba Fett Grin back ORIGINAL.jpg"	"True"	"False"	"D:\github\ron-english-sketches-grins\images\Sketches\grins2\Boba Fett Grin back ORIGINAL.jpg"	"False"	"2026-05-07 15:54:06"
"Boba Fett Grin face B&W.jpg"	"0.234"	"D:\github\ron-english-sketches-grins\images\Sketches\grins\Boba Fett Grin face B&W.jpg"	"True"	"False"	"D:\github\ron-english-sketches-grins\images\Sketches\grins2\Boba Fett Grin face B&W.jpg"	"False"	"2026-05-07 15:54:07"
"Boba Fett Grin face COLOR.jpg"	"0.238"	"D:\github\ron-english-sketches-grins\images\Sketches\grins\Boba Fett Grin face COLOR.jpg"	"True"	"False"	"D:\github\ron-english-sketches-grins\images\Sketches\grins2\Boba Fett Grin face COLOR.jpg"	"False"	"2026-05-07 15:54:08"
"Boba Fett Grin face ORIGINAL.jpg"	"0.203"	"D:\github\ron-english-sketches-grins\images\Sketches\grins\Boba Fett Grin face ORIGINAL.jpg"	"True"	"False"	"D:\github\ron-english-sketches-grins\images\Sketches\grins2\Boba Fett Grin face ORIGINAL.jpg"	"False"	"2026-05-07 15:54:09"
"Boba Fett Grin front B&W.jpg"	"0.199"	"D:\github\ron-english-sketches-grins\images\Sketches\grins\Boba Fett Grin front B&W.jpg"	"True"	"False"	"D:\github\ron-english-sketches-grins\images\Sketches\grins2\Boba Fett Grin front B&W.jpg"	"False"	"2026-05-07 15:54:10"
"Boba Fett Grin front COLOR.jpg"	"0.194"	"D:\github\ron-english-sketches-grins\images\Sketches\grins\Boba Fett Grin front COLOR.jpg"	"True"	"False"	"D:\github\ron-english-sketches-grins\images\Sketches\grins2\Boba Fett Grin front COLOR.jpg"	"False"	"2026-05-07 15:54:11"
"Boba Fett Grin front ORIGINAL.jpg"	"0.174"	"D:\github\ron-english-sketches-grins\images\Sketches\grins\Boba Fett Grin front ORIGINAL.jpg"	"True"	"False"	"D:\github\ron-english-sketches-grins\images\Sketches\grins2\Boba Fett Grin front ORIGINAL.jpg"	"False"	"2026-05-07 15:54:12"
"Boba Fett Grin side B&W.jpg"	"0.225"	"D:\github\ron-english-sketches-grins\images\Sketches\grins\Boba Fett Grin side B&W.jpg"	"True"	"False"	"D:\github\ron-english-sketches-grins\images\Sketches\grins2\Boba Fett Grin side B&W.jpg"	"False"	"2026-05-07 15:54:13"
"Boba Fett Grin side COLOR.jpg"	"0.191"	"D:\github\ron-english-sketches-grins\images\Sketches\grins\Boba Fett Grin side COLOR.jpg"	"True"	"False"	"D:\github\ron-english-sketches-grins\images\Sketches\grins2\Boba Fett Grin side COLOR.jpg"	"False"	"2026-05-07 15:54:14"
"Boba Fett Grin side ORIGINAL.jpg"	"0.195"	"D:\github\ron-english-sketches-grins\images\Sketches\grins\Boba Fett Grin side ORIGINAL.jpg"	"True"	"False"	"D:\github\ron-english-sketches-grins\images\Sketches\grins2\Boba Fett Grin side ORIGINAL.jpg"	"False"	"2026-05-07 15:54:15"
"Boo Boo Bear Grin B&W.jpg"	"0.214"	"D:\github\ron-english-sketches-grins\images\Sketches\grins\Boo Boo Bear Grin B&W.jpg"	"True"	"False"	"D:\github\ron-english-sketches-grins\images\Sketches\grins2\Boo Boo Bear Grin B&W.jpg"	"False"	"2026-05-07 15:54:16"
"Boo Boo Bear Grin COLOR.jpg"	"0.224"	"D:\github\ron-english-sketches-grins\images\Sketches\grins\Boo Boo Bear Grin COLOR.jpg"	"True"	"False"	"D:\github\ron-english-sketches-grins\images\Sketches\grins2\Boo Boo Bear Grin COLOR.jpg"	"False"	"2026-05-07 15:54:16"
"Boo Boo Bear Grin ORIGINAL.jpg"	"0.373"	"D:\github\ron-english-sketches-grins\images\Sketches\grins\Boo Boo Bear Grin ORIGINAL.jpg"	"True"	"False"	"D:\github\ron-english-sketches-grins\images\Sketches\grins2\Boo Boo Bear Grin ORIGINAL.jpg"	"False"	"2026-05-07 15:54:17"
"Bored Ape Cowboy Grin COLOR.jpg"	"0.208"	"D:\github\ron-english-sketches-grins\images\Sketches\grins\Bored Ape Cowboy Grin COLOR.jpg"	"True"	"False"	"D:\github\ron-english-sketches-grins\images\Sketches\grins2\Bored Ape Cowboy Grin COLOR.jpg"	"False"	"2026-05-07 15:54:19"
"B-Rex Grin front ORIGINAL.jpg"	"0.213"	"D:\github\ron-english-sketches-grins\images\Sketches\grins\B-Rex Grin front ORIGINAL.jpg"	"True"	"False"	"D:\github\ron-english-sketches-grins\images\Sketches\grins2\B-Rex Grin front ORIGINAL.jpg"	"False"	"2026-05-07 15:51:48"
"B-Rex Grin ORIGINAL COLOR.jpg"	"0.158"	"D:\github\ron-english-sketches-grins\images\Sketches\grins\B-Rex Grin ORIGINAL COLOR.jpg"	"True"	"False"	"D:\github\ron-english-sketches-grins\images\Sketches\grins2\B-Rex Grin ORIGINAL COLOR.jpg"	"False"	"2026-05-07 15:51:49"
"B-Rex Grin side B&W.jpg"	"0.177"	"D:\github\ron-english-sketches-grins\images\Sketches\grins\B-Rex Grin side B&W.jpg"	"True"	"False"	"D:\github\ron-english-sketches-grins\images\Sketches\grins2\B-Rex Grin side B&W.jpg"	"False"	"2026-05-07 15:51:50"
"B-Rex Grin side COLOR 1.jpg"	"0.188"	"D:\github\ron-english-sketches-grins\images\Sketches\grins\B-Rex Grin side COLOR 1.jpg"	"True"	"False"	"D:\github\ron-english-sketches-grins\images\Sketches\grins2\B-Rex Grin side COLOR 1.jpg"	"False"	"2026-05-07 15:51:51"
"B-Rex Grin side COLOR 2.jpg"	"0.196"	"D:\github\ron-english-sketches-grins\images\Sketches\grins\B-Rex Grin side COLOR 2.jpg"	"True"	"False"	"D:\github\ron-english-sketches-grins\images\Sketches\grins2\B-Rex Grin side COLOR 2.jpg"	"False"	"2026-05-07 15:51:52"
"B-Rex Grin side ORIGINAL COLOR  1.jpg"	"0.206"	"D:\github\ron-english-sketches-grins\images\Sketches\grins\B-Rex Grin side ORIGINAL COLOR  1.jpg"	"True"	"False"	"D:\github\ron-english-sketches-grins\images\Sketches\grins2\B-Rex Grin side ORIGINAL COLOR  1.jpg"	"False"	"2026-05-07 15:51:53"
"B-Rex Grin side ORIGINAL COLOR 2.jpg"	"0.357"	"D:\github\ron-english-sketches-grins\images\Sketches\grins\B-Rex Grin side ORIGINAL COLOR 2.jpg"	"True"	"False"	"D:\github\ron-english-sketches-grins\images\Sketches\grins2\B-Rex Grin side ORIGINAL COLOR 2.jpg"	"False"	"2026-05-07 09:51:47"
"buddha grin flower front ORIGINAL.jpg"	"0.284"	"D:\github\ron-english-sketches-grins\images\Sketches\grins\buddha grin flower front ORIGINAL.jpg"	"False"	"True"	"D:\github\ron-english-sketches-grins\images\Sketches\grins2\buddha grin flower front ORIGINAL.jpg"	"False"	"2026-05-24 18:18:59"
"buddha grin flower ORIGINAL.jpg"	"0.241"	"D:\github\ron-english-sketches-grins\images\Sketches\grins\buddha grin flower ORIGINAL.jpg"	"False"	"True"	"D:\github\ron-english-sketches-grins\images\Sketches\grins2\buddha grin flower ORIGINAL.jpg"	"False"	"2026-05-24 18:18:59"
"buddha grin flower side ORIGINAL.jpg"	"0.227"	"D:\github\ron-english-sketches-grins\images\Sketches\grins\buddha grin flower side ORIGINAL.jpg"	"False"	"True"	"D:\github\ron-english-sketches-grins\images\Sketches\grins2\buddha grin flower side ORIGINAL.jpg"	"False"	"2026-05-24 18:19:00"
"Bugs Grin B&W.jpg"	"0.297"	"D:\github\ron-english-sketches-grins\images\Sketches\grins\Bugs Grin B&W.jpg"	"True"	"False"	"D:\github\ron-english-sketches-grins\images\Sketches\grins2\Bugs Grin B&W.jpg"	"False"	"2026-05-07 15:54:21"
"Bugs Grin COLOR.jpg"	"0.295"	"D:\github\ron-english-sketches-grins\images\Sketches\grins\Bugs Grin COLOR.jpg"	"True"	"False"	"D:\github\ron-english-sketches-grins\images\Sketches\grins2\Bugs Grin COLOR.jpg"	"False"	"2026-05-07 15:54:22"
"Bugs Grin ORIGINAL.jpg"	"0.134"	"D:\github\ron-english-sketches-grins\images\Sketches\grins\Bugs Grin ORIGINAL.jpg"	"True"	"False"	"D:\github\ron-english-sketches-grins\images\Sketches\grins2\Bugs Grin ORIGINAL.jpg"	"False"	"2026-05-07 15:54:23"
"Bulldog Grin B&W.jpg"	"0.33"	"D:\github\ron-english-sketches-grins\images\Sketches\grins\Bulldog Grin B&W.jpg"	"True"	"False"	"D:\github\ron-english-sketches-grins\images\Sketches\grins2\Bulldog Grin B&W.jpg"	"False"	"2026-05-07 15:54:24"
"Bulldog Grin COLOR.jpg"	"0.239"	"D:\github\ron-english-sketches-grins\images\Sketches\grins\Bulldog Grin COLOR.jpg"	"True"	"False"	"D:\github\ron-english-sketches-grins\images\Sketches\grins2\Bulldog Grin COLOR.jpg"	"False"	"2026-05-07 15:54:25"
"Businessman Grin B&W.jpg"	"0.249"	"D:\github\ron-english-sketches-grins\images\Sketches\grins\Businessman Grin B&W.jpg"	"True"	"False"	"D:\github\ron-english-sketches-grins\images\Sketches\grins2\Businessman Grin B&W.jpg"	"False"	"2026-05-07 15:54:27"
"Businessman grin back B&W.jpg"	"0.213"	"D:\github\ron-english-sketches-grins\images\Sketches\grins\Businessman grin back B&W.jpg"	"True"	"False"	"D:\github\ron-english-sketches-grins\images\Sketches\grins2\Businessman grin back B&W.jpg"	"False"	"2026-05-07 15:54:28"
"Businessman grin back COLOR.jpg"	"0.197"	"D:\github\ron-english-sketches-grins\images\Sketches\grins\Businessman grin back COLOR.jpg"	"True"	"False"	"D:\github\ron-english-sketches-grins\images\Sketches\grins2\Businessman grin back COLOR.jpg"	"False"	"2026-05-07 15:54:29"
"Businessman grin back ORIGINAL.jpg"	"0.13"	"D:\github\ron-english-sketches-grins\images\Sketches\grins\Businessman grin back ORIGINAL.jpg"	"True"	"False"	"D:\github\ron-english-sketches-grins\images\Sketches\grins2\Businessman grin back ORIGINAL.jpg"	"False"	"2026-03-21 07:27:10"
"Businessman Grin COLOR.jpg"	"0.281"	"D:\github\ron-english-sketches-grins\images\Sketches\grins\Businessman Grin COLOR.jpg"	"True"	"False"	"D:\github\ron-english-sketches-grins\images\Sketches\grins2\Businessman Grin COLOR.jpg"	"False"	"2026-05-07 15:54:30"
"Businessman grin left side B&W.jpg"	"0.221"	"D:\github\ron-english-sketches-grins\images\Sketches\grins\Businessman grin left side B&W.jpg"	"True"	"False"	"D:\github\ron-english-sketches-grins\images\Sketches\grins2\Businessman grin left side B&W.jpg"	"False"	"2026-05-07 15:54:31"
"Businessman grin left side COLOR.jpg"	"0.229"	"D:\github\ron-english-sketches-grins\images\Sketches\grins\Businessman grin left side COLOR.jpg"	"True"	"False"	"D:\github\ron-english-sketches-grins\images\Sketches\grins2\Businessman grin left side COLOR.jpg"	"False"	"2026-05-07 15:54:32"
"Businessman grin left side ORIGINAL.jpg"	"0.132"	"D:\github\ron-english-sketches-grins\images\Sketches\grins\Businessman grin left side ORIGINAL.jpg"	"True"	"False"	"D:\github\ron-english-sketches-grins\images\Sketches\grins2\Businessman grin left side ORIGINAL.jpg"	"False"	"2026-03-21 07:28:22"
"Businessman Grin ORIGINAL.jpg"	"0.291"	"D:\github\ron-english-sketches-grins\images\Sketches\grins\Businessman Grin ORIGINAL.jpg"	"True"	"False"	"D:\github\ron-english-sketches-grins\images\Sketches\grins2\Businessman Grin ORIGINAL.jpg"	"False"	"2026-05-07 15:54:33"
"Businessman grin right side B&W.jpg"	"0.2"	"D:\github\ron-english-sketches-grins\images\Sketches\grins\Businessman grin right side B&W.jpg"	"True"	"False"	"D:\github\ron-english-sketches-grins\images\Sketches\grins2\Businessman grin right side B&W.jpg"	"False"	"2026-05-07 15:54:34"
"Businessman grin right side COLOR.jpg"	"0.215"	"D:\github\ron-english-sketches-grins\images\Sketches\grins\Businessman grin right side COLOR.jpg"	"True"	"False"	"D:\github\ron-english-sketches-grins\images\Sketches\grins2\Businessman grin right side COLOR.jpg"	"False"	"2026-05-07 15:54:35"
"Businessman grin right side ORIGINAL.jpg"	"0.127"	"D:\github\ron-english-sketches-grins\images\Sketches\grins\Businessman grin right side ORIGINAL.jpg"	"True"	"False"	"D:\github\ron-english-sketches-grins\images\Sketches\grins2\Businessman grin right side ORIGINAL.jpg"	"False"	"2026-03-21 07:28:34"
"Butterfly Wings Grin 1.png"	"0.153"	"D:\github\ron-english-sketches-grins\images\Sketches\grins\Butterfly Wings Grin 1.png"	"True"	"False"	"D:\github\ron-english-sketches-grins\images\Sketches\grins2\Butterfly Wings Grin 1.png"	"False"	"2026-03-21 07:22:43"
"Butterfly Wings Grin 2.png"	"0.139"	"D:\github\ron-english-sketches-grins\images\Sketches\grins\Butterfly Wings Grin 2.png"	"True"	"False"	"D:\github\ron-english-sketches-grins\images\Sketches\grins2\Butterfly Wings Grin 2.png"	"False"	"2026-03-21 07:22:43"
"C3PO Grin B&W.jpg"	"0.243"	"D:\github\ron-english-sketches-grins\images\Sketches\grins\C3PO Grin B&W.jpg"	"True"	"False"	"D:\github\ron-english-sketches-grins\images\Sketches\grins2\C3PO Grin B&W.jpg"	"False"	"2026-05-07 16:03:09"
"C3PO Grin COLOR.jpg"	"0.142"	"D:\github\ron-english-sketches-grins\images\Sketches\grins\C3PO Grin COLOR.jpg"	"True"	"False"	"D:\github\ron-english-sketches-grins\images\Sketches\grins2\C3PO Grin COLOR.jpg"	"False"	"2026-05-07 16:11:10"
"Cafeteria Lady Grin B&W.jpg"	"0.098"	"D:\github\ron-english-sketches-grins\images\Sketches\grins\Cafeteria Lady Grin B&W.jpg"	"True"	"False"	"D:\github\ron-english-sketches-grins\images\Sketches\grins2\Cafeteria Lady Grin B&W.jpg"	"False"	"2026-05-07 16:11:01"
"Cafeteria Lady Grin COLOR.jpg"	"0.103"	"D:\github\ron-english-sketches-grins\images\Sketches\grins\Cafeteria Lady Grin COLOR.jpg"	"True"	"False"	"D:\github\ron-english-sketches-grins\images\Sketches\grins2\Cafeteria Lady Grin COLOR.jpg"	"False"	"2026-05-07 16:10:40"
"Cafeteria Lady Grin ORIGINAL.jpg"	"0.172"	"D:\github\ron-english-sketches-grins\images\Sketches\grins\Cafeteria Lady Grin ORIGINAL.jpg"	"True"	"False"	"D:\github\ron-english-sketches-grins\images\Sketches\grins2\Cafeteria Lady Grin ORIGINAL.jpg"	"False"	"2026-05-07 16:10:29"
"Cap’n Cornstarch Grin B&W.jpg"	"0.218"	"D:\github\ron-english-sketches-grins\images\Sketches\grins\Cap’n Cornstarch Grin B&W.jpg"	"True"	"False"	"D:\github\ron-english-sketches-grins\images\Sketches\grins2\Cap’n Cornstarch Grin B&W.jpg"	"False"	"2026-05-07 15:54:36"
"Cap’n Cornstarch Grin COLOR.jpg"	"0.214"	"D:\github\ron-english-sketches-grins\images\Sketches\grins\Cap’n Cornstarch Grin COLOR.jpg"	"True"	"False"	"D:\github\ron-english-sketches-grins\images\Sketches\grins2\Cap’n Cornstarch Grin COLOR.jpg"	"False"	"2026-05-07 16:06:30"
"Cap’n Cornstarch Grin ORIGINAL.jpg"	"0.262"	"D:\github\ron-english-sketches-grins\images\Sketches\grins\Cap’n Cornstarch Grin ORIGINAL.jpg"	"True"	"False"	"D:\github\ron-english-sketches-grins\images\Sketches\grins2\Cap’n Cornstarch Grin ORIGINAL.jpg"	"False"	"2026-05-07 16:06:31"
"Carmelo Grin B&W.jpg"	"0.174"	"D:\github\ron-english-sketches-grins\images\Sketches\grins\Carmelo Grin B&W.jpg"	"True"	"False"	"D:\github\ron-english-sketches-grins\images\Sketches\grins2\Carmelo Grin B&W.jpg"	"False"	"2026-05-07 16:03:14"
"Carmelo Grin COLOR.jpg"	"0.223"	"D:\github\ron-english-sketches-grins\images\Sketches\grins\Carmelo Grin COLOR.jpg"	"True"	"False"	"D:\github\ron-english-sketches-grins\images\Sketches\grins2\Carmelo Grin COLOR.jpg"	"False"	"2026-05-07 16:03:15"
"Carmelo Grin ORIGINAL.jpg"	"0.211"	"D:\github\ron-english-sketches-grins\images\Sketches\grins\Carmelo Grin ORIGINAL.jpg"	"True"	"False"	"D:\github\ron-english-sketches-grins\images\Sketches\grins2\Carmelo Grin ORIGINAL.jpg"	"False"	"2026-05-07 16:06:32"
"Carousel Grinnie back B&W.jpg"	"0.056"	"D:\github\ron-english-sketches-grins\images\Sketches\grins\Carousel Grinnie back B&W.jpg"	"True"	"False"	"D:\github\ron-english-sketches-grins\images\Sketches\grins2\Carousel Grinnie back B&W.jpg"	"False"	"2026-05-07 16:08:31"
"Carousel Grinnie back COLOR.jpg"	"0.095"	"D:\github\ron-english-sketches-grins\images\Sketches\grins\Carousel Grinnie back COLOR.jpg"	"True"	"False"	"D:\github\ron-english-sketches-grins\images\Sketches\grins2\Carousel Grinnie back COLOR.jpg"	"False"	"2026-05-07 16:08:23"
"Carousel Grinnie back ORIGINAL.jpg"	"0.21"	"D:\github\ron-english-sketches-grins\images\Sketches\grins\Carousel Grinnie back ORIGINAL.jpg"	"True"	"False"	"D:\github\ron-english-sketches-grins\images\Sketches\grins2\Carousel Grinnie back ORIGINAL.jpg"	"False"	"2026-05-07 15:54:38"
"Carousel Grinnie front B&W.jpg"	"0.093"	"D:\github\ron-english-sketches-grins\images\Sketches\grins\Carousel Grinnie front B&W.jpg"	"True"	"False"	"D:\github\ron-english-sketches-grins\images\Sketches\grins2\Carousel Grinnie front B&W.jpg"	"False"	"2026-05-07 16:08:09"
"Carousel Grinnie front COLOR.jpg"	"0.269"	"D:\github\ron-english-sketches-grins\images\Sketches\grins\Carousel Grinnie front COLOR.jpg"	"True"	"False"	"D:\github\ron-english-sketches-grins\images\Sketches\grins2\Carousel Grinnie front COLOR.jpg"	"False"	"2026-05-07 16:03:20"
"Carousel Grinnie front ORIGINAL.jpg"	"0.256"	"D:\github\ron-english-sketches-grins\images\Sketches\grins\Carousel Grinnie front ORIGINAL.jpg"	"True"	"False"	"D:\github\ron-english-sketches-grins\images\Sketches\grins2\Carousel Grinnie front ORIGINAL.jpg"	"False"	"2026-05-07 16:03:21"
"Carousel Grinnie side B&W.jpg"	"0.143"	"D:\github\ron-english-sketches-grins\images\Sketches\grins\Carousel Grinnie side B&W.jpg"	"True"	"False"	"D:\github\ron-english-sketches-grins\images\Sketches\grins2\Carousel Grinnie side B&W.jpg"	"False"	"2026-05-07 16:03:23"
"Carousel Grinnie side COLOR.jpg"	"0.203"	"D:\github\ron-english-sketches-grins\images\Sketches\grins\Carousel Grinnie side COLOR.jpg"	"True"	"False"	"D:\github\ron-english-sketches-grins\images\Sketches\grins2\Carousel Grinnie side COLOR.jpg"	"False"	"2026-05-07 16:03:25"
"Carousel Grinnie side ORIGINAL.jpg"	"0.237"	"D:\github\ron-english-sketches-grins\images\Sketches\grins\Carousel Grinnie side ORIGINAL.jpg"	"True"	"False"	"D:\github\ron-english-sketches-grins\images\Sketches\grins2\Carousel Grinnie side ORIGINAL.jpg"	"False"	"2026-05-07 15:54:40"
"Cartman Grin B&W.jpg"	"0.27"	"D:\github\ron-english-sketches-grins\images\Sketches\grins\Cartman Grin B&W.jpg"	"True"	"False"	"D:\github\ron-english-sketches-grins\images\Sketches\grins2\Cartman Grin B&W.jpg"	"False"	"2026-05-07 15:54:41"
"Cartman Grin card.jpg"	"0.181"	"D:\github\ron-english-sketches-grins\images\Sketches\grins\Cartman Grin card.jpg"	"True"	"False"	"D:\github\ron-english-sketches-grins\images\Sketches\grins2\Cartman Grin card.jpg"	"False"	"2026-05-07 15:54:42"
"Cartman Grin COLOR.jpg"	"0.22"	"D:\github\ron-english-sketches-grins\images\Sketches\grins\Cartman Grin COLOR.jpg"	"True"	"False"	"D:\github\ron-english-sketches-grins\images\Sketches\grins2\Cartman Grin COLOR.jpg"	"False"	"2026-05-07 16:03:26"
"Cartman Grin colorway 2.jpg"	"0.215"	"D:\github\ron-english-sketches-grins\images\Sketches\grins\Cartman Grin colorway 2.jpg"	"True"	"False"	"D:\github\ron-english-sketches-grins\images\Sketches\grins2\Cartman Grin colorway 2.jpg"	"False"	"2026-05-07 16:03:28"
"Cartman Grin colorway 3.jpg"	"0.225"	"D:\github\ron-english-sketches-grins\images\Sketches\grins\Cartman Grin colorway 3.jpg"	"True"	"False"	"D:\github\ron-english-sketches-grins\images\Sketches\grins2\Cartman Grin colorway 3.jpg"	"False"	"2026-05-07 16:03:29"
"Cartman Grin colorway 4.jpg"	"0.23"	"D:\github\ron-english-sketches-grins\images\Sketches\grins\Cartman Grin colorway 4.jpg"	"True"	"False"	"D:\github\ron-english-sketches-grins\images\Sketches\grins2\Cartman Grin colorway 4.jpg"	"False"	"2026-05-07 16:03:31"
"Cartman Grin colorway 5.jpg"	"0.252"	"D:\github\ron-english-sketches-grins\images\Sketches\grins\Cartman Grin colorway 5.jpg"	"True"	"False"	"D:\github\ron-english-sketches-grins\images\Sketches\grins2\Cartman Grin colorway 5.jpg"	"False"	"2026-05-07 16:03:32"
"Cartman Grin ORIGINAL.jpg"	"0.285"	"D:\github\ron-english-sketches-grins\images\Sketches\grins\Cartman Grin ORIGINAL.jpg"	"True"	"False"	"D:\github\ron-english-sketches-grins\images\Sketches\grins2\Cartman Grin ORIGINAL.jpg"	"False"	"2026-03-21 07:22:16"
"Cat Grin 1 B&W.jpg"	"0.233"	"D:\github\ron-english-sketches-grins\images\Sketches\grins\Cat Grin 1 B&W.jpg"	"True"	"False"	"D:\github\ron-english-sketches-grins\images\Sketches\grins2\Cat Grin 1 B&W.jpg"	"False"	"2026-05-07 15:54:46"
"Cat Grin 1 card.png"	"0.28"	"D:\github\ron-english-sketches-grins\images\Sketches\grins\Cat Grin 1 card.png"	"True"	"False"	"D:\github\ron-english-sketches-grins\images\Sketches\grins2\Cat Grin 1 card.png"	"False"	"2026-03-21 07:24:26"
"Cat Grin 1 COLOR.jpg"	"0.23"	"D:\github\ron-english-sketches-grins\images\Sketches\grins\Cat Grin 1 COLOR.jpg"	"True"	"False"	"D:\github\ron-english-sketches-grins\images\Sketches\grins2\Cat Grin 1 COLOR.jpg"	"False"	"2026-05-07 16:04:13"
"Cat Grin 2 B&W.jpg"	"0.207"	"D:\github\ron-english-sketches-grins\images\Sketches\grins\Cat Grin 2 B&W.jpg"	"True"	"False"	"D:\github\ron-english-sketches-grins\images\Sketches\grins2\Cat Grin 2 B&W.jpg"	"False"	"2026-05-07 15:54:48"
"Cat Grin 2 COLOR.jpg"	"0.221"	"D:\github\ron-english-sketches-grins\images\Sketches\grins\Cat Grin 2 COLOR.jpg"	"True"	"False"	"D:\github\ron-english-sketches-grins\images\Sketches\grins2\Cat Grin 2 COLOR.jpg"	"False"	"2026-05-07 15:54:54"
"Cat Grin 2 ORIGINAL 2.jpg"	"0.173"	"D:\github\ron-english-sketches-grins\images\Sketches\grins\Cat Grin 2 ORIGINAL 2.jpg"	"True"	"False"	"D:\github\ron-english-sketches-grins\images\Sketches\grins2\Cat Grin 2 ORIGINAL 2.jpg"	"False"	"2026-05-07 16:03:57"
"Cat Grin card.jpg"	"0.218"	"D:\github\ron-english-sketches-grins\images\Sketches\grins\Cat Grin card.jpg"	"True"	"False"	"D:\github\ron-english-sketches-grins\images\Sketches\grins2\Cat Grin card.jpg"	"False"	"2026-05-07 15:54:57"
"Cat in Hat Grin B&W.jpg"	"0.18"	"D:\github\ron-english-sketches-grins\images\Sketches\grins\Cat in Hat Grin B&W.jpg"	"True"	"False"	"D:\github\ron-english-sketches-grins\images\Sketches\grins2\Cat in Hat Grin B&W.jpg"	"False"	"2026-05-07 15:54:58"
"Cat in Hat Grin COLOR.jpg"	"0.186"	"D:\github\ron-english-sketches-grins\images\Sketches\grins\Cat in Hat Grin COLOR.jpg"	"True"	"False"	"D:\github\ron-english-sketches-grins\images\Sketches\grins2\Cat in Hat Grin COLOR.jpg"	"False"	"2026-05-07 16:03:36"
"Cat in Hat Grin ORIGINAL.jpg"	"0.171"	"D:\github\ron-english-sketches-grins\images\Sketches\grins\Cat in Hat Grin ORIGINAL.jpg"	"True"	"False"	"D:\github\ron-english-sketches-grins\images\Sketches\grins2\Cat in Hat Grin ORIGINAL.jpg"	"False"	"2026-05-07 15:54:58"
"Catbrain Grin ORIGINAL.jpg"	"0.361"	"D:\github\ron-english-sketches-grins\images\Sketches\grins\Catbrain Grin ORIGINAL.jpg"	"True"	"False"	"D:\github\ron-english-sketches-grins\images\Sketches\grins2\Catbrain Grin ORIGINAL.jpg"	"False"	"2026-05-07 16:03:38"
"Charlie Brown Grin back ORIGINAL.jpg"	"0.085"	"D:\github\ron-english-sketches-grins\images\Sketches\grins\Charlie Brown Grin back ORIGINAL.jpg"	"True"	"False"	"D:\github\ron-english-sketches-grins\images\Sketches\grins2\Charlie Brown Grin back ORIGINAL.jpg"	"False"	"2026-03-21 07:27:44"
"Charlie Brown Grin left side ORIGINAL.jpg"	"0.261"	"D:\github\ron-english-sketches-grins\images\Sketches\grins\Charlie Brown Grin left side ORIGINAL.jpg"	"True"	"False"	"D:\github\ron-english-sketches-grins\images\Sketches\grins2\Charlie Brown Grin left side ORIGINAL.jpg"	"False"	"2026-03-21 07:28:40"
"Charlie Brown Grin right side ORIGINAL.jpg"	"0.157"	"D:\github\ron-english-sketches-grins\images\Sketches\grins\Charlie Brown Grin right side ORIGINAL.jpg"	"True"	"False"	"D:\github\ron-english-sketches-grins\images\Sketches\grins2\Charlie Brown Grin right side ORIGINAL.jpg"	"False"	"2026-05-07 15:55:00"
"Charlie Grin Flying B&W.jpg"	"0.255"	"D:\github\ron-english-sketches-grins\images\Sketches\grins\Charlie Grin Flying B&W.jpg"	"True"	"False"	"D:\github\ron-english-sketches-grins\images\Sketches\grins2\Charlie Grin Flying B&W.jpg"	"False"	"2026-05-07 15:55:01"
"Charlie Grin Flying COLOR.jpg"	"0.211"	"D:\github\ron-english-sketches-grins\images\Sketches\grins\Charlie Grin Flying COLOR.jpg"	"True"	"False"	"D:\github\ron-english-sketches-grins\images\Sketches\grins2\Charlie Grin Flying COLOR.jpg"	"False"	"2026-05-07 16:03:39"
"Charlie Grin Flying ORIGINAL.jpg"	"0.343"	"D:\github\ron-english-sketches-grins\images\Sketches\grins\Charlie Grin Flying ORIGINAL.jpg"	"True"	"False"	"D:\github\ron-english-sketches-grins\images\Sketches\grins2\Charlie Grin Flying ORIGINAL.jpg"	"False"	"2026-05-07 15:55:02"
"Charlie Grin X Ray B&W.jpg"	"0.18"	"D:\github\ron-english-sketches-grins\images\Sketches\grins\Charlie Grin X Ray B&W.jpg"	"True"	"False"	"D:\github\ron-english-sketches-grins\images\Sketches\grins2\Charlie Grin X Ray B&W.jpg"	"False"	"2026-05-07 16:03:40"
"Charlie Grin X Ray COLOR.jpg"	"0.223"	"D:\github\ron-english-sketches-grins\images\Sketches\grins\Charlie Grin X Ray COLOR.jpg"	"True"	"False"	"D:\github\ron-english-sketches-grins\images\Sketches\grins2\Charlie Grin X Ray COLOR.jpg"	"False"	"2026-05-07 16:03:42"
"Charlie Grin X Ray ORIGINAL.jpg"	"0.264"	"D:\github\ron-english-sketches-grins\images\Sketches\grins\Charlie Grin X Ray ORIGINAL.jpg"	"True"	"False"	"D:\github\ron-english-sketches-grins\images\Sketches\grins2\Charlie Grin X Ray ORIGINAL.jpg"	"False"	"2026-05-07 15:55:03"
"Charlie Grin X-Ray ORIGINAL COLOR.jpg"	"0.2"	"D:\github\ron-english-sketches-grins\images\Sketches\grins\Charlie Grin X-Ray ORIGINAL COLOR.jpg"	"True"	"False"	"D:\github\ron-english-sketches-grins\images\Sketches\grins2\Charlie Grin X-Ray ORIGINAL COLOR.jpg"	"False"	"2026-05-07 15:55:06"
"Cheshire Cat Grin B&W.jpg"	"0.298"	"D:\github\ron-english-sketches-grins\images\Sketches\grins\Cheshire Cat Grin B&W.jpg"	"True"	"False"	"D:\github\ron-english-sketches-grins\images\Sketches\grins2\Cheshire Cat Grin B&W.jpg"	"False"	"2026-05-07 15:55:14"
"Cheshire Cat Grin COLOR.jpg"	"0.267"	"D:\github\ron-english-sketches-grins\images\Sketches\grins\Cheshire Cat Grin COLOR.jpg"	"True"	"False"	"D:\github\ron-english-sketches-grins\images\Sketches\grins2\Cheshire Cat Grin COLOR.jpg"	"False"	"2026-05-07 16:03:43"
"Cheshire Cat Grin ORIGINAL.jpg"	"0.271"	"D:\github\ron-english-sketches-grins\images\Sketches\grins\Cheshire Cat Grin ORIGINAL.jpg"	"True"	"False"	"D:\github\ron-english-sketches-grins\images\Sketches\grins2\Cheshire Cat Grin ORIGINAL.jpg"	"False"	"2026-05-07 16:03:45"
"Chico Roco back B&W.jpg"	"0.139"	"D:\github\ron-english-sketches-grins\images\Sketches\grins\Chico Roco back B&W.jpg"	"True"	"False"	"D:\github\ron-english-sketches-grins\images\Sketches\grins2\Chico Roco back B&W.jpg"	"False"	"2026-05-07 15:55:15"
"Chico Roco back ORIGINAL.jpg"	"0.148"	"D:\github\ron-english-sketches-grins\images\Sketches\grins\Chico Roco back ORIGINAL.jpg"	"True"	"False"	"D:\github\ron-english-sketches-grins\images\Sketches\grins2\Chico Roco back ORIGINAL.jpg"	"False"	"2026-05-07 16:03:46"
"chico roco back variation B&W.jpg"	"0.14"	"D:\github\ron-english-sketches-grins\images\Sketches\grins\chico roco back variation B&W.jpg"	"False"	"True"	"D:\github\ron-english-sketches-grins\images\Sketches\grins2\chico roco back variation B&W.jpg"	"False"	"2026-05-07 15:55:17"
"Chico Roco bottom B&W.jpg"	"0.169"	"D:\github\ron-english-sketches-grins\images\Sketches\grins\Chico Roco bottom B&W.jpg"	"True"	"False"	"D:\github\ron-english-sketches-grins\images\Sketches\grins2\Chico Roco bottom B&W.jpg"	"False"	"2026-05-07 15:55:19"
"Chico Roco bottom ORIGINAL.jpg"	"0.172"	"D:\github\ron-english-sketches-grins\images\Sketches\grins\Chico Roco bottom ORIGINAL.jpg"	"True"	"False"	"D:\github\ron-english-sketches-grins\images\Sketches\grins2\Chico Roco bottom ORIGINAL.jpg"	"False"	"2026-05-07 16:03:48"
"Chico Roco front ORIGINAL.jpg"	"0.171"	"D:\github\ron-english-sketches-grins\images\Sketches\grins\Chico Roco front ORIGINAL.jpg"	"True"	"False"	"D:\github\ron-english-sketches-grins\images\Sketches\grins2\Chico Roco front ORIGINAL.jpg"	"False"	"2026-05-07 16:03:49"
"Chico Roco front Variation B&W.jpg"	"0.178"	"D:\github\ron-english-sketches-grins\images\Sketches\grins\Chico Roco front Variation B&W.jpg"	"True"	"False"	"D:\github\ron-english-sketches-grins\images\Sketches\grins2\Chico Roco front Variation B&W.jpg"	"False"	"2026-05-07 15:55:21"
"Chico Roco left side B&W.jpg"	"0.116"	"D:\github\ron-english-sketches-grins\images\Sketches\grins\Chico Roco left side B&W.jpg"	"True"	"False"	"D:\github\ron-english-sketches-grins\images\Sketches\grins2\Chico Roco left side B&W.jpg"	"False"	"2026-05-07 15:55:23"
"Chico Roco left side ORIGINAL.jpg"	"0.167"	"D:\github\ron-english-sketches-grins\images\Sketches\grins\Chico Roco left side ORIGINAL.jpg"	"True"	"False"	"D:\github\ron-english-sketches-grins\images\Sketches\grins2\Chico Roco left side ORIGINAL.jpg"	"False"	"2026-05-07 15:55:24"
"Chico Roco left side Variation B&W.jpg"	"0.136"	"D:\github\ron-english-sketches-grins\images\Sketches\grins\Chico Roco left side Variation B&W.jpg"	"True"	"False"	"D:\github\ron-english-sketches-grins\images\Sketches\grins2\Chico Roco left side Variation B&W.jpg"	"False"	"2026-05-07 15:55:25"
"Chico Roco right side Variation B&W.jpg"	"0.144"	"D:\github\ron-english-sketches-grins\images\Sketches\grins\Chico Roco right side Variation B&W.jpg"	"True"	"False"	"D:\github\ron-english-sketches-grins\images\Sketches\grins2\Chico Roco right side Variation B&W.jpg"	"False"	"2026-05-07 15:55:26"
"Chico Roco telephone.jpg"	"0.103"	"D:\github\ron-english-sketches-grins\images\Sketches\grins\Chico Roco telephone.jpg"	"True"	"False"	"D:\github\ron-english-sketches-grins\images\Sketches\grins2\Chico Roco telephone.jpg"	"False"	"2026-05-07 15:24:24"
"Chico Roco top B&W.jpg"	"0.145"	"D:\github\ron-english-sketches-grins\images\Sketches\grins\Chico Roco top B&W.jpg"	"True"	"False"	"D:\github\ron-english-sketches-grins\images\Sketches\grins2\Chico Roco top B&W.jpg"	"False"	"2026-05-07 15:55:27"
"Chico Roco top ORIGINAL.jpg"	"0.169"	"D:\github\ron-english-sketches-grins\images\Sketches\grins\Chico Roco top ORIGINAL.jpg"	"True"	"False"	"D:\github\ron-english-sketches-grins\images\Sketches\grins2\Chico Roco top ORIGINAL.jpg"	"False"	"2026-05-07 16:03:50"
"Chico Roco.jpg"	"0.122"	"D:\github\ron-english-sketches-grins\images\Sketches\grins\Chico Roco.jpg"	"True"	"False"	"D:\github\ron-english-sketches-grins\images\Sketches\grins2\Chico Roco.jpg"	"False"	"2026-05-07 15:23:56"
"Chuckie Grin ORIGINAL COLOR.jpg"	"0.576"	"D:\github\ron-english-sketches-grins\images\Sketches\grins\Chuckie Grin ORIGINAL COLOR.jpg"	"True"	"False"	"D:\github\ron-english-sketches-grins\images\Sketches\grins2\Chuckie Grin ORIGINAL COLOR.jpg"	"False"	"2026-05-07 15:55:28"
"Chuckie Grin ORIGINAL.jpg"	"0.572"	"D:\github\ron-english-sketches-grins\images\Sketches\grins\Chuckie Grin ORIGINAL.jpg"	"True"	"False"	"D:\github\ron-english-sketches-grins\images\Sketches\grins2\Chuckie Grin ORIGINAL.jpg"	"False"	"2026-05-07 16:03:51"
"Count Calorie Grin B&W.jpg"	"0.196"	"D:\github\ron-english-sketches-grins\images\Sketches\grins\Count Calorie Grin B&W.jpg"	"True"	"False"	"D:\github\ron-english-sketches-grins\images\Sketches\grins2\Count Calorie Grin B&W.jpg"	"False"	"2026-05-07 15:55:29"
"Count Calorie Grin COLOR.jpg"	"0.198"	"D:\github\ron-english-sketches-grins\images\Sketches\grins\Count Calorie Grin COLOR.jpg"	"True"	"False"	"D:\github\ron-english-sketches-grins\images\Sketches\grins2\Count Calorie Grin COLOR.jpg"	"False"	"2026-05-07 16:03:53"
"Count Calorie Grin ORIGINAL.jpg"	"0.255"	"D:\github\ron-english-sketches-grins\images\Sketches\grins\Count Calorie Grin ORIGINAL.jpg"	"True"	"False"	"D:\github\ron-english-sketches-grins\images\Sketches\grins2\Count Calorie Grin ORIGINAL.jpg"	"False"	"2026-05-07 15:55:30"
"Courage Dog Grin B&W.jpg"	"0.228"	"D:\github\ron-english-sketches-grins\images\Sketches\grins\Courage Dog Grin B&W.jpg"	"True"	"False"	"D:\github\ron-english-sketches-grins\images\Sketches\grins2\Courage Dog Grin B&W.jpg"	"False"	"2026-05-07 15:55:38"
"Courage Dog Grin COLOR.jpg"	"0.242"	"D:\github\ron-english-sketches-grins\images\Sketches\grins\Courage Dog Grin COLOR.jpg"	"True"	"False"	"D:\github\ron-english-sketches-grins\images\Sketches\grins2\Courage Dog Grin COLOR.jpg"	"False"	"2026-05-07 15:55:41"
"Courage Dog Grin ORIGINAL.jpg"	"0.323"	"D:\github\ron-english-sketches-grins\images\Sketches\grins\Courage Dog Grin ORIGINAL.jpg"	"True"	"False"	"D:\github\ron-english-sketches-grins\images\Sketches\grins2\Courage Dog Grin ORIGINAL.jpg"	"False"	"2026-05-07 16:03:54"
"COVID Grin B&W.jpg"	"0.192"	"D:\github\ron-english-sketches-grins\images\Sketches\grins\COVID Grin B&W.jpg"	"True"	"False"	"D:\github\ron-english-sketches-grins\images\Sketches\grins2\COVID Grin B&W.jpg"	"False"	"2026-05-07 15:55:45"
"COVID Grin card.jpg"	"0.649"	"D:\github\ron-english-sketches-grins\images\Sketches\grins\COVID Grin card.jpg"	"True"	"False"	"D:\github\ron-english-sketches-grins\images\Sketches\grins2\COVID Grin card.jpg"	"False"	"2026-05-07 15:56:43"
"COVID Grin COLOR.jpg"	"0.218"	"D:\github\ron-english-sketches-grins\images\Sketches\grins\COVID Grin COLOR.jpg"	"True"	"False"	"D:\github\ron-english-sketches-grins\images\Sketches\grins2\COVID Grin COLOR.jpg"	"False"	"2026-05-07 15:55:56"
"COVID Grin ORIGINAL.jpg"	"0.195"	"D:\github\ron-english-sketches-grins\images\Sketches\grins\COVID Grin ORIGINAL.jpg"	"True"	"False"	"D:\github\ron-english-sketches-grins\images\Sketches\grins2\COVID Grin ORIGINAL.jpg"	"False"	"2026-05-07 15:55:58"
"Cow Grin B&W.jpg"	"0.232"	"D:\github\ron-english-sketches-grins\images\Sketches\grins\Cow Grin B&W.jpg"	"True"	"False"	"D:\github\ron-english-sketches-grins\images\Sketches\grins2\Cow Grin B&W.jpg"	"False"	"2026-05-07 15:55:59"
"Cow Grin COLOR.jpg"	"0.221"	"D:\github\ron-english-sketches-grins\images\Sketches\grins\Cow Grin COLOR.jpg"	"True"	"False"	"D:\github\ron-english-sketches-grins\images\Sketches\grins2\Cow Grin COLOR.jpg"	"False"	"2026-05-07 15:56:00"
"Cow Grin ORIGINAL.jpg"	"0.261"	"D:\github\ron-english-sketches-grins\images\Sketches\grins\Cow Grin ORIGINAL.jpg"	"True"	"False"	"D:\github\ron-english-sketches-grins\images\Sketches\grins2\Cow Grin ORIGINAL.jpg"	"False"	"2026-05-07 16:03:55"
"Creepy Creature B&W.jpg"	"0.284"	"D:\github\ron-english-sketches-grins\images\Sketches\grins\Creepy Creature B&W.jpg"	"True"	"False"	"D:\github\ron-english-sketches-grins\images\Sketches\grins2\Creepy Creature B&W.jpg"	"False"	"2026-05-07 16:03:56"
"Creepy Creature COLOR.jpg"	"0.339"	"D:\github\ron-english-sketches-grins\images\Sketches\grins\Creepy Creature COLOR.jpg"	"True"	"False"	"D:\github\ron-english-sketches-grins\images\Sketches\grins2\Creepy Creature COLOR.jpg"	"False"	"2026-05-07 16:03:57"
"Creepy Creature ORIGINAL.jpg"	"0.195"	"D:\github\ron-english-sketches-grins\images\Sketches\grins\Creepy Creature ORIGINAL.jpg"	"True"	"False"	"D:\github\ron-english-sketches-grins\images\Sketches\grins2\Creepy Creature ORIGINAL.jpg"	"False"	"2026-05-07 15:56:01"
"Croc Grin B&W.jpg"	"0.245"	"D:\github\ron-english-sketches-grins\images\Sketches\grins\Croc Grin B&W.jpg"	"True"	"False"	"D:\github\ron-english-sketches-grins\images\Sketches\grins2\Croc Grin B&W.jpg"	"False"	"2026-05-07 15:56:01"
"Croc Grin COLOR.jpg"	"0.24"	"D:\github\ron-english-sketches-grins\images\Sketches\grins\Croc Grin COLOR.jpg"	"True"	"False"	"D:\github\ron-english-sketches-grins\images\Sketches\grins2\Croc Grin COLOR.jpg"	"False"	"2026-05-07 16:03:58"
"Croc Grin ORIGINAL.jpg"	"0.213"	"D:\github\ron-english-sketches-grins\images\Sketches\grins\Croc Grin ORIGINAL.jpg"	"True"	"False"	"D:\github\ron-english-sketches-grins\images\Sketches\grins2\Croc Grin ORIGINAL.jpg"	"False"	"2026-05-07 16:04:01"
"Crossbones Crest Brooklyn Nets Grin 1.jpg"	"0.398"	"D:\github\ron-english-sketches-grins\images\Sketches\grins\Crossbones Crest Brooklyn Nets Grin 1.jpg"	"True"	"False"	"D:\github\ron-english-sketches-grins\images\Sketches\grins2\Crossbones Crest Brooklyn Nets Grin 1.jpg"	"False"	"2026-03-21 07:28:59"
"Crossbones Crest Brooklyn Nets Grin 2.jpg"	"0.36"	"D:\github\ron-english-sketches-grins\images\Sketches\grins\Crossbones Crest Brooklyn Nets Grin 2.jpg"	"True"	"False"	"D:\github\ron-english-sketches-grins\images\Sketches\grins2\Crossbones Crest Brooklyn Nets Grin 2.jpg"	"False"	"2026-03-21 07:28:59"
"Cryptopunk Grin COLOR.png"	"0.238"	"D:\github\ron-english-sketches-grins\images\Sketches\grins\Cryptopunk Grin COLOR.png"	"True"	"False"	"D:\github\ron-english-sketches-grins\images\Sketches\grins2\Cryptopunk Grin COLOR.png"	"False"	"2026-03-21 07:22:18"
"Cutie Bear Grin ORIGINAL.jpg"	"0.204"	"D:\github\ron-english-sketches-grins\images\Sketches\grins\Cutie Bear Grin ORIGINAL.jpg"	"True"	"False"	"D:\github\ron-english-sketches-grins\images\Sketches\grins2\Cutie Bear Grin ORIGINAL.jpg"	"False"	"2026-05-24 18:19:00"
"Cutie Bunny Grin ORIGINAL.jpg"	"0.17"	"D:\github\ron-english-sketches-grins\images\Sketches\grins\Cutie Bunny Grin ORIGINAL.jpg"	"True"	"False"	"D:\github\ron-english-sketches-grins\images\Sketches\grins2\Cutie Bunny Grin ORIGINAL.jpg"	"False"	"2026-05-24 18:19:01"
"Darth Grin ORIGINAL.jpg"	"0.27"	"D:\github\ron-english-sketches-grins\images\Sketches\grins\Darth Grin ORIGINAL.jpg"	"True"	"False"	"D:\github\ron-english-sketches-grins\images\Sketches\grins2\Darth Grin ORIGINAL.jpg"	"False"	"2026-05-08 06:36:30"
"Darth Vader Grin B&W.png"	"0.095"	"D:\github\ron-english-sketches-grins\images\Sketches\grins\Darth Vader Grin B&W.png"	"True"	"False"	"D:\github\ron-english-sketches-grins\images\Sketches\grins2\Darth Vader Grin B&W.png"	"False"	"2026-05-08 07:03:33"
"Darth Vader Grin back ORIGINAL.jpg"	"0.129"	"D:\github\ron-english-sketches-grins\images\Sketches\grins\Darth Vader Grin back ORIGINAL.jpg"	"True"	"False"	"D:\github\ron-english-sketches-grins\images\Sketches\grins2\Darth Vader Grin back ORIGINAL.jpg"	"False"	"2026-05-08 06:36:30"
"Darth Vader Grin COLOR.png"	"0.155"	"D:\github\ron-english-sketches-grins\images\Sketches\grins\Darth Vader Grin COLOR.png"	"True"	"False"	"D:\github\ron-english-sketches-grins\images\Sketches\grins2\Darth Vader Grin COLOR.png"	"False"	"2026-05-08 07:01:49"
"Darth Vader Grin ORIGINAL.jpg"	"0.216"	"D:\github\ron-english-sketches-grins\images\Sketches\grins\Darth Vader Grin ORIGINAL.jpg"	"True"	"False"	"D:\github\ron-english-sketches-grins\images\Sketches\grins2\Darth Vader Grin ORIGINAL.jpg"	"False"	"2026-05-08 06:36:39"
"Darth Vader Grin side B&W.jpg"	"0.344"	"D:\github\ron-english-sketches-grins\images\Sketches\grins\Darth Vader Grin side B&W.jpg"	"True"	"False"	"D:\github\ron-english-sketches-grins\images\Sketches\grins2\Darth Vader Grin side B&W.jpg"	"False"	"2026-05-08 06:53:03"
"Darth Vader Grin side COLOR.jpg"	"0.288"	"D:\github\ron-english-sketches-grins\images\Sketches\grins\Darth Vader Grin side COLOR.jpg"	"True"	"False"	"D:\github\ron-english-sketches-grins\images\Sketches\grins2\Darth Vader Grin side COLOR.jpg"	"False"	"2026-05-08 06:53:02"
"Darth Vader Grin side ORIGINAL.jpg"	"0.154"	"D:\github\ron-english-sketches-grins\images\Sketches\grins\Darth Vader Grin side ORIGINAL.jpg"	"True"	"False"	"D:\github\ron-english-sketches-grins\images\Sketches\grins2\Darth Vader Grin side ORIGINAL.jpg"	"False"	"2026-05-08 06:36:30"
"david grin 2 ORIGINAL.jpg"	"0.14"	"D:\github\ron-english-sketches-grins\images\Sketches\grins\david grin 2 ORIGINAL.jpg"	"False"	"True"	"D:\github\ron-english-sketches-grins\images\Sketches\grins2\david grin 2 ORIGINAL.jpg"	"False"	"2026-05-24 18:19:02"
"David Grin COLOR.jpg"	"0.447"	"D:\github\ron-english-sketches-grins\images\Sketches\grins\David Grin COLOR.jpg"	"True"	"False"	"D:\github\ron-english-sketches-grins\images\Sketches\grins2\David Grin COLOR.jpg"	"False"	"2026-05-08 06:52:54"
"David Grin ORIGINAL COLOR.jpg"	"0.058"	"D:\github\ron-english-sketches-grins\images\Sketches\grins\David Grin ORIGINAL COLOR.jpg"	"True"	"False"	"D:\github\ron-english-sketches-grins\images\Sketches\grins2\David Grin ORIGINAL COLOR.jpg"	"False"	"2026-05-08 06:07:11"
"David Grin ORIGINAL.jpg"	"0.474"	"D:\github\ron-english-sketches-grins\images\Sketches\grins\David Grin ORIGINAL.jpg"	"True"	"False"	"D:\github\ron-english-sketches-grins\images\Sketches\grins2\David Grin ORIGINAL.jpg"	"False"	"2026-05-08 06:53:03"
"DEADMAU5 Grin B&W.jpg"	"0.453"	"D:\github\ron-english-sketches-grins\images\Sketches\grins\DEADMAU5 Grin B&W.jpg"	"True"	"False"	"D:\github\ron-english-sketches-grins\images\Sketches\grins2\DEADMAU5 Grin B&W.jpg"	"False"	"2026-05-08 06:52:54"
"DEADMAU5 Grin back B&W.jpg"	"0.43"	"D:\github\ron-english-sketches-grins\images\Sketches\grins\DEADMAU5 Grin back B&W.jpg"	"True"	"False"	"D:\github\ron-english-sketches-grins\images\Sketches\grins2\DEADMAU5 Grin back B&W.jpg"	"False"	"2026-05-08 06:52:54"
"DEADMAU5 Grin back ORIGINAL.jpg"	"0.26"	"D:\github\ron-english-sketches-grins\images\Sketches\grins\DEADMAU5 Grin back ORIGINAL.jpg"	"True"	"False"	"D:\github\ron-english-sketches-grins\images\Sketches\grins2\DEADMAU5 Grin back ORIGINAL.jpg"	"False"	"2026-05-08 06:36:59"
"DEADMAU5 Grin COLOR 1.jpg"	"0.267"	"D:\github\ron-english-sketches-grins\images\Sketches\grins\DEADMAU5 Grin COLOR 1.jpg"	"True"	"False"	"D:\github\ron-english-sketches-grins\images\Sketches\grins2\DEADMAU5 Grin COLOR 1.jpg"	"False"	"2026-05-08 06:53:03"
"DEADMAU5 Grin COLOR 2.jpg"	"0.342"	"D:\github\ron-english-sketches-grins\images\Sketches\grins\DEADMAU5 Grin COLOR 2.jpg"	"True"	"False"	"D:\github\ron-english-sketches-grins\images\Sketches\grins2\DEADMAU5 Grin COLOR 2.jpg"	"False"	"2026-05-07 18:56:43"
"DEADMAU5 Grin COLOR 4.jpg"	"0.287"	"D:\github\ron-english-sketches-grins\images\Sketches\grins\DEADMAU5 Grin COLOR 4.jpg"	"True"	"False"	"D:\github\ron-english-sketches-grins\images\Sketches\grins2\DEADMAU5 Grin COLOR 4.jpg"	"False"	"2026-05-08 06:53:03"
"DEADMAU5 Grin COLOR 5.jpg"	"0.341"	"D:\github\ron-english-sketches-grins\images\Sketches\grins\DEADMAU5 Grin COLOR 5.jpg"	"True"	"False"	"D:\github\ron-english-sketches-grins\images\Sketches\grins2\DEADMAU5 Grin COLOR 5.jpg"	"False"	"2026-05-07 18:56:43"
"DEADMAU5 Grin COLOR 6.jpg"	"0.281"	"D:\github\ron-english-sketches-grins\images\Sketches\grins\DEADMAU5 Grin COLOR 6.jpg"	"True"	"False"	"D:\github\ron-english-sketches-grins\images\Sketches\grins2\DEADMAU5 Grin COLOR 6.jpg"	"False"	"2026-05-08 06:53:02"
"DEADMAU5 Grin ORIGINAL.jpg"	"0.274"	"D:\github\ron-english-sketches-grins\images\Sketches\grins\DEADMAU5 Grin ORIGINAL.jpg"	"True"	"False"	"D:\github\ron-english-sketches-grins\images\Sketches\grins2\DEADMAU5 Grin ORIGINAL.jpg"	"False"	"2026-05-08 06:36:59"
"DEADMAU5 Grin Running B&W.jpg"	"0.401"	"D:\github\ron-english-sketches-grins\images\Sketches\grins\DEADMAU5 Grin Running B&W.jpg"	"True"	"False"	"D:\github\ron-english-sketches-grins\images\Sketches\grins2\DEADMAU5 Grin Running B&W.jpg"	"False"	"2026-05-08 06:52:54"
"DEADMAU5 Grin Running COLORS.jpg"	"0.334"	"D:\github\ron-english-sketches-grins\images\Sketches\grins\DEADMAU5 Grin Running COLORS.jpg"	"True"	"False"	"D:\github\ron-english-sketches-grins\images\Sketches\grins2\DEADMAU5 Grin Running COLORS.jpg"	"False"	"2026-05-07 09:54:14"
"DEADMAU5 Grin Running ORIGINAL.jpg"	"0.177"	"D:\github\ron-english-sketches-grins\images\Sketches\grins\DEADMAU5 Grin Running ORIGINAL.jpg"	"True"	"False"	"D:\github\ron-english-sketches-grins\images\Sketches\grins2\DEADMAU5 Grin Running ORIGINAL.jpg"	"False"	"2026-05-08 06:36:59"
"DEADMAU5 Grin side ORIGINAL.jpg"	"0.844"	"D:\github\ron-english-sketches-grins\images\Sketches\grins\DEADMAU5 Grin side ORIGINAL.jpg"	"True"	"False"	"D:\github\ron-english-sketches-grins\images\Sketches\grins2\DEADMAU5 Grin side ORIGINAL.jpg"	"False"	"2026-05-08 05:39:41"
"DEADMAU5 Grin three quarters B&W.jpg"	"0.328"	"D:\github\ron-english-sketches-grins\images\Sketches\grins\DEADMAU5 Grin three quarters B&W.jpg"	"True"	"False"	"D:\github\ron-english-sketches-grins\images\Sketches\grins2\DEADMAU5 Grin three quarters B&W.jpg"	"False"	"2026-05-08 06:52:45"
"DEADMAUGrin  COLORS.jpg"	"0.129"	"D:\github\ron-english-sketches-grins\images\Sketches\grins\DEADMAUGrin  COLORS.jpg"	"True"	"False"	"D:\github\ron-english-sketches-grins\images\Sketches\grins2\DEADMAUGrin  COLORS.jpg"	"False"	"2026-05-07 15:46:28"
"DEADMAUGrin back COLORS.jpg"	"0.432"	"D:\github\ron-english-sketches-grins\images\Sketches\grins\DEADMAUGrin back COLORS.jpg"	"True"	"False"	"D:\github\ron-english-sketches-grins\images\Sketches\grins2\DEADMAUGrin back COLORS.jpg"	"False"	"2026-05-07 09:51:19"
"DEADMAUGrin side COLORS.jpg"	"0.129"	"D:\github\ron-english-sketches-grins\images\Sketches\grins\DEADMAUGrin side COLORS.jpg"	"True"	"False"	"D:\github\ron-english-sketches-grins\images\Sketches\grins2\DEADMAUGrin side COLORS.jpg"	"False"	"2026-05-07 15:46:13"
"Dementon Grin B&W.jpg"	"0.412"	"D:\github\ron-english-sketches-grins\images\Sketches\grins\Dementon Grin B&W.jpg"	"True"	"False"	"D:\github\ron-english-sketches-grins\images\Sketches\grins2\Dementon Grin B&W.jpg"	"False"	"2026-05-08 06:52:54"
"Dementon Grin COLOR.jpg"	"0.317"	"D:\github\ron-english-sketches-grins\images\Sketches\grins\Dementon Grin COLOR.jpg"	"True"	"False"	"D:\github\ron-english-sketches-grins\images\Sketches\grins2\Dementon Grin COLOR.jpg"	"False"	"2026-05-08 06:36:15"
"Dementon Grin ORIGINAL.jpg"	"0.306"	"D:\github\ron-english-sketches-grins\images\Sketches\grins\Dementon Grin ORIGINAL.jpg"	"True"	"False"	"D:\github\ron-english-sketches-grins\images\Sketches\grins2\Dementon Grin ORIGINAL.jpg"	"False"	"2026-05-08 06:07:11"
"Deputy Dog Grin B&W.jpg"	"0.405"	"D:\github\ron-english-sketches-grins\images\Sketches\grins\Deputy Dog Grin B&W.jpg"	"True"	"False"	"D:\github\ron-english-sketches-grins\images\Sketches\grins2\Deputy Dog Grin B&W.jpg"	"False"	"2026-05-08 06:52:54"
"Deputy Dog Grin COLOR.jpg"	"0.197"	"D:\github\ron-english-sketches-grins\images\Sketches\grins\Deputy Dog Grin COLOR.jpg"	"True"	"False"	"D:\github\ron-english-sketches-grins\images\Sketches\grins2\Deputy Dog Grin COLOR.jpg"	"False"	"2026-05-07 17:48:12"
"Devil Grin B&W.jpg"	"0.252"	"D:\github\ron-english-sketches-grins\images\Sketches\grins\Devil Grin B&W.jpg"	"True"	"False"	"D:\github\ron-english-sketches-grins\images\Sketches\grins2\Devil Grin B&W.jpg"	"False"	"2026-05-08 06:53:03"
"Devil Grin COLOR.jpg"	"0.385"	"D:\github\ron-english-sketches-grins\images\Sketches\grins\Devil Grin COLOR.jpg"	"True"	"False"	"D:\github\ron-english-sketches-grins\images\Sketches\grins2\Devil Grin COLOR.jpg"	"False"	"2026-05-08 06:52:54"
"Devil Grin ORIGINAL COLOR.jpg"	"0.064"	"D:\github\ron-english-sketches-grins\images\Sketches\grins\Devil Grin ORIGINAL COLOR.jpg"	"True"	"False"	"D:\github\ron-english-sketches-grins\images\Sketches\grins2\Devil Grin ORIGINAL COLOR.jpg"	"False"	"2026-05-08 06:07:11"
"Devine Devil COLOR.jpg"	"0.245"	"D:\github\ron-english-sketches-grins\images\Sketches\grins\Devine Devil COLOR.jpg"	"True"	"False"	"D:\github\ron-english-sketches-grins\images\Sketches\grins2\Devine Devil COLOR.jpg"	"False"	"2026-05-08 06:36:59"
"Dino Heart Grin B&W.png"	"0.08"	"D:\github\ron-english-sketches-grins\images\Sketches\grins\Dino Heart Grin B&W.png"	"True"	"False"	"D:\github\ron-english-sketches-grins\images\Sketches\grins2\Dino Heart Grin B&W.png"	"False"	"2026-05-08 07:04:01"
"Dino Heart Grin COLOR.png"	"0.103"	"D:\github\ron-english-sketches-grins\images\Sketches\grins\Dino Heart Grin COLOR.png"	"True"	"False"	"D:\github\ron-english-sketches-grins\images\Sketches\grins2\Dino Heart Grin COLOR.png"	"False"	"2026-05-08 07:03:19"
"Dino Heart Grin ORIGINAL.jpg"	"0.43"	"D:\github\ron-english-sketches-grins\images\Sketches\grins\Dino Heart Grin ORIGINAL.jpg"	"True"	"False"	"D:\github\ron-english-sketches-grins\images\Sketches\grins2\Dino Heart Grin ORIGINAL.jpg"	"False"	"2026-05-08 06:53:03"
"DJ Grin B&W.jpg"	"0.354"	"D:\github\ron-english-sketches-grins\images\Sketches\grins\DJ Grin B&W.jpg"	"True"	"False"	"D:\github\ron-english-sketches-grins\images\Sketches\grins2\DJ Grin B&W.jpg"	"False"	"2026-05-08 06:53:03"
"DJ Grin COLOR.jpg"	"0.315"	"D:\github\ron-english-sketches-grins\images\Sketches\grins\DJ Grin COLOR.jpg"	"True"	"False"	"D:\github\ron-english-sketches-grins\images\Sketches\grins2\DJ Grin COLOR.jpg"	"False"	"2026-05-08 06:36:59"
"Dog Grin B&W.png"	"0.074"	"D:\github\ron-english-sketches-grins\images\Sketches\grins\Dog Grin B&W.png"	"True"	"False"	"D:\github\ron-english-sketches-grins\images\Sketches\grins2\Dog Grin B&W.png"	"False"	"2026-05-08 07:04:30"
"Dog Grin COLOR.jpg"	"0.295"	"D:\github\ron-english-sketches-grins\images\Sketches\grins\Dog Grin COLOR.jpg"	"True"	"False"	"D:\github\ron-english-sketches-grins\images\Sketches\grins2\Dog Grin COLOR.jpg"	"False"	"2026-05-08 06:07:11"
"Dog Grin ORIGINAL COLOR 1.jpg"	"0.066"	"D:\github\ron-english-sketches-grins\images\Sketches\grins\Dog Grin ORIGINAL COLOR 1.jpg"	"True"	"False"	"D:\github\ron-english-sketches-grins\images\Sketches\grins2\Dog Grin ORIGINAL COLOR 1.jpg"	"False"	"2026-05-08 06:07:11"
"Dog Grin ORIGINAL COLOR 2.jpg"	"0.149"	"D:\github\ron-english-sketches-grins\images\Sketches\grins\Dog Grin ORIGINAL COLOR 2.jpg"	"True"	"False"	"D:\github\ron-english-sketches-grins\images\Sketches\grins2\Dog Grin ORIGINAL COLOR 2.jpg"	"False"	"2026-05-08 06:36:23"
"Dog Grin ORIGINAL.jpg"	"0.3"	"D:\github\ron-english-sketches-grins\images\Sketches\grins\Dog Grin ORIGINAL.jpg"	"True"	"False"	"D:\github\ron-english-sketches-grins\images\Sketches\grins2\Dog Grin ORIGINAL.jpg"	"False"	"2026-05-08 06:36:30"
"Dog Head Grin B&W.jpg"	"0.299"	"D:\github\ron-english-sketches-grins\images\Sketches\grins\Dog Head Grin B&W.jpg"	"True"	"False"	"D:\github\ron-english-sketches-grins\images\Sketches\grins2\Dog Head Grin B&W.jpg"	"False"	"2026-05-08 06:36:59"
"Dog Head Grin COLOR.jpg"	"0.348"	"D:\github\ron-english-sketches-grins\images\Sketches\grins\Dog Head Grin COLOR.jpg"	"True"	"False"	"D:\github\ron-english-sketches-grins\images\Sketches\grins2\Dog Head Grin COLOR.jpg"	"False"	"2026-05-08 06:53:03"
"Dog Head Grin ORIGINAL.jpg"	"0.18"	"D:\github\ron-english-sketches-grins\images\Sketches\grins\Dog Head Grin ORIGINAL.jpg"	"True"	"False"	"D:\github\ron-english-sketches-grins\images\Sketches\grins2\Dog Head Grin ORIGINAL.jpg"	"False"	"2026-05-08 06:35:38"
"Dr Bub Quack Animation 1.jpg"	"0.231"	"D:\github\ron-english-sketches-grins\images\Sketches\grins\Dr Bub Quack Animation 1.jpg"	"True"	"False"	"D:\github\ron-english-sketches-grins\images\Sketches\grins2\Dr Bub Quack Animation 1.jpg"	"False"	"2026-05-07 17:48:13"
"Dr Bub Quack Animation 2.jpg"	"0.227"	"D:\github\ron-english-sketches-grins\images\Sketches\grins\Dr Bub Quack Animation 2.jpg"	"True"	"False"	"D:\github\ron-english-sketches-grins\images\Sketches\grins2\Dr Bub Quack Animation 2.jpg"	"False"	"2026-05-07 17:48:14"
"Dr Bub Quack Grin B&W.jpg"	"0.374"	"D:\github\ron-english-sketches-grins\images\Sketches\grins\Dr Bub Quack Grin B&W.jpg"	"True"	"False"	"D:\github\ron-english-sketches-grins\images\Sketches\grins2\Dr Bub Quack Grin B&W.jpg"	"False"	"2026-05-08 06:52:54"
"Dr Bub Quack Grin COLOR.jpg"	"0.066"	"D:\github\ron-english-sketches-grins\images\Sketches\grins\Dr Bub Quack Grin COLOR.jpg"	"True"	"False"	"D:\github\ron-english-sketches-grins\images\Sketches\grins2\Dr Bub Quack Grin COLOR.jpg"	"False"	"2026-05-10 05:57:50"
"Drink the Koolaid 1.png"	"0.245"	"D:\github\ron-english-sketches-grins\images\Sketches\grins\Drink the Koolaid 1.png"	"True"	"False"	"D:\github\ron-english-sketches-grins\images\Sketches\grins2\Drink the Koolaid 1.png"	"False"	"2026-03-21 07:21:06"
"Drink the Koolaid 2.png"	"0.262"	"D:\github\ron-english-sketches-grins\images\Sketches\grins\Drink the Koolaid 2.png"	"True"	"False"	"D:\github\ron-english-sketches-grins\images\Sketches\grins2\Drink the Koolaid 2.png"	"False"	"2026-03-21 07:21:06"
"Dripping Grin B&W.jpg"	"0.288"	"D:\github\ron-english-sketches-grins\images\Sketches\grins\Dripping Grin B&W.jpg"	"True"	"False"	"D:\github\ron-english-sketches-grins\images\Sketches\grins2\Dripping Grin B&W.jpg"	"False"	"2026-05-08 06:36:52"
"Dripping Grin card.png"	"0.167"	"D:\github\ron-english-sketches-grins\images\Sketches\grins\Dripping Grin card.png"	"True"	"False"	"D:\github\ron-english-sketches-grins\images\Sketches\grins2\Dripping Grin card.png"	"False"	"2026-03-21 07:27:16"
"Dripping Grin head B&W.jpg"	"0.432"	"D:\github\ron-english-sketches-grins\images\Sketches\grins\Dripping Grin head B&W.jpg"	"True"	"False"	"D:\github\ron-english-sketches-grins\images\Sketches\grins2\Dripping Grin head B&W.jpg"	"False"	"2026-05-08 06:52:45"
"Dripping Grin head COLOR 3.png"	"0.345"	"D:\github\ron-english-sketches-grins\images\Sketches\grins\Dripping Grin head COLOR 3.png"	"True"	"False"	"D:\github\ron-english-sketches-grins\images\Sketches\grins2\Dripping Grin head COLOR 3.png"	"False"	"2026-03-21 07:28:23"
"Dripping Grin head COLOR.jpg"	"0.465"	"D:\github\ron-english-sketches-grins\images\Sketches\grins\Dripping Grin head COLOR.jpg"	"True"	"False"	"D:\github\ron-english-sketches-grins\images\Sketches\grins2\Dripping Grin head COLOR.jpg"	"False"	"2026-03-21 07:27:59"
"Dripping Grin head ORIGINAL COLOR 1.jpg"	"0.228"	"D:\github\ron-english-sketches-grins\images\Sketches\grins\Dripping Grin head ORIGINAL COLOR 1.jpg"	"True"	"False"	"D:\github\ron-english-sketches-grins\images\Sketches\grins2\Dripping Grin head ORIGINAL COLOR 1.jpg"	"False"	"2026-05-07 17:48:15"
"Dripping Grin head ORIGINAL COLOR 2.jpg"	"0.09"	"D:\github\ron-english-sketches-grins\images\Sketches\grins\Dripping Grin head ORIGINAL COLOR 2.jpg"	"True"	"False"	"D:\github\ron-english-sketches-grins\images\Sketches\grins2\Dripping Grin head ORIGINAL COLOR 2.jpg"	"False"	"2026-05-07 18:49:49"
"Dripping Grin ORIGINAL COLOR 3.jpg"	"0.061"	"D:\github\ron-english-sketches-grins\images\Sketches\grins\Dripping Grin ORIGINAL COLOR 3.jpg"	"True"	"False"	"D:\github\ron-english-sketches-grins\images\Sketches\grins2\Dripping Grin ORIGINAL COLOR 3.jpg"	"False"	"2026-05-07 18:49:49"
"Dripping Grin ORIGINAL COLOR.jpg"	"0.492"	"D:\github\ron-english-sketches-grins\images\Sketches\grins\Dripping Grin ORIGINAL COLOR.jpg"	"True"	"False"	"D:\github\ron-english-sketches-grins\images\Sketches\grins2\Dripping Grin ORIGINAL COLOR.jpg"	"False"	"2026-05-08 06:53:03"
"Droopy Dog Grin COLOR.jpg"	"0.338"	"D:\github\ron-english-sketches-grins\images\Sketches\grins\Droopy Dog Grin COLOR.jpg"	"True"	"False"	"D:\github\ron-english-sketches-grins\images\Sketches\grins2\Droopy Dog Grin COLOR.jpg"	"False"	"2026-05-08 06:36:59"
"Droopy Dog Grin ORIGINAL.jpg"	"0.14"	"D:\github\ron-english-sketches-grins\images\Sketches\grins\Droopy Dog Grin ORIGINAL.jpg"	"True"	"False"	"D:\github\ron-english-sketches-grins\images\Sketches\grins2\Droopy Dog Grin ORIGINAL.jpg"	"False"	"2026-05-07 18:36:35"
"Dunny Grin B&W.jpg"	"0.247"	"D:\github\ron-english-sketches-grins\images\Sketches\grins\Dunny Grin B&W.jpg"	"True"	"False"	"D:\github\ron-english-sketches-grins\images\Sketches\grins2\Dunny Grin B&W.jpg"	"False"	"2026-05-08 06:53:03"
"Dunny Grin back B&W.jpg"	"0.331"	"D:\github\ron-english-sketches-grins\images\Sketches\grins\Dunny Grin back B&W.jpg"	"True"	"False"	"D:\github\ron-english-sketches-grins\images\Sketches\grins2\Dunny Grin back B&W.jpg"	"False"	"2026-05-07 18:53:53"
"Dunny Grin back COLOR.jpg"	"0.231"	"D:\github\ron-english-sketches-grins\images\Sketches\grins\Dunny Grin back COLOR.jpg"	"True"	"False"	"D:\github\ron-english-sketches-grins\images\Sketches\grins2\Dunny Grin back COLOR.jpg"	"False"	"2026-05-07 19:03:08"
"Dunny Grin back ORIGINAL COLOR.jpg"	"0.267"	"D:\github\ron-english-sketches-grins\images\Sketches\grins\Dunny Grin back ORIGINAL COLOR.jpg"	"True"	"False"	"D:\github\ron-english-sketches-grins\images\Sketches\grins2\Dunny Grin back ORIGINAL COLOR.jpg"	"False"	"2026-05-07 19:03:08"
"Dunny Grin back ORIGINAL.jpg"	"0.326"	"D:\github\ron-english-sketches-grins\images\Sketches\grins\Dunny Grin back ORIGINAL.jpg"	"True"	"False"	"D:\github\ron-english-sketches-grins\images\Sketches\grins2\Dunny Grin back ORIGINAL.jpg"	"False"	"2026-05-07 17:48:21"
"Dunny Grin COLOR.jpg"	"0.435"	"D:\github\ron-english-sketches-grins\images\Sketches\grins\Dunny Grin COLOR.jpg"	"True"	"False"	"D:\github\ron-english-sketches-grins\images\Sketches\grins2\Dunny Grin COLOR.jpg"	"False"	"2026-05-08 06:52:45"
"Dunny Grin front ORIGINAL COLOR.jpg"	"0.135"	"D:\github\ron-english-sketches-grins\images\Sketches\grins\Dunny Grin front ORIGINAL COLOR.jpg"	"True"	"False"	"D:\github\ron-english-sketches-grins\images\Sketches\grins2\Dunny Grin front ORIGINAL COLOR.jpg"	"False"	"2026-05-07 18:58:01"
"Dunny Grin front ORIGINAL.jpg"	"0.27"	"D:\github\ron-english-sketches-grins\images\Sketches\grins\Dunny Grin front ORIGINAL.jpg"	"True"	"False"	"D:\github\ron-english-sketches-grins\images\Sketches\grins2\Dunny Grin front ORIGINAL.jpg"	"False"	"2026-05-07 19:03:08"
"Elefanka Grin Side View ORIGINAL.jpg"	"0.213"	"D:\github\ron-english-sketches-grins\images\Sketches\grins\Elefanka Grin Side View ORIGINAL.jpg"	"True"	"False"	"D:\github\ron-english-sketches-grins\images\Sketches\grins2\Elefanka Grin Side View ORIGINAL.jpg"	"False"	"2026-05-07 17:48:24"
"Elefanka With Angel Wings Grin B&W.jpg"	"0.257"	"D:\github\ron-english-sketches-grins\images\Sketches\grins\Elefanka With Angel Wings Grin B&W.jpg"	"True"	"False"	"D:\github\ron-english-sketches-grins\images\Sketches\grins2\Elefanka With Angel Wings Grin B&W.jpg"	"False"	"2026-05-08 06:36:59"
"Elefanka With Angel Wings Grin COLOR.jpg"	"0.287"	"D:\github\ron-english-sketches-grins\images\Sketches\grins\Elefanka With Angel Wings Grin COLOR.jpg"	"True"	"False"	"D:\github\ron-english-sketches-grins\images\Sketches\grins2\Elefanka With Angel Wings Grin COLOR.jpg"	"False"	"2026-05-08 06:36:59"
"Elephant Grin B&W.jpg"	"0.29"	"D:\github\ron-english-sketches-grins\images\Sketches\grins\Elephant Grin B&W.jpg"	"True"	"False"	"D:\github\ron-english-sketches-grins\images\Sketches\grins2\Elephant Grin B&W.jpg"	"False"	"2026-05-08 06:36:52"
"Elephant Grin COLOR.jpg"	"0.495"	"D:\github\ron-english-sketches-grins\images\Sketches\grins\Elephant Grin COLOR.jpg"	"True"	"False"	"D:\github\ron-english-sketches-grins\images\Sketches\grins2\Elephant Grin COLOR.jpg"	"False"	"2026-05-08 06:53:03"
"Elephant Grin ORIGINAL 2.jpg"	"0.195"	"D:\github\ron-english-sketches-grins\images\Sketches\grins\Elephant Grin ORIGINAL 2.jpg"	"True"	"False"	"D:\github\ron-english-sketches-grins\images\Sketches\grins2\Elephant Grin ORIGINAL 2.jpg"	"False"	"2026-05-07 17:48:25"
"Elephant Grin ORIGINAL COLOR 2.jpg"	"0.132"	"D:\github\ron-english-sketches-grins\images\Sketches\grins\Elephant Grin ORIGINAL COLOR 2.jpg"	"True"	"False"	"D:\github\ron-english-sketches-grins\images\Sketches\grins2\Elephant Grin ORIGINAL COLOR 2.jpg"	"False"	"2026-05-08 06:12:28"
"Elephant Grin ORIGINAL COLOR.jpg"	"0.094"	"D:\github\ron-english-sketches-grins\images\Sketches\grins\Elephant Grin ORIGINAL COLOR.jpg"	"True"	"False"	"D:\github\ron-english-sketches-grins\images\Sketches\grins2\Elephant Grin ORIGINAL COLOR.jpg"	"False"	"2026-05-07 18:46:44"
"Elephant Grin ORIGINAL.jpg"	"0.35"	"D:\github\ron-english-sketches-grins\images\Sketches\grins\Elephant Grin ORIGINAL.jpg"	"True"	"False"	"D:\github\ron-english-sketches-grins\images\Sketches\grins2\Elephant Grin ORIGINAL.jpg"	"False"	"2026-05-07 17:48:27"
"Elmo Grin B&W.jpg"	"0.178"	"D:\github\ron-english-sketches-grins\images\Sketches\grins\Elmo Grin B&W.jpg"	"True"	"False"	"D:\github\ron-english-sketches-grins\images\Sketches\grins2\Elmo Grin B&W.jpg"	"False"	"2026-05-07 17:48:28"
"Elmo Grin COLOR.jpg"	"0.223"	"D:\github\ron-english-sketches-grins\images\Sketches\grins\Elmo Grin COLOR.jpg"	"True"	"False"	"D:\github\ron-english-sketches-grins\images\Sketches\grins2\Elmo Grin COLOR.jpg"	"False"	"2026-05-07 17:48:32"
"Elmo Grin ORIGINAL.jpg"	"0.316"	"D:\github\ron-english-sketches-grins\images\Sketches\grins\Elmo Grin ORIGINAL.jpg"	"True"	"False"	"D:\github\ron-english-sketches-grins\images\Sketches\grins2\Elmo Grin ORIGINAL.jpg"	"False"	"2026-05-07 17:48:33"
"Eminem Grin B&W.jpg"	"0.16"	"D:\github\ron-english-sketches-grins\images\Sketches\grins\Eminem Grin B&W.jpg"	"True"	"False"	"D:\github\ron-english-sketches-grins\images\Sketches\grins2\Eminem Grin B&W.jpg"	"False"	"2026-05-07 17:48:34"
"Eminem Grin COLOR.jpg"	"0.294"	"D:\github\ron-english-sketches-grins\images\Sketches\grins\Eminem Grin COLOR.jpg"	"True"	"False"	"D:\github\ron-english-sketches-grins\images\Sketches\grins2\Eminem Grin COLOR.jpg"	"False"	"2026-05-08 06:36:39"
"Eminem Grin ORIGINAL.jpg"	"0.244"	"D:\github\ron-english-sketches-grins\images\Sketches\grins\Eminem Grin ORIGINAL.jpg"	"True"	"False"	"D:\github\ron-english-sketches-grins\images\Sketches\grins2\Eminem Grin ORIGINAL.jpg"	"False"	"2026-05-07 17:48:35"
"Ernie Grin B&W.jpg"	"0.054"	"D:\github\ron-english-sketches-grins\images\Sketches\grins\Ernie Grin B&W.jpg"	"True"	"False"	"D:\github\ron-english-sketches-grins\images\Sketches\grins2\Ernie Grin B&W.jpg"	"False"	"2026-05-08 07:05:16"
"Ernie Grin COLOR.jpg"	"0.137"	"D:\github\ron-english-sketches-grins\images\Sketches\grins\Ernie Grin COLOR.jpg"	"True"	"False"	"D:\github\ron-english-sketches-grins\images\Sketches\grins2\Ernie Grin COLOR.jpg"	"False"	"2026-05-07 15:42:54"
"Ernie Grin ORIGINAL COLOR.jpg"	"0.153"	"D:\github\ron-english-sketches-grins\images\Sketches\grins\Ernie Grin ORIGINAL COLOR.jpg"	"True"	"False"	"D:\github\ron-english-sketches-grins\images\Sketches\grins2\Ernie Grin ORIGINAL COLOR.jpg"	"False"	"2026-05-07 15:43:32"
"Ernie Grin ORIGINAL.jpg"	"0.284"	"D:\github\ron-english-sketches-grins\images\Sketches\grins\Ernie Grin ORIGINAL.jpg"	"True"	"False"	"D:\github\ron-english-sketches-grins\images\Sketches\grins2\Ernie Grin ORIGINAL.jpg"	"False"	"2026-05-07 18:49:49"
"EZ Nuts Grin 1 COLOR.jpg"	"0.214"	"D:\github\ron-english-sketches-grins\images\Sketches\grins\EZ Nuts Grin 1 COLOR.jpg"	"True"	"False"	"D:\github\ron-english-sketches-grins\images\Sketches\grins2\EZ Nuts Grin 1 COLOR.jpg"	"False"	"2026-05-08 06:36:59"
"EZ Nuts Grin 2 COLOR.jpg"	"0.203"	"D:\github\ron-english-sketches-grins\images\Sketches\grins\EZ Nuts Grin 2 COLOR.jpg"	"True"	"False"	"D:\github\ron-english-sketches-grins\images\Sketches\grins2\EZ Nuts Grin 2 COLOR.jpg"	"False"	"2026-05-08 06:36:59"
"EZ Nuts Grin 3 COLOR.jpg"	"0.21"	"D:\github\ron-english-sketches-grins\images\Sketches\grins\EZ Nuts Grin 3 COLOR.jpg"	"True"	"False"	"D:\github\ron-english-sketches-grins\images\Sketches\grins2\EZ Nuts Grin 3 COLOR.jpg"	"False"	"2026-05-08 06:36:59"
"Fat Stormtrooper Grin back ORIGINAL.jpg"	"0.207"	"D:\github\ron-english-sketches-grins\images\Sketches\grins\Fat Stormtrooper Grin back ORIGINAL.jpg"	"True"	"False"	"D:\github\ron-english-sketches-grins\images\Sketches\grins2\Fat Stormtrooper Grin back ORIGINAL.jpg"	"False"	"2026-05-07 17:48:38"
"Faze Banks Grin B&W.jpg"	"0.326"	"D:\github\ron-english-sketches-grins\images\Sketches\grins\Faze Banks Grin B&W.jpg"	"True"	"False"	"D:\github\ron-english-sketches-grins\images\Sketches\grins2\Faze Banks Grin B&W.jpg"	"False"	"2026-05-08 06:53:03"
"Faze Banks Grin COLOR.jpg"	"0.317"	"D:\github\ron-english-sketches-grins\images\Sketches\grins\Faze Banks Grin COLOR.jpg"	"True"	"False"	"D:\github\ron-english-sketches-grins\images\Sketches\grins2\Faze Banks Grin COLOR.jpg"	"False"	"2026-05-07 17:48:40"
"Felix Grin Front B&W.jpg"	"0.314"	"D:\github\ron-english-sketches-grins\images\Sketches\grins\Felix Grin Front B&W.jpg"	"True"	"False"	"D:\github\ron-english-sketches-grins\images\Sketches\grins2\Felix Grin Front B&W.jpg"	"False"	"2026-05-08 06:36:52"
"Felix Grin Front COLOR.jpg"	"0.189"	"D:\github\ron-english-sketches-grins\images\Sketches\grins\Felix Grin Front COLOR.jpg"	"True"	"False"	"D:\github\ron-english-sketches-grins\images\Sketches\grins2\Felix Grin Front COLOR.jpg"	"False"	"2026-05-07 17:48:41"
"Felix Grin Front ORIGINAL.jpg"	"0.225"	"D:\github\ron-english-sketches-grins\images\Sketches\grins\Felix Grin Front ORIGINAL.jpg"	"True"	"False"	"D:\github\ron-english-sketches-grins\images\Sketches\grins2\Felix Grin Front ORIGINAL.jpg"	"False"	"2026-05-07 17:48:42"
"Felix Grin ORIGINAL COLOR.jpg"	"0.134"	"D:\github\ron-english-sketches-grins\images\Sketches\grins\Felix Grin ORIGINAL COLOR.jpg"	"True"	"False"	"D:\github\ron-english-sketches-grins\images\Sketches\grins2\Felix Grin ORIGINAL COLOR.jpg"	"False"	"2026-05-08 06:12:28"
"Felix Grin side B&W.jpg"	"0.253"	"D:\github\ron-english-sketches-grins\images\Sketches\grins\Felix Grin side B&W.jpg"	"True"	"False"	"D:\github\ron-english-sketches-grins\images\Sketches\grins2\Felix Grin side B&W.jpg"	"False"	"2026-05-08 06:36:59"
"Felix Grin side COLOR.jpg"	"0.146"	"D:\github\ron-english-sketches-grins\images\Sketches\grins\Felix Grin side COLOR.jpg"	"True"	"False"	"D:\github\ron-english-sketches-grins\images\Sketches\grins2\Felix Grin side COLOR.jpg"	"False"	"2026-05-07 17:48:43"
"Felix Grin side ORIGINAL COLOR.jpg"	"0.15"	"D:\github\ron-english-sketches-grins\images\Sketches\grins\Felix Grin side ORIGINAL COLOR.jpg"	"True"	"False"	"D:\github\ron-english-sketches-grins\images\Sketches\grins2\Felix Grin side ORIGINAL COLOR.jpg"	"False"	"2026-05-07 17:48:44"
"Felix Grin side ORIGINAL.jpg"	"0.196"	"D:\github\ron-english-sketches-grins\images\Sketches\grins\Felix Grin side ORIGINAL.jpg"	"True"	"False"	"D:\github\ron-english-sketches-grins\images\Sketches\grins2\Felix Grin side ORIGINAL.jpg"	"False"	"2026-05-07 17:48:45"
"Finn Grin B&W.jpg"	"0.297"	"D:\github\ron-english-sketches-grins\images\Sketches\grins\Finn Grin B&W.jpg"	"True"	"False"	"D:\github\ron-english-sketches-grins\images\Sketches\grins2\Finn Grin B&W.jpg"	"False"	"2026-05-08 06:36:59"
"Finn Grin COLOR.jpg"	"0.42"	"D:\github\ron-english-sketches-grins\images\Sketches\grins\Finn Grin COLOR.jpg"	"True"	"False"	"D:\github\ron-english-sketches-grins\images\Sketches\grins2\Finn Grin COLOR.jpg"	"False"	"2026-05-08 06:53:03"
"Finn Grin ORIGINAL COLOR.jpg"	"0.122"	"D:\github\ron-english-sketches-grins\images\Sketches\grins\Finn Grin ORIGINAL COLOR.jpg"	"True"	"False"	"D:\github\ron-english-sketches-grins\images\Sketches\grins2\Finn Grin ORIGINAL COLOR.jpg"	"False"	"2026-05-08 06:12:29"
"Firecracker Skeleton Grin COLOR.jpg"	"0.134"	"D:\github\ron-english-sketches-grins\images\Sketches\grins\Firecracker Skeleton Grin COLOR.jpg"	"True"	"False"	"D:\github\ron-english-sketches-grins\images\Sketches\grins2\Firecracker Skeleton Grin COLOR.jpg"	"False"	"2026-05-09 10:28:37"
"Firecracker Skeleton Grin ORIGINAL.jpg"	"0.115"	"D:\github\ron-english-sketches-grins\images\Sketches\grins\Firecracker Skeleton Grin ORIGINAL.jpg"	"True"	"False"	"D:\github\ron-english-sketches-grins\images\Sketches\grins2\Firecracker Skeleton Grin ORIGINAL.jpg"	"False"	"2026-05-07 15:46:53"
"Flaming O Grin B&W.jpg"	"0.236"	"D:\github\ron-english-sketches-grins\images\Sketches\grins\Flaming O Grin B&W.jpg"	"True"	"False"	"D:\github\ron-english-sketches-grins\images\Sketches\grins2\Flaming O Grin B&W.jpg"	"False"	"2026-05-08 06:36:59"
"Flaming O Grin COLOR.jpg"	"0.265"	"D:\github\ron-english-sketches-grins\images\Sketches\grins\Flaming O Grin COLOR.jpg"	"True"	"False"	"D:\github\ron-english-sketches-grins\images\Sketches\grins2\Flaming O Grin COLOR.jpg"	"False"	"2026-05-08 06:36:59"
"Flaming O Grin ORIGINAL.jpg"	"0.183"	"D:\github\ron-english-sketches-grins\images\Sketches\grins\Flaming O Grin ORIGINAL.jpg"	"True"	"False"	"D:\github\ron-english-sketches-grins\images\Sketches\grins2\Flaming O Grin ORIGINAL.jpg"	"False"	"2026-05-07 17:48:46"
"Floating Grinnie ORIGINAL.jpg"	"0.146"	"D:\github\ron-english-sketches-grins\images\Sketches\grins\Floating Grinnie ORIGINAL.jpg"	"True"	"False"	"D:\github\ron-english-sketches-grins\images\Sketches\grins2\Floating Grinnie ORIGINAL.jpg"	"False"	"2026-05-07 17:48:47"
"Flower Brain Grin COLOR.png"	"0.461"	"D:\github\ron-english-sketches-grins\images\Sketches\grins\Flower Brain Grin COLOR.png"	"True"	"False"	"D:\github\ron-english-sketches-grins\images\Sketches\grins2\Flower Brain Grin COLOR.png"	"False"	"2026-03-21 07:27:46"
"Flower Grin B&W.jpg"	"0.166"	"D:\github\ron-english-sketches-grins\images\Sketches\grins\Flower Grin B&W.jpg"	"True"	"False"	"D:\github\ron-english-sketches-grins\images\Sketches\grins2\Flower Grin B&W.jpg"	"False"	"2026-05-07 17:48:48"
"Flower Grin COLOR.jpg"	"0.375"	"D:\github\ron-english-sketches-grins\images\Sketches\grins\Flower Grin COLOR.jpg"	"True"	"False"	"D:\github\ron-english-sketches-grins\images\Sketches\grins2\Flower Grin COLOR.jpg"	"False"	"2026-05-08 06:52:45"
"Flower Grin ORIGINAL COLOR.jpg"	"0.099"	"D:\github\ron-english-sketches-grins\images\Sketches\grins\Flower Grin ORIGINAL COLOR.jpg"	"True"	"False"	"D:\github\ron-english-sketches-grins\images\Sketches\grins2\Flower Grin ORIGINAL COLOR.jpg"	"False"	"2026-05-07 18:46:44"
"Flower Grin version 2 B&W.jpg"	"0.122"	"D:\github\ron-english-sketches-grins\images\Sketches\grins\Flower Grin version 2 B&W.jpg"	"True"	"False"	"D:\github\ron-english-sketches-grins\images\Sketches\grins2\Flower Grin version 2 B&W.jpg"	"False"	"2026-05-07 17:48:53"
"Flower Grin version 2 COLOR.jpg"	"0.175"	"D:\github\ron-english-sketches-grins\images\Sketches\grins\Flower Grin version 2 COLOR.jpg"	"True"	"False"	"D:\github\ron-english-sketches-grins\images\Sketches\grins2\Flower Grin version 2 COLOR.jpg"	"False"	"2026-05-07 17:48:55"
"Flower Grin version 2 ORIGINAL.jpg"	"0.14"	"D:\github\ron-english-sketches-grins\images\Sketches\grins\Flower Grin version 2 ORIGINAL.jpg"	"True"	"False"	"D:\github\ron-english-sketches-grins\images\Sketches\grins2\Flower Grin version 2 ORIGINAL.jpg"	"False"	"2026-05-07 17:48:56"
"flying flower grin back ORIGINAL.jpg"	"0.109"	"D:\github\ron-english-sketches-grins\images\Sketches\grins\flying flower grin back ORIGINAL.jpg"	"False"	"True"	"D:\github\ron-english-sketches-grins\images\Sketches\grins2\flying flower grin back ORIGINAL.jpg"	"False"	"2026-05-24 18:19:03"
"flying flower grin front ORIGINAL.jpg"	"0.153"	"D:\github\ron-english-sketches-grins\images\Sketches\grins\flying flower grin front ORIGINAL.jpg"	"False"	"True"	"D:\github\ron-english-sketches-grins\images\Sketches\grins2\flying flower grin front ORIGINAL.jpg"	"False"	"2026-05-24 18:19:05"
"flying flower grin side ORIGINAL.jpg"	"0.142"	"D:\github\ron-english-sketches-grins\images\Sketches\grins\flying flower grin side ORIGINAL.jpg"	"False"	"True"	"D:\github\ron-english-sketches-grins\images\Sketches\grins2\flying flower grin side ORIGINAL.jpg"	"False"	"2026-05-24 18:19:06"
"Flying Grinnie B&W.jpg"	"0.295"	"D:\github\ron-english-sketches-grins\images\Sketches\grins\Flying Grinnie B&W.jpg"	"True"	"False"	"D:\github\ron-english-sketches-grins\images\Sketches\grins2\Flying Grinnie B&W.jpg"	"False"	"2026-05-08 06:36:52"
"Flying Grinnie COLOR.jpg"	"0.361"	"D:\github\ron-english-sketches-grins\images\Sketches\grins\Flying Grinnie COLOR.jpg"	"True"	"False"	"D:\github\ron-english-sketches-grins\images\Sketches\grins2\Flying Grinnie COLOR.jpg"	"False"	"2026-05-08 06:52:54"
"Flying Grinnie ORIGINAL.png"	"0.046"	"D:\github\ron-english-sketches-grins\images\Sketches\grins\Flying Grinnie ORIGINAL.png"	"True"	"False"	"D:\github\ron-english-sketches-grins\images\Sketches\grins2\Flying Grinnie ORIGINAL.png"	"False"	"2026-03-21 07:23:29"
"Foot in Mouth ORIGINAL COLOR.jpg"	"0.249"	"D:\github\ron-english-sketches-grins\images\Sketches\grins\Foot in Mouth ORIGINAL COLOR.jpg"	"True"	"False"	"D:\github\ron-english-sketches-grins\images\Sketches\grins2\Foot in Mouth ORIGINAL COLOR.jpg"	"False"	"2026-05-07 17:48:57"
"Football Grin ORIGINAL.jpg"	"0.161"	"D:\github\ron-english-sketches-grins\images\Sketches\grins\Football Grin ORIGINAL.jpg"	"True"	"False"	"D:\github\ron-english-sketches-grins\images\Sketches\grins2\Football Grin ORIGINAL.jpg"	"False"	"2026-05-07 17:48:58"
"Football Player Grin B&W.jpg"	"0.235"	"D:\github\ron-english-sketches-grins\images\Sketches\grins\Football Player Grin B&W.jpg"	"True"	"False"	"D:\github\ron-english-sketches-grins\images\Sketches\grins2\Football Player Grin B&W.jpg"	"False"	"2026-05-08 06:12:29"
"Football Player Grin COLOR.jpg"	"0.25"	"D:\github\ron-english-sketches-grins\images\Sketches\grins\Football Player Grin COLOR.jpg"	"True"	"False"	"D:\github\ron-english-sketches-grins\images\Sketches\grins2\Football Player Grin COLOR.jpg"	"False"	"2026-05-08 06:12:28"
"Football Player Grin ORIGINAL.jpg"	"0.164"	"D:\github\ron-english-sketches-grins\images\Sketches\grins\Football Player Grin ORIGINAL.jpg"	"True"	"False"	"D:\github\ron-english-sketches-grins\images\Sketches\grins2\Football Player Grin ORIGINAL.jpg"	"False"	"2026-05-07 17:48:59"
"Franken Fat Grin B&W.jpg"	"0.401"	"D:\github\ron-english-sketches-grins\images\Sketches\grins\Franken Fat Grin B&W.jpg"	"True"	"False"	"D:\github\ron-english-sketches-grins\images\Sketches\grins2\Franken Fat Grin B&W.jpg"	"False"	"2026-05-08 06:52:54"
"Franken Fat Grin COLOR.jpg"	"0.221"	"D:\github\ron-english-sketches-grins\images\Sketches\grins\Franken Fat Grin COLOR.jpg"	"True"	"False"	"D:\github\ron-english-sketches-grins\images\Sketches\grins2\Franken Fat Grin COLOR.jpg"	"False"	"2026-05-07 17:49:01"
"Franken Fat Grin ORIGINAL.jpg"	"0.299"	"D:\github\ron-english-sketches-grins\images\Sketches\grins\Franken Fat Grin ORIGINAL.jpg"	"True"	"False"	"D:\github\ron-english-sketches-grins\images\Sketches\grins2\Franken Fat Grin ORIGINAL.jpg"	"False"	"2026-05-07 17:49:02"
"Franken Grin COLOR.png"	"0.237"	"D:\github\ron-english-sketches-grins\images\Sketches\grins\Franken Grin COLOR.png"	"True"	"False"	"D:\github\ron-english-sketches-grins\images\Sketches\grins2\Franken Grin COLOR.png"	"False"	"2026-03-21 07:25:32"
"Freak Bro Afro Stache B&W.jpg"	"0.154"	"D:\github\ron-english-sketches-grins\images\Sketches\grins\Freak Bro Afro Stache B&W.jpg"	"True"	"False"	"D:\github\ron-english-sketches-grins\images\Sketches\grins2\Freak Bro Afro Stache B&W.jpg"	"False"	"2026-05-07 17:49:03"
"Freak Bro Afro Stache COLOR.jpg"	"0.459"	"D:\github\ron-english-sketches-grins\images\Sketches\grins\Freak Bro Afro Stache COLOR.jpg"	"True"	"False"	"D:\github\ron-english-sketches-grins\images\Sketches\grins2\Freak Bro Afro Stache COLOR.jpg"	"False"	"2026-05-08 06:52:54"
"Freak Bro Afro Stache ORIGINAL.jpg"	"0.164"	"D:\github\ron-english-sketches-grins\images\Sketches\grins\Freak Bro Afro Stache ORIGINAL.jpg"	"True"	"False"	"D:\github\ron-english-sketches-grins\images\Sketches\grins2\Freak Bro Afro Stache ORIGINAL.jpg"	"False"	"2026-05-07 17:49:04"
"Freak Bro Grin COLOR.jpg"	"0.527"	"D:\github\ron-english-sketches-grins\images\Sketches\grins\Freak Bro Grin COLOR.jpg"	"True"	"False"	"D:\github\ron-english-sketches-grins\images\Sketches\grins2\Freak Bro Grin COLOR.jpg"	"False"	"2026-05-08 06:52:45"
"Freak Bro Grin ORIGINAL.jpg"	"0.249"	"D:\github\ron-english-sketches-grins\images\Sketches\grins\Freak Bro Grin ORIGINAL.jpg"	"True"	"False"	"D:\github\ron-english-sketches-grins\images\Sketches\grins2\Freak Bro Grin ORIGINAL.jpg"	"False"	"2026-05-07 17:49:05"
"Freak Cat B&W.jpg"	"0.29"	"D:\github\ron-english-sketches-grins\images\Sketches\grins\Freak Cat B&W.jpg"	"True"	"False"	"D:\github\ron-english-sketches-grins\images\Sketches\grins2\Freak Cat B&W.jpg"	"False"	"2026-05-08 06:53:03"
"Freak Cat COLOR.jpg"	"0.43"	"D:\github\ron-english-sketches-grins\images\Sketches\grins\Freak Cat COLOR.jpg"	"True"	"False"	"D:\github\ron-english-sketches-grins\images\Sketches\grins2\Freak Cat COLOR.jpg"	"False"	"2026-05-08 06:52:45"
"Freak Cat ORIGINAL.jpg"	"0.202"	"D:\github\ron-english-sketches-grins\images\Sketches\grins\Freak Cat ORIGINAL.jpg"	"True"	"False"	"D:\github\ron-english-sketches-grins\images\Sketches\grins2\Freak Cat ORIGINAL.jpg"	"False"	"2026-05-07 17:49:06"
"Freddy Funko Grin 2 B&W.jpg"	"0.306"	"D:\github\ron-english-sketches-grins\images\Sketches\grins\Freddy Funko Grin 2 B&W.jpg"	"True"	"False"	"D:\github\ron-english-sketches-grins\images\Sketches\grins2\Freddy Funko Grin 2 B&W.jpg"	"False"	"2026-05-08 06:36:52"
"Freddy Funko Grin 2 COLOR.jpg"	"0.349"	"D:\github\ron-english-sketches-grins\images\Sketches\grins\Freddy Funko Grin 2 COLOR.jpg"	"True"	"False"	"D:\github\ron-english-sketches-grins\images\Sketches\grins2\Freddy Funko Grin 2 COLOR.jpg"	"False"	"2026-05-08 06:52:54"
"Freddy Funko Grin B&W.jpg"	"0.316"	"D:\github\ron-english-sketches-grins\images\Sketches\grins\Freddy Funko Grin B&W.jpg"	"True"	"False"	"D:\github\ron-english-sketches-grins\images\Sketches\grins2\Freddy Funko Grin B&W.jpg"	"False"	"2026-05-08 06:36:52"
"Freddy Funko Grin COLOR.jpg"	"0.371"	"D:\github\ron-english-sketches-grins\images\Sketches\grins\Freddy Funko Grin COLOR.jpg"	"True"	"False"	"D:\github\ron-english-sketches-grins\images\Sketches\grins2\Freddy Funko Grin COLOR.jpg"	"False"	"2026-05-08 06:52:54"
"Garfield Grin B&W.jpg"	"0.377"	"D:\github\ron-english-sketches-grins\images\Sketches\grins\Garfield Grin B&W.jpg"	"True"	"False"	"D:\github\ron-english-sketches-grins\images\Sketches\grins2\Garfield Grin B&W.jpg"	"False"	"2026-05-08 06:52:54"
"Garfield Grin COLOR.jpg"	"0.299"	"D:\github\ron-english-sketches-grins\images\Sketches\grins\Garfield Grin COLOR.jpg"	"True"	"False"	"D:\github\ron-english-sketches-grins\images\Sketches\grins2\Garfield Grin COLOR.jpg"	"False"	"2026-05-08 06:09:39"
"Garfield Grin ORIGINAL.jpg"	"0.237"	"D:\github\ron-english-sketches-grins\images\Sketches\grins\Garfield Grin ORIGINAL.jpg"	"True"	"False"	"D:\github\ron-english-sketches-grins\images\Sketches\grins2\Garfield Grin ORIGINAL.jpg"	"False"	"2026-05-07 17:49:07"
"George Jetson Grin B&W.jpg"	"0.322"	"D:\github\ron-english-sketches-grins\images\Sketches\grins\George Jetson Grin B&W.jpg"	"True"	"False"	"D:\github\ron-english-sketches-grins\images\Sketches\grins2\George Jetson Grin B&W.jpg"	"False"	"2026-05-08 06:36:59"
"George Jetson Grin COLOR.jpg"	"0.336"	"D:\github\ron-english-sketches-grins\images\Sketches\grins\George Jetson Grin COLOR.jpg"	"True"	"False"	"D:\github\ron-english-sketches-grins\images\Sketches\grins2\George Jetson Grin COLOR.jpg"	"False"	"2026-05-08 06:36:59"
"George Jetson Grin ORIGINAL.jpg"	"0.257"	"D:\github\ron-english-sketches-grins\images\Sketches\grins\George Jetson Grin ORIGINAL.jpg"	"True"	"False"	"D:\github\ron-english-sketches-grins\images\Sketches\grins2\George Jetson Grin ORIGINAL.jpg"	"False"	"2026-05-07 17:49:08"
"Ghostbuster Grin ORIGINAL.jpg"	"0.246"	"D:\github\ron-english-sketches-grins\images\Sketches\grins\Ghostbuster Grin ORIGINAL.jpg"	"True"	"False"	"D:\github\ron-english-sketches-grins\images\Sketches\grins2\Ghostbuster Grin ORIGINAL.jpg"	"False"	"2026-05-07 17:49:09"
"Globe Grin ORIGINAL COLOR.jpg"	"0.09"	"D:\github\ron-english-sketches-grins\images\Sketches\grins\Globe Grin ORIGINAL COLOR.jpg"	"True"	"False"	"D:\github\ron-english-sketches-grins\images\Sketches\grins2\Globe Grin ORIGINAL COLOR.jpg"	"False"	"2026-05-08 06:12:29"
"Godzilla Heart Grin B&W.jpg"	"0.392"	"D:\github\ron-english-sketches-grins\images\Sketches\grins\Godzilla Heart Grin B&W.jpg"	"True"	"False"	"D:\github\ron-english-sketches-grins\images\Sketches\grins2\Godzilla Heart Grin B&W.jpg"	"False"	"2026-05-08 06:52:45"
"Godzilla Heart Grin COLOR.jpg"	"0.298"	"D:\github\ron-english-sketches-grins\images\Sketches\grins\Godzilla Heart Grin COLOR.jpg"	"True"	"False"	"D:\github\ron-english-sketches-grins\images\Sketches\grins2\Godzilla Heart Grin COLOR.jpg"	"False"	"2026-05-07 17:49:11"
"Godzilla Heart Grin ORIGINAL.jpg"	"0.291"	"D:\github\ron-english-sketches-grins\images\Sketches\grins\Godzilla Heart Grin ORIGINAL.jpg"	"True"	"False"	"D:\github\ron-english-sketches-grins\images\Sketches\grins2\Godzilla Heart Grin ORIGINAL.jpg"	"False"	"2026-05-07 17:49:12"
"Gorilla Grin 2 back B&W.jpg"	"0.362"	"D:\github\ron-english-sketches-grins\images\Sketches\grins\Gorilla Grin 2 back B&W.jpg"	"True"	"False"	"D:\github\ron-english-sketches-grins\images\Sketches\grins2\Gorilla Grin 2 back B&W.jpg"	"False"	"2026-05-08 06:52:45"
"Gorilla Grin 2 back COLOR.jpg"	"0.125"	"D:\github\ron-english-sketches-grins\images\Sketches\grins\Gorilla Grin 2 back COLOR.jpg"	"True"	"False"	"D:\github\ron-english-sketches-grins\images\Sketches\grins2\Gorilla Grin 2 back COLOR.jpg"	"False"	"2026-05-07 17:49:14"
"Gorilla Grin 2 back ORIGINAL.jpg"	"0.153"	"D:\github\ron-english-sketches-grins\images\Sketches\grins\Gorilla Grin 2 back ORIGINAL.jpg"	"True"	"False"	"D:\github\ron-english-sketches-grins\images\Sketches\grins2\Gorilla Grin 2 back ORIGINAL.jpg"	"False"	"2026-05-07 17:49:15"
"Gorilla Grin 2 Front B&W.jpg"	"0.336"	"D:\github\ron-english-sketches-grins\images\Sketches\grins\Gorilla Grin 2 Front B&W.jpg"	"True"	"False"	"D:\github\ron-english-sketches-grins\images\Sketches\grins2\Gorilla Grin 2 Front B&W.jpg"	"False"	"2026-05-08 06:52:45"
"Gorilla Grin 2 Front COLOR.jpg"	"0.197"	"D:\github\ron-english-sketches-grins\images\Sketches\grins\Gorilla Grin 2 Front COLOR.jpg"	"True"	"False"	"D:\github\ron-english-sketches-grins\images\Sketches\grins2\Gorilla Grin 2 Front COLOR.jpg"	"False"	"2026-05-07 17:49:16"
"Gorilla Grin 2 side B&W.jpg"	"0.171"	"D:\github\ron-english-sketches-grins\images\Sketches\grins\Gorilla Grin 2 side B&W.jpg"	"True"	"False"	"D:\github\ron-english-sketches-grins\images\Sketches\grins2\Gorilla Grin 2 side B&W.jpg"	"False"	"2026-05-07 17:49:18"
"Gorilla Grin 2 side COLOR.jpg"	"0.309"	"D:\github\ron-english-sketches-grins\images\Sketches\grins\Gorilla Grin 2 side COLOR.jpg"	"True"	"False"	"D:\github\ron-english-sketches-grins\images\Sketches\grins2\Gorilla Grin 2 side COLOR.jpg"	"False"	"2026-05-08 06:36:52"
"Gorilla Grin 2 side ORIGINAL.jpg"	"0.195"	"D:\github\ron-english-sketches-grins\images\Sketches\grins\Gorilla Grin 2 side ORIGINAL.jpg"	"True"	"False"	"D:\github\ron-english-sketches-grins\images\Sketches\grins2\Gorilla Grin 2 side ORIGINAL.jpg"	"False"	"2026-05-07 17:49:19"
"Gorilla grin card.png"	"0.217"	"D:\github\ron-english-sketches-grins\images\Sketches\grins\Gorilla grin card.png"	"True"	"False"	"D:\github\ron-english-sketches-grins\images\Sketches\grins2\Gorilla grin card.png"	"False"	"2026-03-21 07:26:55"
"Gorilla Grin COLOR.jpg"	"0.35"	"D:\github\ron-english-sketches-grins\images\Sketches\grins\Gorilla Grin COLOR.jpg"	"True"	"False"	"D:\github\ron-english-sketches-grins\images\Sketches\grins2\Gorilla Grin COLOR.jpg"	"False"	"2026-05-08 06:52:54"
"Gorilla Grin ORIGINAL COLOR 1.jpg"	"0.035"	"D:\github\ron-english-sketches-grins\images\Sketches\grins\Gorilla Grin ORIGINAL COLOR 1.jpg"	"True"	"False"	"D:\github\ron-english-sketches-grins\images\Sketches\grins2\Gorilla Grin ORIGINAL COLOR 1.jpg"	"False"	"2026-05-07 18:56:43"
"Grim Grin (Grin Reaper) B&W.jpg"	"0.371"	"D:\github\ron-english-sketches-grins\images\Sketches\grins\Grim Grin (Grin Reaper) B&W.jpg"	"True"	"False"	"D:\github\ron-english-sketches-grins\images\Sketches\grins2\Grim Grin (Grin Reaper) B&W.jpg"	"False"	"2026-05-08 06:52:54"
"Grim Grin (Grin Reaper) COLOR.jpg"	"0.278"	"D:\github\ron-english-sketches-grins\images\Sketches\grins\Grim Grin (Grin Reaper) COLOR.jpg"	"True"	"False"	"D:\github\ron-english-sketches-grins\images\Sketches\grins2\Grim Grin (Grin Reaper) COLOR.jpg"	"False"	"2026-05-08 06:36:39"
"Grim Grin (Grin Reaper) ORIGINAL.jpg"	"0.205"	"D:\github\ron-english-sketches-grins\images\Sketches\grins\Grim Grin (Grin Reaper) ORIGINAL.jpg"	"True"	"False"	"D:\github\ron-english-sketches-grins\images\Sketches\grins2\Grim Grin (Grin Reaper) ORIGINAL.jpg"	"False"	"2026-05-07 17:49:21"
"Grim Grin ORIGINAL COLOR.jpg"	"0.091"	"D:\github\ron-english-sketches-grins\images\Sketches\grins\Grim Grin ORIGINAL COLOR.jpg"	"True"	"False"	"D:\github\ron-english-sketches-grins\images\Sketches\grins2\Grim Grin ORIGINAL COLOR.jpg"	"False"	"2026-05-07 18:46:44"
"Grim Reaper Grin B&W.jpg"	"0.154"	"D:\github\ron-english-sketches-grins\images\Sketches\grins\Grim Reaper Grin B&W.jpg"	"True"	"False"	"D:\github\ron-english-sketches-grins\images\Sketches\grins2\Grim Reaper Grin B&W.jpg"	"False"	"2026-05-07 17:49:23"
"Grim Reaper Grin card.jpg"	"0.14"	"D:\github\ron-english-sketches-grins\images\Sketches\grins\Grim Reaper Grin card.jpg"	"True"	"False"	"D:\github\ron-english-sketches-grins\images\Sketches\grins2\Grim Reaper Grin card.jpg"	"False"	"2026-03-21 07:28:07"
"Grim Reaper Grin COLOR.jpg"	"0.212"	"D:\github\ron-english-sketches-grins\images\Sketches\grins\Grim Reaper Grin COLOR.jpg"	"True"	"False"	"D:\github\ron-english-sketches-grins\images\Sketches\grins2\Grim Reaper Grin COLOR.jpg"	"False"	"2026-05-07 17:49:24"
"Grim Reaper Grin ORIGINAL 2.jpg"	"0.177"	"D:\github\ron-english-sketches-grins\images\Sketches\grins\Grim Reaper Grin ORIGINAL 2.jpg"	"True"	"False"	"D:\github\ron-english-sketches-grins\images\Sketches\grins2\Grim Reaper Grin ORIGINAL 2.jpg"	"False"	"2026-05-07 17:49:25"
"Grim Reaper Grin ORIGINAL.jpg"	"0.225"	"D:\github\ron-english-sketches-grins\images\Sketches\grins\Grim Reaper Grin ORIGINAL.jpg"	"True"	"False"	"D:\github\ron-english-sketches-grins\images\Sketches\grins2\Grim Reaper Grin ORIGINAL.jpg"	"False"	"2026-05-07 17:49:26"
"Grim Reefer B&W.jpg"	"0.18"	"D:\github\ron-english-sketches-grins\images\Sketches\grins\Grim Reefer B&W.jpg"	"True"	"False"	"D:\github\ron-english-sketches-grins\images\Sketches\grins2\Grim Reefer B&W.jpg"	"False"	"2026-05-07 17:49:28"
"Grim Reefer COLOR.jpg"	"0.314"	"D:\github\ron-english-sketches-grins\images\Sketches\grins\Grim Reefer COLOR.jpg"	"True"	"False"	"D:\github\ron-english-sketches-grins\images\Sketches\grins2\Grim Reefer COLOR.jpg"	"False"	"2026-05-08 06:36:38"
"Grin animation back B&W.jpg"	"0.268"	"D:\github\ron-english-sketches-grins\images\Sketches\grins\Grin animation back B&W.jpg"	"True"	"False"	"D:\github\ron-english-sketches-grins\images\Sketches\grins2\Grin animation back B&W.jpg"	"False"	"2026-05-08 06:36:45"
"Grin animation back COLOR.jpg"	"0.439"	"D:\github\ron-english-sketches-grins\images\Sketches\grins\Grin animation back COLOR.jpg"	"True"	"False"	"D:\github\ron-english-sketches-grins\images\Sketches\grins2\Grin animation back COLOR.jpg"	"False"	"2026-05-08 06:52:54"
"Grin animation back ORIGINAL.jpg"	"0.082"	"D:\github\ron-english-sketches-grins\images\Sketches\grins\Grin animation back ORIGINAL.jpg"	"True"	"False"	"D:\github\ron-english-sketches-grins\images\Sketches\grins2\Grin animation back ORIGINAL.jpg"	"False"	"2026-05-07 17:49:29"
"Grin Animation front B&W (1).jpg"	"0.153"	"D:\github\ron-english-sketches-grins\images\Sketches\grins\Grin Animation front B&W (1).jpg"	"True"	"False"	"D:\github\ron-english-sketches-grins\images\Sketches\grins2\Grin Animation front B&W (1).jpg"	"False"	"2026-05-07 17:49:31"
"Grin animation front B&W.jpg"	"0.153"	"D:\github\ron-english-sketches-grins\images\Sketches\grins\Grin animation front B&W.jpg"	"True"	"False"	"D:\github\ron-english-sketches-grins\images\Sketches\grins2\Grin animation front B&W.jpg"	"False"	"2026-05-07 17:49:32"
"Grin animation front COLOR.jpg"	"0.213"	"D:\github\ron-english-sketches-grins\images\Sketches\grins\Grin animation front COLOR.jpg"	"True"	"False"	"D:\github\ron-english-sketches-grins\images\Sketches\grins2\Grin animation front COLOR.jpg"	"False"	"2026-05-07 17:49:34"
"Grin animation front ORIGINAL.jpg"	"0.158"	"D:\github\ron-english-sketches-grins\images\Sketches\grins\Grin animation front ORIGINAL.jpg"	"True"	"False"	"D:\github\ron-english-sketches-grins\images\Sketches\grins2\Grin animation front ORIGINAL.jpg"	"False"	"2026-05-07 17:49:35"
"Grin Animation side B&W (1).jpg"	"0.124"	"D:\github\ron-english-sketches-grins\images\Sketches\grins\Grin Animation side B&W (1).jpg"	"True"	"False"	"D:\github\ron-english-sketches-grins\images\Sketches\grins2\Grin Animation side B&W (1).jpg"	"False"	"2026-05-07 17:49:36"
"Grin animation side B&W.jpg"	"0.136"	"D:\github\ron-english-sketches-grins\images\Sketches\grins\Grin animation side B&W.jpg"	"True"	"False"	"D:\github\ron-english-sketches-grins\images\Sketches\grins2\Grin animation side B&W.jpg"	"False"	"2026-05-07 17:49:37"
"Grin animation side COLOR.jpg"	"0.179"	"D:\github\ron-english-sketches-grins\images\Sketches\grins\Grin animation side COLOR.jpg"	"True"	"False"	"D:\github\ron-english-sketches-grins\images\Sketches\grins2\Grin animation side COLOR.jpg"	"False"	"2026-05-07 17:49:39"
"Grin animation side ORIGINAL.jpg"	"0.136"	"D:\github\ron-english-sketches-grins\images\Sketches\grins\Grin animation side ORIGINAL.jpg"	"True"	"False"	"D:\github\ron-english-sketches-grins\images\Sketches\grins2\Grin animation side ORIGINAL.jpg"	"False"	"2026-05-07 17:49:40"
"Grin B&W.jpg"	"0.372"	"D:\github\ron-english-sketches-grins\images\Sketches\grins\Grin B&W.jpg"	"True"	"False"	"D:\github\ron-english-sketches-grins\images\Sketches\grins2\Grin B&W.jpg"	"False"	"2026-05-08 06:53:03"
"Grin Baby B&W.jpg"	"0.194"	"D:\github\ron-english-sketches-grins\images\Sketches\grins\Grin Baby B&W.jpg"	"True"	"False"	"D:\github\ron-english-sketches-grins\images\Sketches\grins2\Grin Baby B&W.jpg"	"False"	"2026-05-07 17:49:41"
"Grin Baby COLOR.jpg"	"0.269"	"D:\github\ron-english-sketches-grins\images\Sketches\grins\Grin Baby COLOR.jpg"	"True"	"False"	"D:\github\ron-english-sketches-grins\images\Sketches\grins2\Grin Baby COLOR.jpg"	"False"	"2026-05-07 17:49:43"
"Grin Baby ORIGINAL COLOR.jpg"	"0.099"	"D:\github\ron-english-sketches-grins\images\Sketches\grins\Grin Baby ORIGINAL COLOR.jpg"	"True"	"False"	"D:\github\ron-english-sketches-grins\images\Sketches\grins2\Grin Baby ORIGINAL COLOR.jpg"	"False"	"2026-05-07 18:46:44"
"Grin Baby ORIGINAL.jpg"	"0.468"	"D:\github\ron-english-sketches-grins\images\Sketches\grins\Grin Baby ORIGINAL.jpg"	"True"	"False"	"D:\github\ron-english-sketches-grins\images\Sketches\grins2\Grin Baby ORIGINAL.jpg"	"False"	"2026-03-21 07:20:42"
"Grin Brain Cone B&W.jpg"	"0.506"	"D:\github\ron-english-sketches-grins\images\Sketches\grins\Grin Brain Cone B&W.jpg"	"True"	"False"	"D:\github\ron-english-sketches-grins\images\Sketches\grins2\Grin Brain Cone B&W.jpg"	"False"	"2026-05-08 06:52:45"
"Grin Brain Cone COLOR.jpg"	"0.233"	"D:\github\ron-english-sketches-grins\images\Sketches\grins\Grin Brain Cone COLOR.jpg"	"True"	"False"	"D:\github\ron-english-sketches-grins\images\Sketches\grins2\Grin Brain Cone COLOR.jpg"	"False"	"2026-05-07 17:49:46"
"Grin Brain Cone ORIGINAL.jpg"	"0.152"	"D:\github\ron-english-sketches-grins\images\Sketches\grins\Grin Brain Cone ORIGINAL.jpg"	"True"	"False"	"D:\github\ron-english-sketches-grins\images\Sketches\grins2\Grin Brain Cone ORIGINAL.jpg"	"False"	"2026-05-07 17:49:47"
"Grin Bunny Ears B&W.jpg"	"0.151"	"D:\github\ron-english-sketches-grins\images\Sketches\grins\Grin Bunny Ears B&W.jpg"	"True"	"False"	"D:\github\ron-english-sketches-grins\images\Sketches\grins2\Grin Bunny Ears B&W.jpg"	"False"	"2026-05-07 17:49:49"
"Grin Bunny Ears COLOR.jpg"	"0.222"	"D:\github\ron-english-sketches-grins\images\Sketches\grins\Grin Bunny Ears COLOR.jpg"	"True"	"False"	"D:\github\ron-english-sketches-grins\images\Sketches\grins2\Grin Bunny Ears COLOR.jpg"	"False"	"2026-05-07 17:49:51"
"Grin Bunny Three Ears COLOR.jpg"	"0.394"	"D:\github\ron-english-sketches-grins\images\Sketches\grins\Grin Bunny Three Ears COLOR.jpg"	"True"	"False"	"D:\github\ron-english-sketches-grins\images\Sketches\grins2\Grin Bunny Three Ears COLOR.jpg"	"False"	"2026-05-08 06:52:45"
"Grin Bunny Three Ears ORIGINAL.jpg"	"0.218"	"D:\github\ron-english-sketches-grins\images\Sketches\grins\Grin Bunny Three Ears ORIGINAL.jpg"	"True"	"False"	"D:\github\ron-english-sketches-grins\images\Sketches\grins2\Grin Bunny Three Ears ORIGINAL.jpg"	"False"	"2026-05-07 17:49:52"
"Grin Bunny Two Ears ORIGINAL.jpg"	"0.206"	"D:\github\ron-english-sketches-grins\images\Sketches\grins\Grin Bunny Two Ears ORIGINAL.jpg"	"True"	"False"	"D:\github\ron-english-sketches-grins\images\Sketches\grins2\Grin Bunny Two Ears ORIGINAL.jpg"	"False"	"2026-05-07 17:49:53"
"Grin Car back B&W.jpg"	"0.447"	"D:\github\ron-english-sketches-grins\images\Sketches\grins\Grin Car back B&W.jpg"	"True"	"False"	"D:\github\ron-english-sketches-grins\images\Sketches\grins2\Grin Car back B&W.jpg"	"False"	"2026-05-08 06:52:45"
"Grin Car back color.jpg"	"0.237"	"D:\github\ron-english-sketches-grins\images\Sketches\grins\Grin Car back color.jpg"	"True"	"False"	"D:\github\ron-english-sketches-grins\images\Sketches\grins2\Grin Car back color.jpg"	"False"	"2026-05-07 17:49:54"
"Grin Car back ORIGINAL.jpg"	"0.317"	"D:\github\ron-english-sketches-grins\images\Sketches\grins\Grin Car back ORIGINAL.jpg"	"True"	"False"	"D:\github\ron-english-sketches-grins\images\Sketches\grins2\Grin Car back ORIGINAL.jpg"	"False"	"2026-05-07 17:49:55"
"Grin Car front B&W.jpg"	"0.229"	"D:\github\ron-english-sketches-grins\images\Sketches\grins\Grin Car front B&W.jpg"	"True"	"False"	"D:\github\ron-english-sketches-grins\images\Sketches\grins2\Grin Car front B&W.jpg"	"False"	"2026-05-07 17:49:57"
"Grin Car front COLOR.jpg"	"0.429"	"D:\github\ron-english-sketches-grins\images\Sketches\grins\Grin Car front COLOR.jpg"	"True"	"False"	"D:\github\ron-english-sketches-grins\images\Sketches\grins2\Grin Car front COLOR.jpg"	"False"	"2026-05-08 06:52:54"
"Grin Car front ORIGINAL.jpg"	"0.315"	"D:\github\ron-english-sketches-grins\images\Sketches\grins\Grin Car front ORIGINAL.jpg"	"True"	"False"	"D:\github\ron-english-sketches-grins\images\Sketches\grins2\Grin Car front ORIGINAL.jpg"	"False"	"2026-05-07 19:03:08"
"Grin Car side B&W.jpg"	"0.466"	"D:\github\ron-english-sketches-grins\images\Sketches\grins\Grin Car side B&W.jpg"	"True"	"False"	"D:\github\ron-english-sketches-grins\images\Sketches\grins2\Grin Car side B&W.jpg"	"False"	"2026-05-08 06:52:45"
"Grin Car side COLOR.jpg"	"0.204"	"D:\github\ron-english-sketches-grins\images\Sketches\grins\Grin Car side COLOR.jpg"	"True"	"False"	"D:\github\ron-english-sketches-grins\images\Sketches\grins2\Grin Car side COLOR.jpg"	"False"	"2026-05-07 17:49:59"
"Grin Car side ORIGINAL.jpg"	"0.171"	"D:\github\ron-english-sketches-grins\images\Sketches\grins\Grin Car side ORIGINAL.jpg"	"True"	"False"	"D:\github\ron-english-sketches-grins\images\Sketches\grins2\Grin Car side ORIGINAL.jpg"	"False"	"2026-05-07 17:50:01"
"Grin Car three quarters B&W.jpg"	"0.175"	"D:\github\ron-english-sketches-grins\images\Sketches\grins\Grin Car three quarters B&W.jpg"	"True"	"False"	"D:\github\ron-english-sketches-grins\images\Sketches\grins2\Grin Car three quarters B&W.jpg"	"False"	"2026-05-07 17:50:02"
"Grin Car three quarters COLOR.jpg"	"0.326"	"D:\github\ron-english-sketches-grins\images\Sketches\grins\Grin Car three quarters COLOR.jpg"	"True"	"False"	"D:\github\ron-english-sketches-grins\images\Sketches\grins2\Grin Car three quarters COLOR.jpg"	"False"	"2026-05-08 06:52:54"
"Grin Car three quarters ORIGINAL.jpg"	"0.201"	"D:\github\ron-english-sketches-grins\images\Sketches\grins\Grin Car three quarters ORIGINAL.jpg"	"True"	"False"	"D:\github\ron-english-sketches-grins\images\Sketches\grins2\Grin Car three quarters ORIGINAL.jpg"	"False"	"2026-05-07 17:50:03"
"Grin Flower B&W.jpg"	"0.325"	"D:\github\ron-english-sketches-grins\images\Sketches\grins\Grin Flower B&W.jpg"	"True"	"False"	"D:\github\ron-english-sketches-grins\images\Sketches\grins2\Grin Flower B&W.jpg"	"False"	"2026-05-08 06:52:54"
"Grin Flower COLOR.jpg"	"0.135"	"D:\github\ron-english-sketches-grins\images\Sketches\grins\Grin Flower COLOR.jpg"	"True"	"False"	"D:\github\ron-english-sketches-grins\images\Sketches\grins2\Grin Flower COLOR.jpg"	"False"	"2026-05-07 18:58:01"
"Grin Flower ORIGINAL.jpg"	"0.303"	"D:\github\ron-english-sketches-grins\images\Sketches\grins\Grin Flower ORIGINAL.jpg"	"True"	"False"	"D:\github\ron-english-sketches-grins\images\Sketches\grins2\Grin Flower ORIGINAL.jpg"	"False"	"2026-05-07 17:50:05"
"Grin God back B&W.jpg"	"0.343"	"D:\github\ron-english-sketches-grins\images\Sketches\grins\Grin God back B&W.jpg"	"True"	"False"	"D:\github\ron-english-sketches-grins\images\Sketches\grins2\Grin God back B&W.jpg"	"False"	"2026-05-08 06:52:45"
"Grin God back COLOR.jpg"	"0.306"	"D:\github\ron-english-sketches-grins\images\Sketches\grins\Grin God back COLOR.jpg"	"True"	"False"	"D:\github\ron-english-sketches-grins\images\Sketches\grins2\Grin God back COLOR.jpg"	"False"	"2026-05-08 06:53:03"
"Grin God back ORIGINAL.jpg"	"0.121"	"D:\github\ron-english-sketches-grins\images\Sketches\grins\Grin God back ORIGINAL.jpg"	"True"	"False"	"D:\github\ron-english-sketches-grins\images\Sketches\grins2\Grin God back ORIGINAL.jpg"	"False"	"2026-05-07 17:50:06"
"Grin God COLOR.jpg"	"0.264"	"D:\github\ron-english-sketches-grins\images\Sketches\grins\Grin God COLOR.jpg"	"True"	"False"	"D:\github\ron-english-sketches-grins\images\Sketches\grins2\Grin God COLOR.jpg"	"False"	"2026-05-08 06:36:52"
"Grin God left side B&W.jpg"	"0.207"	"D:\github\ron-english-sketches-grins\images\Sketches\grins\Grin God left side B&W.jpg"	"True"	"False"	"D:\github\ron-english-sketches-grins\images\Sketches\grins2\Grin God left side B&W.jpg"	"False"	"2026-05-07 17:50:07"
"Grin God left side COLOR.jpg"	"0.27"	"D:\github\ron-english-sketches-grins\images\Sketches\grins\Grin God left side COLOR.jpg"	"True"	"False"	"D:\github\ron-english-sketches-grins\images\Sketches\grins2\Grin God left side COLOR.jpg"	"False"	"2026-05-07 17:50:10"
"Grin God left side ORIGINAL.jpg"	"0.147"	"D:\github\ron-english-sketches-grins\images\Sketches\grins\Grin God left side ORIGINAL.jpg"	"True"	"False"	"D:\github\ron-english-sketches-grins\images\Sketches\grins2\Grin God left side ORIGINAL.jpg"	"False"	"2026-05-07 17:50:11"
"Grin God ORIGINAL COLOR 1.jpg"	"0.105"	"D:\github\ron-english-sketches-grins\images\Sketches\grins\Grin God ORIGINAL COLOR 1.jpg"	"True"	"False"	"D:\github\ron-english-sketches-grins\images\Sketches\grins2\Grin God ORIGINAL COLOR 1.jpg"	"False"	"2026-05-07 18:46:44"
"Grin God ORIGINAL COLOR 2.jpg"	"0.189"	"D:\github\ron-english-sketches-grins\images\Sketches\grins\Grin God ORIGINAL COLOR 2.jpg"	"True"	"False"	"D:\github\ron-english-sketches-grins\images\Sketches\grins2\Grin God ORIGINAL COLOR 2.jpg"	"False"	"2026-05-07 17:50:13"
"Grin God ORIGINAL.jpg"	"0.335"	"D:\github\ron-english-sketches-grins\images\Sketches\grins\Grin God ORIGINAL.jpg"	"True"	"False"	"D:\github\ron-english-sketches-grins\images\Sketches\grins2\Grin God ORIGINAL.jpg"	"False"	"2026-03-21 07:20:14"
"Grin God right side B&W.jpg"	"0.199"	"D:\github\ron-english-sketches-grins\images\Sketches\grins\Grin God right side B&W.jpg"	"True"	"False"	"D:\github\ron-english-sketches-grins\images\Sketches\grins2\Grin God right side B&W.jpg"	"False"	"2026-05-07 17:50:14"
"Grin God right side COLOR.jpg"	"0.266"	"D:\github\ron-english-sketches-grins\images\Sketches\grins\Grin God right side COLOR.jpg"	"True"	"False"	"D:\github\ron-english-sketches-grins\images\Sketches\grins2\Grin God right side COLOR.jpg"	"False"	"2026-05-07 17:50:16"
"Grin God right side ORIGINAL.jpg"	"0.143"	"D:\github\ron-english-sketches-grins\images\Sketches\grins\Grin God right side ORIGINAL.jpg"	"True"	"False"	"D:\github\ron-english-sketches-grins\images\Sketches\grins2\Grin God right side ORIGINAL.jpg"	"False"	"2026-05-07 17:50:17"
"Grin Kitty B&W.jpg"	"0.215"	"D:\github\ron-english-sketches-grins\images\Sketches\grins\Grin Kitty B&W.jpg"	"True"	"False"	"D:\github\ron-english-sketches-grins\images\Sketches\grins2\Grin Kitty B&W.jpg"	"False"	"2026-05-07 17:50:19"
"Grin Kitty ORIGINAL.jpg"	"0.355"	"D:\github\ron-english-sketches-grins\images\Sketches\grins\Grin Kitty ORIGINAL.jpg"	"True"	"False"	"D:\github\ron-english-sketches-grins\images\Sketches\grins2\Grin Kitty ORIGINAL.jpg"	"False"	"2026-05-07 09:55:56"
"Grin Mouth ORIGINAL.jpg"	"0.226"	"D:\github\ron-english-sketches-grins\images\Sketches\grins\Grin Mouth ORIGINAL.jpg"	"True"	"False"	"D:\github\ron-english-sketches-grins\images\Sketches\grins2\Grin Mouth ORIGINAL.jpg"	"False"	"2026-03-21 07:21:08"
"Grin Planet B&W.png"	"0.381"	"D:\github\ron-english-sketches-grins\images\Sketches\grins\Grin Planet B&W.png"	"True"	"False"	"D:\github\ron-english-sketches-grins\images\Sketches\grins2\Grin Planet B&W.png"	"False"	"2026-03-21 07:19:47"
"Grin Planet COLOR.jpg"	"0.295"	"D:\github\ron-english-sketches-grins\images\Sketches\grins\Grin Planet COLOR.jpg"	"True"	"False"	"D:\github\ron-english-sketches-grins\images\Sketches\grins2\Grin Planet COLOR.jpg"	"False"	"2026-05-08 06:09:39"
"Grin Reaper version 2 B&W.jpg"	"0.183"	"D:\github\ron-english-sketches-grins\images\Sketches\grins\Grin Reaper version 2 B&W.jpg"	"True"	"False"	"D:\github\ron-english-sketches-grins\images\Sketches\grins2\Grin Reaper version 2 B&W.jpg"	"False"	"2026-05-07 17:50:20"
"Grin Reaper version 2 COLOR.jpg"	"0.422"	"D:\github\ron-english-sketches-grins\images\Sketches\grins\Grin Reaper version 2 COLOR.jpg"	"True"	"False"	"D:\github\ron-english-sketches-grins\images\Sketches\grins2\Grin Reaper version 2 COLOR.jpg"	"False"	"2026-05-08 06:52:54"
"Grin Reaper With Facemask ORIGINAL COLOR 1.jpg"	"0.206"	"D:\github\ron-english-sketches-grins\images\Sketches\grins\Grin Reaper With Facemask ORIGINAL COLOR 1.jpg"	"True"	"False"	"D:\github\ron-english-sketches-grins\images\Sketches\grins2\Grin Reaper With Facemask ORIGINAL COLOR 1.jpg"	"False"	"2026-05-07 17:50:21"
"Grin Reaper With Facemask ORIGINAL COLOR 2.jpg"	"0.208"	"D:\github\ron-english-sketches-grins\images\Sketches\grins\Grin Reaper With Facemask ORIGINAL COLOR 2.jpg"	"True"	"False"	"D:\github\ron-english-sketches-grins\images\Sketches\grins2\Grin Reaper With Facemask ORIGINAL COLOR 2.jpg"	"False"	"2026-05-07 17:50:22"
"Grin Reaper With Facemask ORIGINAL COLOR 3.jpg"	"0.19"	"D:\github\ron-english-sketches-grins\images\Sketches\grins\Grin Reaper With Facemask ORIGINAL COLOR 3.jpg"	"True"	"False"	"D:\github\ron-english-sketches-grins\images\Sketches\grins2\Grin Reaper With Facemask ORIGINAL COLOR 3.jpg"	"False"	"2026-03-21 07:28:54"
"Grin Smoker B&W shaded.jpg"	"0.165"	"D:\github\ron-english-sketches-grins\images\Sketches\grins\Grin Smoker B&W shaded.jpg"	"True"	"False"	"D:\github\ron-english-sketches-grins\images\Sketches\grins2\Grin Smoker B&W shaded.jpg"	"False"	"2026-05-07 15:45:29"
"Grin Smoker COLOR.jpg"	"0.168"	"D:\github\ron-english-sketches-grins\images\Sketches\grins\Grin Smoker COLOR.jpg"	"True"	"False"	"D:\github\ron-english-sketches-grins\images\Sketches\grins2\Grin Smoker COLOR.jpg"	"False"	"2026-05-07 15:45:16"
"Grin Smoker copy.jpg"	"0.212"	"D:\github\ron-english-sketches-grins\images\Sketches\grins\Grin Smoker copy.jpg"	"True"	"False"	"D:\github\ron-english-sketches-grins\images\Sketches\grins2\Grin Smoker copy.jpg"	"False"	"2026-05-07 17:50:24"
"Grin Smoker Portrait ORIGINAL.jpg"	"0.126"	"D:\github\ron-english-sketches-grins\images\Sketches\grins\Grin Smoker Portrait ORIGINAL.jpg"	"True"	"False"	"D:\github\ron-english-sketches-grins\images\Sketches\grins2\Grin Smoker Portrait ORIGINAL.jpg"	"False"	"2026-05-07 15:44:29"
"Grinch Grin B&W.jpg"	"0.206"	"D:\github\ron-english-sketches-grins\images\Sketches\grins\Grinch Grin B&W.jpg"	"True"	"False"	"D:\github\ron-english-sketches-grins\images\Sketches\grins2\Grinch Grin B&W.jpg"	"False"	"2026-05-07 17:50:25"
"Grinch Grin COLOR.jpg"	"0.286"	"D:\github\ron-english-sketches-grins\images\Sketches\grins\Grinch Grin COLOR.jpg"	"True"	"False"	"D:\github\ron-english-sketches-grins\images\Sketches\grins2\Grinch Grin COLOR.jpg"	"False"	"2026-05-08 06:53:03"
"Grinch Grin ORIGINAL.jpg"	"0.19"	"D:\github\ron-english-sketches-grins\images\Sketches\grins\Grinch Grin ORIGINAL.jpg"	"True"	"False"	"D:\github\ron-english-sketches-grins\images\Sketches\grins2\Grinch Grin ORIGINAL.jpg"	"False"	"2026-05-07 17:50:26"
"grinne side view color.jpg"	"0.026"	"D:\github\ron-english-sketches-grins\images\Sketches\grins\grinne side view color.jpg"	"False"	"True"	"D:\github\ron-english-sketches-grins\images\Sketches\grins2\grinne side view color.jpg"	"False"	"2026-05-07 09:37:31"
"Grinnie and Friends Totem Pole ORIGINAL.jpg"	"0.186"	"D:\github\ron-english-sketches-grins\images\Sketches\grins\Grinnie and Friends Totem Pole ORIGINAL.jpg"	"True"	"False"	"D:\github\ron-english-sketches-grins\images\Sketches\grins2\Grinnie and Friends Totem Pole ORIGINAL.jpg"	"False"	"2026-05-07 17:50:28"
"grinnie back color.jpg"	"0.016"	"D:\github\ron-english-sketches-grins\images\Sketches\grins\grinnie back color.jpg"	"False"	"True"	"D:\github\ron-english-sketches-grins\images\Sketches\grins2\grinnie back color.jpg"	"False"	"2026-05-07 09:37:46"
"Grinnie COLOR.jpg"	"0.433"	"D:\github\ron-english-sketches-grins\images\Sketches\grins\Grinnie COLOR.jpg"	"True"	"False"	"D:\github\ron-english-sketches-grins\images\Sketches\grins2\Grinnie COLOR.jpg"	"False"	"2026-05-08 06:52:45"
"Grinnie Delusionville Pilot  COLOR.jpg"	"0.21"	"D:\github\ron-english-sketches-grins\images\Sketches\grins\Grinnie Delusionville Pilot  COLOR.jpg"	"True"	"False"	"D:\github\ron-english-sketches-grins\images\Sketches\grins2\Grinnie Delusionville Pilot  COLOR.jpg"	"False"	"2026-05-07 17:50:31"
"Grinnie Delusionville Pilot in plane front B&W.jpg"	"0.111"	"D:\github\ron-english-sketches-grins\images\Sketches\grins\Grinnie Delusionville Pilot in plane front B&W.jpg"	"True"	"False"	"D:\github\ron-english-sketches-grins\images\Sketches\grins2\Grinnie Delusionville Pilot in plane front B&W.jpg"	"False"	"2026-05-07 17:50:32"
"Grinnie Delusionville Pilot in plane front COLOR.jpg"	"0.159"	"D:\github\ron-english-sketches-grins\images\Sketches\grins\Grinnie Delusionville Pilot in plane front COLOR.jpg"	"True"	"False"	"D:\github\ron-english-sketches-grins\images\Sketches\grins2\Grinnie Delusionville Pilot in plane front COLOR.jpg"	"False"	"2026-05-07 17:50:34"
"Grinnie Delusionville Pilot in plane side B&W.jpg"	"0.389"	"D:\github\ron-english-sketches-grins\images\Sketches\grins\Grinnie Delusionville Pilot in plane side B&W.jpg"	"True"	"False"	"D:\github\ron-english-sketches-grins\images\Sketches\grins2\Grinnie Delusionville Pilot in plane side B&W.jpg"	"False"	"2026-05-08 06:52:45"
"Grinnie Delusionville Pilot in plane side COLOR.jpg"	"0.408"	"D:\github\ron-english-sketches-grins\images\Sketches\grins\Grinnie Delusionville Pilot in plane side COLOR.jpg"	"True"	"False"	"D:\github\ron-english-sketches-grins\images\Sketches\grins2\Grinnie Delusionville Pilot in plane side COLOR.jpg"	"False"	"2026-05-08 06:53:03"
"Grinnie Delusionville Pilot in plane three quarters B&W.png"	"0.071"	"D:\github\ron-english-sketches-grins\images\Sketches\grins\Grinnie Delusionville Pilot in plane three quarters B&W.png"	"True"	"False"	"D:\github\ron-english-sketches-grins\images\Sketches\grins2\Grinnie Delusionville Pilot in plane three quarters B&W.png"	"False"	"2026-05-08 07:04:40"
"Grinnie Delusionville Pilot side B&W.jpg"	"0.375"	"D:\github\ron-english-sketches-grins\images\Sketches\grins\Grinnie Delusionville Pilot side B&W.jpg"	"True"	"False"	"D:\github\ron-english-sketches-grins\images\Sketches\grins2\Grinnie Delusionville Pilot side B&W.jpg"	"False"	"2026-05-08 06:53:03"
"Grinnie Delusionville Pilot side COLOR.jpg"	"0.169"	"D:\github\ron-english-sketches-grins\images\Sketches\grins\Grinnie Delusionville Pilot side COLOR.jpg"	"True"	"False"	"D:\github\ron-english-sketches-grins\images\Sketches\grins2\Grinnie Delusionville Pilot side COLOR.jpg"	"False"	"2026-05-07 17:50:36"
"Grinnie Family Icon COLOR.jpg"	"0.182"	"D:\github\ron-english-sketches-grins\images\Sketches\grins\Grinnie Family Icon COLOR.jpg"	"True"	"False"	"D:\github\ron-english-sketches-grins\images\Sketches\grins2\Grinnie Family Icon COLOR.jpg"	"False"	"2026-05-08 06:36:23"
"grinnie front view color.jpg"	"0.032"	"D:\github\ron-english-sketches-grins\images\Sketches\grins\grinnie front view color.jpg"	"False"	"True"	"D:\github\ron-english-sketches-grins\images\Sketches\grins2\grinnie front view color.jpg"	"False"	"2026-05-07 09:37:14"
"Grinnie on Horseback ORIGINAL 2.jpg"	"0.229"	"D:\github\ron-english-sketches-grins\images\Sketches\grins\Grinnie on Horseback ORIGINAL 2.jpg"	"True"	"False"	"D:\github\ron-english-sketches-grins\images\Sketches\grins2\Grinnie on Horseback ORIGINAL 2.jpg"	"False"	"2026-05-07 17:50:38"
"Grinnie on Horseback ORIGINAL.jpg"	"0.17"	"D:\github\ron-english-sketches-grins\images\Sketches\grins\Grinnie on Horseback ORIGINAL.jpg"	"True"	"False"	"D:\github\ron-english-sketches-grins\images\Sketches\grins2\Grinnie on Horseback ORIGINAL.jpg"	"False"	"2026-05-07 17:50:43"
"Grinnie Side view COLOR.png"	"0.077"	"D:\github\ron-english-sketches-grins\images\Sketches\grins\Grinnie Side view COLOR.png"	"True"	"False"	"D:\github\ron-english-sketches-grins\images\Sketches\grins2\Grinnie Side view COLOR.png"	"False"	"2026-03-21 07:23:32"
"Grinnie Sideview Eyeball B&W.jpg"	"0.32"	"D:\github\ron-english-sketches-grins\images\Sketches\grins\Grinnie Sideview Eyeball B&W.jpg"	"True"	"False"	"D:\github\ron-english-sketches-grins\images\Sketches\grins2\Grinnie Sideview Eyeball B&W.jpg"	"False"	"2026-05-08 06:36:59"
"Grinnie Sideview Eyeball COLOR.jpg"	"0.459"	"D:\github\ron-english-sketches-grins\images\Sketches\grins\Grinnie Sideview Eyeball COLOR.jpg"	"True"	"False"	"D:\github\ron-english-sketches-grins\images\Sketches\grins2\Grinnie Sideview Eyeball COLOR.jpg"	"False"	"2026-05-08 06:53:03"
"Grinnie three quarters B&W.jpg"	"0.153"	"D:\github\ron-english-sketches-grins\images\Sketches\grins\Grinnie three quarters B&W.jpg"	"True"	"False"	"D:\github\ron-english-sketches-grins\images\Sketches\grins2\Grinnie three quarters B&W.jpg"	"False"	"2026-05-07 17:50:45"
"Grinnie three quarters COLOR.jpg"	"0.215"	"D:\github\ron-english-sketches-grins\images\Sketches\grins\Grinnie three quarters COLOR.jpg"	"True"	"False"	"D:\github\ron-english-sketches-grins\images\Sketches\grins2\Grinnie three quarters COLOR.jpg"	"False"	"2026-05-07 17:50:47"
"Grinnies Grin B&W.jpg"	"0.283"	"D:\github\ron-english-sketches-grins\images\Sketches\grins\Grinnies Grin B&W.jpg"	"True"	"False"	"D:\github\ron-english-sketches-grins\images\Sketches\grins2\Grinnies Grin B&W.jpg"	"False"	"2026-05-08 06:36:59"
"Grinnies Grin COLOR.jpg"	"0.23"	"D:\github\ron-english-sketches-grins\images\Sketches\grins\Grinnies Grin COLOR.jpg"	"True"	"False"	"D:\github\ron-english-sketches-grins\images\Sketches\grins2\Grinnies Grin COLOR.jpg"	"False"	"2026-05-07 17:50:50"
"grinnies grin face animation.jpg"	"0.176"	"D:\github\ron-english-sketches-grins\images\Sketches\grins\grinnies grin face animation.jpg"	"False"	"True"	"D:\github\ron-english-sketches-grins\images\Sketches\grins2\grinnies grin face animation.jpg"	"False"	"2026-05-07 17:50:51"
"Grinnies Grin ORIGINAL 2.jpg"	"0.344"	"D:\github\ron-english-sketches-grins\images\Sketches\grins\Grinnies Grin ORIGINAL 2.jpg"	"True"	"False"	"D:\github\ron-english-sketches-grins\images\Sketches\grins2\Grinnies Grin ORIGINAL 2.jpg"	"False"	"2026-05-07 17:50:52"
"Grinnies on TV B&W.jpg"	"0.227"	"D:\github\ron-english-sketches-grins\images\Sketches\grins\Grinnies on TV B&W.jpg"	"True"	"False"	"D:\github\ron-english-sketches-grins\images\Sketches\grins2\Grinnies on TV B&W.jpg"	"False"	"2026-05-07 17:50:53"
"Grinnies on TV COLOR.jpg"	"0.256"	"D:\github\ron-english-sketches-grins\images\Sketches\grins\Grinnies on TV COLOR.jpg"	"True"	"False"	"D:\github\ron-english-sketches-grins\images\Sketches\grins2\Grinnies on TV COLOR.jpg"	"False"	"2026-05-08 06:36:59"
"Grinnies on TV ORIGINAL.jpg"	"0.229"	"D:\github\ron-english-sketches-grins\images\Sketches\grins\Grinnies on TV ORIGINAL.jpg"	"True"	"False"	"D:\github\ron-english-sketches-grins\images\Sketches\grins2\Grinnies on TV ORIGINAL.jpg"	"False"	"2026-05-07 17:50:55"
"Grinnies Twins B&W.jpg"	"0.404"	"D:\github\ron-english-sketches-grins\images\Sketches\grins\Grinnies Twins B&W.jpg"	"True"	"False"	"D:\github\ron-english-sketches-grins\images\Sketches\grins2\Grinnies Twins B&W.jpg"	"False"	"2026-05-08 06:53:03"
"Grinnies Twins COLOR.jpg"	"0.287"	"D:\github\ron-english-sketches-grins\images\Sketches\grins\Grinnies Twins COLOR.jpg"	"True"	"False"	"D:\github\ron-english-sketches-grins\images\Sketches\grins2\Grinnies Twins COLOR.jpg"	"False"	"2026-05-07 17:50:58"
"Grinnies Twins ORIGINAL.jpg"	"0.202"	"D:\github\ron-english-sketches-grins\images\Sketches\grins\Grinnies Twins ORIGINAL.jpg"	"True"	"False"	"D:\github\ron-english-sketches-grins\images\Sketches\grins2\Grinnies Twins ORIGINAL.jpg"	"False"	"2026-05-07 17:50:59"
"Grinplanet Nobody COLOR.jpg"	"0.052"	"D:\github\ron-english-sketches-grins\images\Sketches\grins\Grinplanet Nobody COLOR.jpg"	"True"	"False"	"D:\github\ron-english-sketches-grins\images\Sketches\grins2\Grinplanet Nobody COLOR.jpg"	"False"	"2026-05-07 18:49:49"
"Grogu Grin B&W.jpg"	"0.268"	"D:\github\ron-english-sketches-grins\images\Sketches\grins\Grogu Grin B&W.jpg"	"True"	"False"	"D:\github\ron-english-sketches-grins\images\Sketches\grins2\Grogu Grin B&W.jpg"	"False"	"2026-05-08 06:53:03"
"Grogu Grin COLOR.jpg"	"0.054"	"D:\github\ron-english-sketches-grins\images\Sketches\grins\Grogu Grin COLOR.jpg"	"True"	"False"	"D:\github\ron-english-sketches-grins\images\Sketches\grins2\Grogu Grin COLOR.jpg"	"False"	"2026-05-08 07:05:44"
"Grouch Grin B&W.jpg"	"0.482"	"D:\github\ron-english-sketches-grins\images\Sketches\grins\Grouch Grin B&W.jpg"	"True"	"False"	"D:\github\ron-english-sketches-grins\images\Sketches\grins2\Grouch Grin B&W.jpg"	"False"	"2026-05-08 06:52:54"
"Grouch Grin COLOR.jpg"	"0.383"	"D:\github\ron-english-sketches-grins\images\Sketches\grins\Grouch Grin COLOR.jpg"	"True"	"False"	"D:\github\ron-english-sketches-grins\images\Sketches\grins2\Grouch Grin COLOR.jpg"	"False"	"2026-05-08 06:52:45"
"Grouch Grin ORIGINAL.jpg"	"0.308"	"D:\github\ron-english-sketches-grins\images\Sketches\grins\Grouch Grin ORIGINAL.jpg"	"True"	"False"	"D:\github\ron-english-sketches-grins\images\Sketches\grins2\Grouch Grin ORIGINAL.jpg"	"False"	"2026-05-07 17:51:01"
"Gummy Bear Grin B&W.jpg"	"0.339"	"D:\github\ron-english-sketches-grins\images\Sketches\grins\Gummy Bear Grin B&W.jpg"	"True"	"False"	"D:\github\ron-english-sketches-grins\images\Sketches\grins2\Gummy Bear Grin B&W.jpg"	"False"	"2026-05-08 06:36:52"
"Gummy Bear Grin COLOR.jpg"	"0.533"	"D:\github\ron-english-sketches-grins\images\Sketches\grins\Gummy Bear Grin COLOR.jpg"	"True"	"False"	"D:\github\ron-english-sketches-grins\images\Sketches\grins2\Gummy Bear Grin COLOR.jpg"	"False"	"2026-05-08 06:53:03"
"Gummy Bear Grin ORIGINAL.jpg"	"0.244"	"D:\github\ron-english-sketches-grins\images\Sketches\grins\Gummy Bear Grin ORIGINAL.jpg"	"True"	"False"	"D:\github\ron-english-sketches-grins\images\Sketches\grins2\Gummy Bear Grin ORIGINAL.jpg"	"False"	"2026-05-07 17:51:02"
"Hawaiian Punch Grin B&W.jpg"	"0.421"	"D:\github\ron-english-sketches-grins\images\Sketches\grins\Hawaiian Punch Grin B&W.jpg"	"True"	"False"	"D:\github\ron-english-sketches-grins\images\Sketches\grins2\Hawaiian Punch Grin B&W.jpg"	"False"	"2026-05-08 06:52:54"
"Hawaiian Punch Grin COLOR.jpg"	"0.441"	"D:\github\ron-english-sketches-grins\images\Sketches\grins\Hawaiian Punch Grin COLOR.jpg"	"True"	"False"	"D:\github\ron-english-sketches-grins\images\Sketches\grins2\Hawaiian Punch Grin COLOR.jpg"	"False"	"2026-05-08 06:52:54"
"Hawaiian Punch Grin ORIGINAL.jpg"	"0.313"	"D:\github\ron-english-sketches-grins\images\Sketches\grins\Hawaiian Punch Grin ORIGINAL.jpg"	"True"	"False"	"D:\github\ron-english-sketches-grins\images\Sketches\grins2\Hawaiian Punch Grin ORIGINAL.jpg"	"False"	"2026-05-07 17:51:03"
"Hello Kitty Grin B&W.jpg"	"0.306"	"D:\github\ron-english-sketches-grins\images\Sketches\grins\Hello Kitty Grin B&W.jpg"	"True"	"False"	"D:\github\ron-english-sketches-grins\images\Sketches\grins2\Hello Kitty Grin B&W.jpg"	"False"	"2026-05-08 06:36:52"
"Hello Kitty Grin COLOR.jpg"	"0.471"	"D:\github\ron-english-sketches-grins\images\Sketches\grins\Hello Kitty Grin COLOR.jpg"	"True"	"False"	"D:\github\ron-english-sketches-grins\images\Sketches\grins2\Hello Kitty Grin COLOR.jpg"	"False"	"2026-05-08 06:53:03"
"Hello Kitty Grin left side B&W.jpg"	"0.123"	"D:\github\ron-english-sketches-grins\images\Sketches\grins\Hello Kitty Grin left side B&W.jpg"	"True"	"False"	"D:\github\ron-english-sketches-grins\images\Sketches\grins2\Hello Kitty Grin left side B&W.jpg"	"False"	"2026-05-07 17:51:06"
"Hello Kitty Grin left side COLOR.jpg"	"0.404"	"D:\github\ron-english-sketches-grins\images\Sketches\grins\Hello Kitty Grin left side COLOR.jpg"	"True"	"False"	"D:\github\ron-english-sketches-grins\images\Sketches\grins2\Hello Kitty Grin left side COLOR.jpg"	"False"	"2026-05-08 06:53:03"
"Hello Kitty Grin left side ORIGINAL.jpg"	"0.171"	"D:\github\ron-english-sketches-grins\images\Sketches\grins\Hello Kitty Grin left side ORIGINAL.jpg"	"True"	"False"	"D:\github\ron-english-sketches-grins\images\Sketches\grins2\Hello Kitty Grin left side ORIGINAL.jpg"	"False"	"2026-05-07 17:51:07"
"Hello Kitty Grin ORIGINAL 2.jpg"	"0.261"	"D:\github\ron-english-sketches-grins\images\Sketches\grins\Hello Kitty Grin ORIGINAL 2.jpg"	"True"	"False"	"D:\github\ron-english-sketches-grins\images\Sketches\grins2\Hello Kitty Grin ORIGINAL 2.jpg"	"False"	"2026-05-07 17:51:08"
"Hello Kitty Grin ORIGINAL.jpg"	"0.234"	"D:\github\ron-english-sketches-grins\images\Sketches\grins\Hello Kitty Grin ORIGINAL.jpg"	"True"	"False"	"D:\github\ron-english-sketches-grins\images\Sketches\grins2\Hello Kitty Grin ORIGINAL.jpg"	"False"	"2026-05-07 17:51:09"
"Hello Kitty Grin right side B&W.jpg"	"0.114"	"D:\github\ron-english-sketches-grins\images\Sketches\grins\Hello Kitty Grin right side B&W.jpg"	"True"	"False"	"D:\github\ron-english-sketches-grins\images\Sketches\grins2\Hello Kitty Grin right side B&W.jpg"	"False"	"2026-05-07 17:51:10"
"Hello Kitty Grin right side COLOR.jpg"	"0.373"	"D:\github\ron-english-sketches-grins\images\Sketches\grins\Hello Kitty Grin right side COLOR.jpg"	"True"	"False"	"D:\github\ron-english-sketches-grins\images\Sketches\grins2\Hello Kitty Grin right side COLOR.jpg"	"False"	"2026-05-08 06:53:03"
"Hello Kitty Grin right side ORIGINAL.jpg"	"0.175"	"D:\github\ron-english-sketches-grins\images\Sketches\grins\Hello Kitty Grin right side ORIGINAL.jpg"	"True"	"False"	"D:\github\ron-english-sketches-grins\images\Sketches\grins2\Hello Kitty Grin right side ORIGINAL.jpg"	"False"	"2026-05-07 17:51:11"
"Hello Kitty ORIGINAL COLOR.jpg"	"0.126"	"D:\github\ron-english-sketches-grins\images\Sketches\grins\Hello Kitty ORIGINAL COLOR.jpg"	"True"	"False"	"D:\github\ron-english-sketches-grins\images\Sketches\grins2\Hello Kitty ORIGINAL COLOR.jpg"	"False"	"2026-05-08 06:12:29"
"Homer Grin 3 back B&W.jpg"	"0.393"	"D:\github\ron-english-sketches-grins\images\Sketches\grins\Homer Grin 3 back B&W.jpg"	"True"	"False"	"D:\github\ron-english-sketches-grins\images\Sketches\grins2\Homer Grin 3 back B&W.jpg"	"False"	"2026-05-08 06:52:54"
"Homer Grin 3 back COLOR.jpg"	"0.42"	"D:\github\ron-english-sketches-grins\images\Sketches\grins\Homer Grin 3 back COLOR.jpg"	"True"	"False"	"D:\github\ron-english-sketches-grins\images\Sketches\grins2\Homer Grin 3 back COLOR.jpg"	"False"	"2026-05-08 06:52:54"
"Homer Grin 3 back ORIGINAL.jpg"	"0.149"	"D:\github\ron-english-sketches-grins\images\Sketches\grins\Homer Grin 3 back ORIGINAL.jpg"	"True"	"False"	"D:\github\ron-english-sketches-grins\images\Sketches\grins2\Homer Grin 3 back ORIGINAL.jpg"	"False"	"2026-05-07 17:51:13"
"Homer Grin 3 front B&W.jpg"	"0.135"	"D:\github\ron-english-sketches-grins\images\Sketches\grins\Homer Grin 3 front B&W.jpg"	"True"	"False"	"D:\github\ron-english-sketches-grins\images\Sketches\grins2\Homer Grin 3 front B&W.jpg"	"False"	"2026-05-07 17:51:14"
"Homer Grin 3 front COLOR.jpg"	"0.181"	"D:\github\ron-english-sketches-grins\images\Sketches\grins\Homer Grin 3 front COLOR.jpg"	"True"	"False"	"D:\github\ron-english-sketches-grins\images\Sketches\grins2\Homer Grin 3 front COLOR.jpg"	"False"	"2026-05-07 17:51:18"
"Homer Grin 3 front ORIGINAL.jpg"	"0.159"	"D:\github\ron-english-sketches-grins\images\Sketches\grins\Homer Grin 3 front ORIGINAL.jpg"	"True"	"False"	"D:\github\ron-english-sketches-grins\images\Sketches\grins2\Homer Grin 3 front ORIGINAL.jpg"	"False"	"2026-05-07 17:51:19"
"Homer Grin 3 left side B&W.jpg"	"0.284"	"D:\github\ron-english-sketches-grins\images\Sketches\grins\Homer Grin 3 left side B&W.jpg"	"True"	"False"	"D:\github\ron-english-sketches-grins\images\Sketches\grins2\Homer Grin 3 left side B&W.jpg"	"False"	"2026-05-08 06:36:45"
"Homer Grin 3 left side COLOR.jpg"	"0.3"	"D:\github\ron-english-sketches-grins\images\Sketches\grins\Homer Grin 3 left side COLOR.jpg"	"True"	"False"	"D:\github\ron-english-sketches-grins\images\Sketches\grins2\Homer Grin 3 left side COLOR.jpg"	"False"	"2026-05-08 06:36:45"
"Homer Grin 3 left side ORIGINAL.jpg"	"0.151"	"D:\github\ron-english-sketches-grins\images\Sketches\grins\Homer Grin 3 left side ORIGINAL.jpg"	"True"	"False"	"D:\github\ron-english-sketches-grins\images\Sketches\grins2\Homer Grin 3 left side ORIGINAL.jpg"	"False"	"2026-05-07 17:51:20"
"Homer Grin 3 right side B&W.jpg"	"0.283"	"D:\github\ron-english-sketches-grins\images\Sketches\grins\Homer Grin 3 right side B&W.jpg"	"True"	"False"	"D:\github\ron-english-sketches-grins\images\Sketches\grins2\Homer Grin 3 right side B&W.jpg"	"False"	"2026-05-08 06:36:45"
"Homer Grin 3 right side COLOR.jpg"	"0.299"	"D:\github\ron-english-sketches-grins\images\Sketches\grins\Homer Grin 3 right side COLOR.jpg"	"True"	"False"	"D:\github\ron-english-sketches-grins\images\Sketches\grins2\Homer Grin 3 right side COLOR.jpg"	"False"	"2026-05-08 06:36:45"
"Homer Grin 3 right side ORIGINAL.jpg"	"0.15"	"D:\github\ron-english-sketches-grins\images\Sketches\grins\Homer Grin 3 right side ORIGINAL.jpg"	"True"	"False"	"D:\github\ron-english-sketches-grins\images\Sketches\grins2\Homer Grin 3 right side ORIGINAL.jpg"	"False"	"2026-05-07 17:51:21"
"Homer Grin B&W.jpg"	"0.292"	"D:\github\ron-english-sketches-grins\images\Sketches\grins\Homer Grin B&W.jpg"	"True"	"False"	"D:\github\ron-english-sketches-grins\images\Sketches\grins2\Homer Grin B&W.jpg"	"False"	"2026-05-08 06:36:52"
"Homer Grin COLOR.jpg"	"0.511"	"D:\github\ron-english-sketches-grins\images\Sketches\grins\Homer Grin COLOR.jpg"	"True"	"False"	"D:\github\ron-english-sketches-grins\images\Sketches\grins2\Homer Grin COLOR.jpg"	"False"	"2026-05-08 06:53:03"
"Homer Grin Flying B&W.jpg"	"0.314"	"D:\github\ron-english-sketches-grins\images\Sketches\grins\Homer Grin Flying B&W.jpg"	"True"	"False"	"D:\github\ron-english-sketches-grins\images\Sketches\grins2\Homer Grin Flying B&W.jpg"	"False"	"2026-05-08 06:36:59"
"Homer Grin Flying COLOR.jpg"	"0.469"	"D:\github\ron-english-sketches-grins\images\Sketches\grins\Homer Grin Flying COLOR.jpg"	"True"	"False"	"D:\github\ron-english-sketches-grins\images\Sketches\grins2\Homer Grin Flying COLOR.jpg"	"False"	"2026-05-08 06:53:03"
"Homer Grin Flying ORIGINAL.jpg"	"0.315"	"D:\github\ron-english-sketches-grins\images\Sketches\grins\Homer Grin Flying ORIGINAL.jpg"	"True"	"False"	"D:\github\ron-english-sketches-grins\images\Sketches\grins2\Homer Grin Flying ORIGINAL.jpg"	"False"	"2026-05-07 17:51:22"
"Homer Grin headshot B&W.jpg"	"0.335"	"D:\github\ron-english-sketches-grins\images\Sketches\grins\Homer Grin headshot B&W.jpg"	"True"	"False"	"D:\github\ron-english-sketches-grins\images\Sketches\grins2\Homer Grin headshot B&W.jpg"	"False"	"2026-05-08 06:36:59"
"Homer Grin headshot COLOR.jpg"	"0.213"	"D:\github\ron-english-sketches-grins\images\Sketches\grins\Homer Grin headshot COLOR.jpg"	"True"	"False"	"D:\github\ron-english-sketches-grins\images\Sketches\grins2\Homer Grin headshot COLOR.jpg"	"False"	"2026-05-07 17:51:25"
"Homer Grin headshot ORIGINAL.jpg"	"0.169"	"D:\github\ron-english-sketches-grins\images\Sketches\grins\Homer Grin headshot ORIGINAL.jpg"	"True"	"False"	"D:\github\ron-english-sketches-grins\images\Sketches\grins2\Homer Grin headshot ORIGINAL.jpg"	"False"	"2026-05-07 17:51:26"
"Homer Grin headshot side B&W.jpg"	"0.296"	"D:\github\ron-english-sketches-grins\images\Sketches\grins\Homer Grin headshot side B&W.jpg"	"True"	"False"	"D:\github\ron-english-sketches-grins\images\Sketches\grins2\Homer Grin headshot side B&W.jpg"	"False"	"2026-05-08 06:36:59"
"Homer Grin headshot side COLOR.jpg"	"0.212"	"D:\github\ron-english-sketches-grins\images\Sketches\grins\Homer Grin headshot side COLOR.jpg"	"True"	"False"	"D:\github\ron-english-sketches-grins\images\Sketches\grins2\Homer Grin headshot side COLOR.jpg"	"False"	"2026-05-07 17:51:28"
"Homer Grin headshot side ORIGINAL.jpg"	"0.17"	"D:\github\ron-english-sketches-grins\images\Sketches\grins\Homer Grin headshot side ORIGINAL.jpg"	"True"	"False"	"D:\github\ron-english-sketches-grins\images\Sketches\grins2\Homer Grin headshot side ORIGINAL.jpg"	"False"	"2026-05-07 17:51:29"
"Homer Grin ORIGINAL COLOR.png"	"0.083"	"D:\github\ron-english-sketches-grins\images\Sketches\grins\Homer Grin ORIGINAL COLOR.png"	"True"	"False"	"D:\github\ron-english-sketches-grins\images\Sketches\grins2\Homer Grin ORIGINAL COLOR.png"	"False"	"2026-03-21 07:24:37"
"Homer grin version 2 back B&W.jpg"	"0.373"	"D:\github\ron-english-sketches-grins\images\Sketches\grins\Homer grin version 2 back B&W.jpg"	"True"	"False"	"D:\github\ron-english-sketches-grins\images\Sketches\grins2\Homer grin version 2 back B&W.jpg"	"False"	"2026-05-08 06:52:45"
"Homer grin version 2 back COLOR.jpg"	"0.369"	"D:\github\ron-english-sketches-grins\images\Sketches\grins\Homer grin version 2 back COLOR.jpg"	"True"	"False"	"D:\github\ron-english-sketches-grins\images\Sketches\grins2\Homer grin version 2 back COLOR.jpg"	"False"	"2026-05-08 06:53:03"
"Homer grin version 2 back ORIGINAL.jpg"	"0.153"	"D:\github\ron-english-sketches-grins\images\Sketches\grins\Homer grin version 2 back ORIGINAL.jpg"	"True"	"False"	"D:\github\ron-english-sketches-grins\images\Sketches\grins2\Homer grin version 2 back ORIGINAL.jpg"	"False"	"2026-05-07 17:51:30"
"Homer Grin version 2 front B&W.jpg"	"0.12"	"D:\github\ron-english-sketches-grins\images\Sketches\grins\Homer Grin version 2 front B&W.jpg"	"True"	"False"	"D:\github\ron-english-sketches-grins\images\Sketches\grins2\Homer Grin version 2 front B&W.jpg"	"False"	"2026-05-07 17:51:32"
"Homer Grin version 2 front COLOR.jpg"	"0.174"	"D:\github\ron-english-sketches-grins\images\Sketches\grins\Homer Grin version 2 front COLOR.jpg"	"True"	"False"	"D:\github\ron-english-sketches-grins\images\Sketches\grins2\Homer Grin version 2 front COLOR.jpg"	"False"	"2026-05-07 17:51:35"
"Homer Grin version 2 front ORIGINAL.jpg"	"0.167"	"D:\github\ron-english-sketches-grins\images\Sketches\grins\Homer Grin version 2 front ORIGINAL.jpg"	"True"	"False"	"D:\github\ron-english-sketches-grins\images\Sketches\grins2\Homer Grin version 2 front ORIGINAL.jpg"	"False"	"2026-05-07 17:51:36"
"Homer Grin version 2 left side B&W.jpg"	"0.298"	"D:\github\ron-english-sketches-grins\images\Sketches\grins\Homer Grin version 2 left side B&W.jpg"	"True"	"False"	"D:\github\ron-english-sketches-grins\images\Sketches\grins2\Homer Grin version 2 left side B&W.jpg"	"False"	"2026-05-08 06:36:39"
"Homer Grin version 2 left side COLOR.jpg"	"0.321"	"D:\github\ron-english-sketches-grins\images\Sketches\grins\Homer Grin version 2 left side COLOR.jpg"	"True"	"False"	"D:\github\ron-english-sketches-grins\images\Sketches\grins2\Homer Grin version 2 left side COLOR.jpg"	"False"	"2026-05-08 06:36:39"
"Homer Grin version 2 left side ORIGINAL.jpg"	"0.127"	"D:\github\ron-english-sketches-grins\images\Sketches\grins\Homer Grin version 2 left side ORIGINAL.jpg"	"True"	"False"	"D:\github\ron-english-sketches-grins\images\Sketches\grins2\Homer Grin version 2 left side ORIGINAL.jpg"	"False"	"2026-05-07 17:51:37"
"Homer Grin version 2 right side B&W.jpg"	"0.314"	"D:\github\ron-english-sketches-grins\images\Sketches\grins\Homer Grin version 2 right side B&W.jpg"	"True"	"False"	"D:\github\ron-english-sketches-grins\images\Sketches\grins2\Homer Grin version 2 right side B&W.jpg"	"False"	"2026-05-08 06:36:39"
"Homer Grin version 2 right side COLOR.jpg"	"0.338"	"D:\github\ron-english-sketches-grins\images\Sketches\grins\Homer Grin version 2 right side COLOR.jpg"	"True"	"False"	"D:\github\ron-english-sketches-grins\images\Sketches\grins2\Homer Grin version 2 right side COLOR.jpg"	"False"	"2026-05-08 06:36:38"
"Homer Grin version 2 right side ORIGINAL.jpg"	"0.135"	"D:\github\ron-english-sketches-grins\images\Sketches\grins\Homer Grin version 2 right side ORIGINAL.jpg"	"True"	"False"	"D:\github\ron-english-sketches-grins\images\Sketches\grins2\Homer Grin version 2 right side ORIGINAL.jpg"	"False"	"2026-05-07 17:51:38"
"Honey Butts Grin B&W.jpg"	"0.18"	"D:\github\ron-english-sketches-grins\images\Sketches\grins\Honey Butts Grin B&W.jpg"	"True"	"False"	"D:\github\ron-english-sketches-grins\images\Sketches\grins2\Honey Butts Grin B&W.jpg"	"False"	"2026-05-07 17:51:39"
"Honey Butts Grin COLOR.jpg"	"0.475"	"D:\github\ron-english-sketches-grins\images\Sketches\grins\Honey Butts Grin COLOR.jpg"	"True"	"False"	"D:\github\ron-english-sketches-grins\images\Sketches\grins2\Honey Butts Grin COLOR.jpg"	"False"	"2026-05-08 06:52:54"
"Honey Butts Grin ORIGINAL.jpg"	"0.275"	"D:\github\ron-english-sketches-grins\images\Sketches\grins\Honey Butts Grin ORIGINAL.jpg"	"True"	"False"	"D:\github\ron-english-sketches-grins\images\Sketches\grins2\Honey Butts Grin ORIGINAL.jpg"	"False"	"2026-05-07 17:51:40"
"Hound Grin  COLOR.jpg"	"0.152"	"D:\github\ron-english-sketches-grins\images\Sketches\grins\Hound Grin  COLOR.jpg"	"True"	"False"	"D:\github\ron-english-sketches-grins\images\Sketches\grins2\Hound Grin  COLOR.jpg"	"False"	"2026-05-07 17:51:42"
"Hound Grin Face ORIGINAL.jpg"	"0.191"	"D:\github\ron-english-sketches-grins\images\Sketches\grins\Hound Grin Face ORIGINAL.jpg"	"True"	"False"	"D:\github\ron-english-sketches-grins\images\Sketches\grins2\Hound Grin Face ORIGINAL.jpg"	"False"	"2026-05-07 17:51:43"
"Hound Grin ORIGINAL.jpg"	"0.136"	"D:\github\ron-english-sketches-grins\images\Sketches\grins\Hound Grin ORIGINAL.jpg"	"True"	"False"	"D:\github\ron-english-sketches-grins\images\Sketches\grins2\Hound Grin ORIGINAL.jpg"	"False"	"2026-05-07 17:51:44"
"HR Puffenstuff Grin B&W.jpg"	"0.334"	"D:\github\ron-english-sketches-grins\images\Sketches\grins\HR Puffenstuff Grin B&W.jpg"	"True"	"False"	"D:\github\ron-english-sketches-grins\images\Sketches\grins2\HR Puffenstuff Grin B&W.jpg"	"False"	"2026-05-08 06:53:03"
"HR Puffenstuff Grin COLOR.jpg"	"0.334"	"D:\github\ron-english-sketches-grins\images\Sketches\grins\HR Puffenstuff Grin COLOR.jpg"	"True"	"False"	"D:\github\ron-english-sketches-grins\images\Sketches\grins2\HR Puffenstuff Grin COLOR.jpg"	"False"	"2026-05-07 17:51:46"
"HR Puffenstuff Grin ORIGINAL.jpg"	"0.312"	"D:\github\ron-english-sketches-grins\images\Sketches\grins\HR Puffenstuff Grin ORIGINAL.jpg"	"True"	"False"	"D:\github\ron-english-sketches-grins\images\Sketches\grins2\HR Puffenstuff Grin ORIGINAL.jpg"	"False"	"2026-05-07 17:51:47"
"Jake Grin ORIGINAL COLOR.jpg"	"0.132"	"D:\github\ron-english-sketches-grins\images\Sketches\grins\Jake Grin ORIGINAL COLOR.jpg"	"True"	"False"	"D:\github\ron-english-sketches-grins\images\Sketches\grins2\Jake Grin ORIGINAL COLOR.jpg"	"False"	"2026-05-08 06:12:29"
"Jake the Dog Grin B&W.jpg"	"0.31"	"D:\github\ron-english-sketches-grins\images\Sketches\grins\Jake the Dog Grin B&W.jpg"	"True"	"False"	"D:\github\ron-english-sketches-grins\images\Sketches\grins2\Jake the Dog Grin B&W.jpg"	"False"	"2026-05-08 06:36:59"
"Jake the Dog Grin COLOR.jpg"	"0.478"	"D:\github\ron-english-sketches-grins\images\Sketches\grins\Jake the Dog Grin COLOR.jpg"	"True"	"False"	"D:\github\ron-english-sketches-grins\images\Sketches\grins2\Jake the Dog Grin COLOR.jpg"	"False"	"2026-05-08 06:53:03"
"Jake the Dog Grin ORIGINAL.jpg"	"0.239"	"D:\github\ron-english-sketches-grins\images\Sketches\grins\Jake the Dog Grin ORIGINAL.jpg"	"True"	"False"	"D:\github\ron-english-sketches-grins\images\Sketches\grins2\Jake the Dog Grin ORIGINAL.jpg"	"False"	"2026-05-07 17:51:48"
"Jane Jetson Grin B&W.jpg"	"0.48"	"D:\github\ron-english-sketches-grins\images\Sketches\grins\Jane Jetson Grin B&W.jpg"	"True"	"False"	"D:\github\ron-english-sketches-grins\images\Sketches\grins2\Jane Jetson Grin B&W.jpg"	"False"	"2026-05-08 06:53:03"
"Jane Jetson Grin COLOR.jpg"	"0.285"	"D:\github\ron-english-sketches-grins\images\Sketches\grins\Jane Jetson Grin COLOR.jpg"	"True"	"False"	"D:\github\ron-english-sketches-grins\images\Sketches\grins2\Jane Jetson Grin COLOR.jpg"	"False"	"2026-05-08 06:12:28"
"Jane Jetson Grin ORIGINAL.jpg"	"0.208"	"D:\github\ron-english-sketches-grins\images\Sketches\grins\Jane Jetson Grin ORIGINAL.jpg"	"True"	"False"	"D:\github\ron-english-sketches-grins\images\Sketches\grins2\Jane Jetson Grin ORIGINAL.jpg"	"False"	"2026-05-07 18:49:49"
"Jeremiah Grin 1 ORIGINAL.jpg"	"0.299"	"D:\github\ron-english-sketches-grins\images\Sketches\grins\Jeremiah Grin 1 ORIGINAL.jpg"	"True"	"False"	"D:\github\ron-english-sketches-grins\images\Sketches\grins2\Jeremiah Grin 1 ORIGINAL.jpg"	"False"	"2026-05-07 17:51:51"
"Jeremiah Grin 2 ORIGINAL.jpg"	"0.224"	"D:\github\ron-english-sketches-grins\images\Sketches\grins\Jeremiah Grin 2 ORIGINAL.jpg"	"True"	"False"	"D:\github\ron-english-sketches-grins\images\Sketches\grins2\Jeremiah Grin 2 ORIGINAL.jpg"	"False"	"2026-05-07 17:51:52"
"Jeremiah Grin 3 ORIGINAL.jpg"	"0.233"	"D:\github\ron-english-sketches-grins\images\Sketches\grins\Jeremiah Grin 3 ORIGINAL.jpg"	"True"	"False"	"D:\github\ron-english-sketches-grins\images\Sketches\grins2\Jeremiah Grin 3 ORIGINAL.jpg"	"False"	"2026-05-07 17:51:54"
"Jeremiah Grin 4 ORIGINAL.jpg"	"0.17"	"D:\github\ron-english-sketches-grins\images\Sketches\grins\Jeremiah Grin 4 ORIGINAL.jpg"	"True"	"False"	"D:\github\ron-english-sketches-grins\images\Sketches\grins2\Jeremiah Grin 4 ORIGINAL.jpg"	"False"	"2026-05-07 17:51:56"
"Jimi Hendrix Grin B&W.jpg"	"0.287"	"D:\github\ron-english-sketches-grins\images\Sketches\grins\Jimi Hendrix Grin B&W.jpg"	"True"	"False"	"D:\github\ron-english-sketches-grins\images\Sketches\grins2\Jimi Hendrix Grin B&W.jpg"	"False"	"2026-05-07 17:51:57"
"Jimi Hendrix Grin ORIGINAL COLOR 1.jpg"	"0.111"	"D:\github\ron-english-sketches-grins\images\Sketches\grins\Jimi Hendrix Grin ORIGINAL COLOR 1.jpg"	"True"	"False"	"D:\github\ron-english-sketches-grins\images\Sketches\grins2\Jimi Hendrix Grin ORIGINAL COLOR 1.jpg"	"False"	"2026-05-07 18:58:01"
"Jimi Hendrix Grin ORIGINAL COLOR 2.jpg"	"0.31"	"D:\github\ron-english-sketches-grins\images\Sketches\grins\Jimi Hendrix Grin ORIGINAL COLOR 2.jpg"	"True"	"False"	"D:\github\ron-english-sketches-grins\images\Sketches\grins2\Jimi Hendrix Grin ORIGINAL COLOR 2.jpg"	"False"	"2026-05-07 17:51:59"
"Jimi Hendrix Grin ORIGINAL COLOR 3.jpg"	"0.109"	"D:\github\ron-english-sketches-grins\images\Sketches\grins\Jimi Hendrix Grin ORIGINAL COLOR 3.jpg"	"True"	"False"	"D:\github\ron-english-sketches-grins\images\Sketches\grins2\Jimi Hendrix Grin ORIGINAL COLOR 3.jpg"	"False"	"2026-05-07 18:58:01"
"Jimi Hendrix Grin ORIGINAL.jpg"	"0.272"	"D:\github\ron-english-sketches-grins\images\Sketches\grins\Jimi Hendrix Grin ORIGINAL.jpg"	"True"	"False"	"D:\github\ron-english-sketches-grins\images\Sketches\grins2\Jimi Hendrix Grin ORIGINAL.jpg"	"False"	"2026-05-07 19:03:08"
"Joker Grin B&W.jpg"	"0.176"	"D:\github\ron-english-sketches-grins\images\Sketches\grins\Joker Grin B&W.jpg"	"True"	"False"	"D:\github\ron-english-sketches-grins\images\Sketches\grins2\Joker Grin B&W.jpg"	"False"	"2026-05-07 17:52:03"
"Joker Grin COLOR.jpg"	"0.298"	"D:\github\ron-english-sketches-grins\images\Sketches\grins\Joker Grin COLOR.jpg"	"True"	"False"	"D:\github\ron-english-sketches-grins\images\Sketches\grins2\Joker Grin COLOR.jpg"	"False"	"2026-05-08 06:36:39"
"Joker Grin ORIGINAL.jpg"	"0.23"	"D:\github\ron-english-sketches-grins\images\Sketches\grins\Joker Grin ORIGINAL.jpg"	"True"	"False"	"D:\github\ron-english-sketches-grins\images\Sketches\grins2\Joker Grin ORIGINAL.jpg"	"False"	"2026-05-07 17:52:04"
"Kanegon Grin B&W.jpg"	"0.422"	"D:\github\ron-english-sketches-grins\images\Sketches\grins\Kanegon Grin B&W.jpg"	"True"	"False"	"D:\github\ron-english-sketches-grins\images\Sketches\grins2\Kanegon Grin B&W.jpg"	"False"	"2026-05-08 06:52:54"
"Kanegon Grin COLOR.jpg"	"0.251"	"D:\github\ron-english-sketches-grins\images\Sketches\grins\Kanegon Grin COLOR.jpg"	"True"	"False"	"D:\github\ron-english-sketches-grins\images\Sketches\grins2\Kanegon Grin COLOR.jpg"	"False"	"2026-05-07 17:52:06"
"Kanegon Grin ORIGINAL.jpg"	"0.209"	"D:\github\ron-english-sketches-grins\images\Sketches\grins\Kanegon Grin ORIGINAL.jpg"	"True"	"False"	"D:\github\ron-english-sketches-grins\images\Sketches\grins2\Kanegon Grin ORIGINAL.jpg"	"False"	"2026-05-07 17:52:07"
"Kanegon Grin side B&W.jpg"	"0.153"	"D:\github\ron-english-sketches-grins\images\Sketches\grins\Kanegon Grin side B&W.jpg"	"True"	"False"	"D:\github\ron-english-sketches-grins\images\Sketches\grins2\Kanegon Grin side B&W.jpg"	"False"	"2026-05-07 17:52:08"
"Kanegon Grin side COLOR.jpg"	"0.22"	"D:\github\ron-english-sketches-grins\images\Sketches\grins\Kanegon Grin side COLOR.jpg"	"True"	"False"	"D:\github\ron-english-sketches-grins\images\Sketches\grins2\Kanegon Grin side COLOR.jpg"	"False"	"2026-05-07 17:52:11"
"Kanegon Grin side ORIGINAL.jpg"	"0.187"	"D:\github\ron-english-sketches-grins\images\Sketches\grins\Kanegon Grin side ORIGINAL.jpg"	"True"	"False"	"D:\github\ron-english-sketches-grins\images\Sketches\grins2\Kanegon Grin side ORIGINAL.jpg"	"False"	"2026-05-07 17:52:12"
"Kevin Durant 1 ORIGINAL.jpg"	"0.168"	"D:\github\ron-english-sketches-grins\images\Sketches\grins\Kevin Durant 1 ORIGINAL.jpg"	"True"	"False"	"D:\github\ron-english-sketches-grins\images\Sketches\grins2\Kevin Durant 1 ORIGINAL.jpg"	"False"	"2026-05-07 17:52:13"
"Kevin Durant Grim ORIGINAL.jpg"	"0.153"	"D:\github\ron-english-sketches-grins\images\Sketches\grins\Kevin Durant Grim ORIGINAL.jpg"	"True"	"False"	"D:\github\ron-english-sketches-grins\images\Sketches\grins2\Kevin Durant Grim ORIGINAL.jpg"	"False"	"2026-05-07 17:52:14"
"Kevin Durant Grin With Ball B&W.jpg"	"0.353"	"D:\github\ron-english-sketches-grins\images\Sketches\grins\Kevin Durant Grin With Ball B&W.jpg"	"True"	"False"	"D:\github\ron-english-sketches-grins\images\Sketches\grins2\Kevin Durant Grin With Ball B&W.jpg"	"False"	"2026-05-08 06:52:54"
"Kevin Durant Grin With Ball COLOR.jpg"	"0.265"	"D:\github\ron-english-sketches-grins\images\Sketches\grins\Kevin Durant Grin With Ball COLOR.jpg"	"True"	"False"	"D:\github\ron-english-sketches-grins\images\Sketches\grins2\Kevin Durant Grin With Ball COLOR.jpg"	"False"	"2026-05-08 06:36:39"
"Kevin Durant Grin With Ball ORIGINAL.1.jpg"	"0.261"	"D:\github\ron-english-sketches-grins\images\Sketches\grins\Kevin Durant Grin With Ball ORIGINAL.1.jpg"	"True"	"False"	"D:\github\ron-english-sketches-grins\images\Sketches\grins2\Kevin Durant Grin With Ball ORIGINAL.1.jpg"	"False"	"2026-05-07 19:03:08"
"Kevin Durant Grin With Ball ORIGINAL.jpeg"	"0.054"	"D:\github\ron-english-sketches-grins\images\Sketches\grins\Kevin Durant Grin With Ball ORIGINAL.jpeg"	"True"	"False"	"D:\github\ron-english-sketches-grins\images\Sketches\grins2\Kevin Durant Grin With Ball ORIGINAL.jpeg"	"False"	"2026-05-07 19:08:50"
"Kevin Durant Grin With Ball ORIGINAL.jpg"	"0.158"	"D:\github\ron-english-sketches-grins\images\Sketches\grins\Kevin Durant Grin With Ball ORIGINAL.jpg"	"True"	"False"	"D:\github\ron-english-sketches-grins\images\Sketches\grins2\Kevin Durant Grin With Ball ORIGINAL.jpg"	"False"	"2026-05-07 17:52:16"
"Kiss Gene Grin B&W.jpg"	"0.375"	"D:\github\ron-english-sketches-grins\images\Sketches\grins\Kiss Gene Grin B&W.jpg"	"True"	"False"	"D:\github\ron-english-sketches-grins\images\Sketches\grins2\Kiss Gene Grin B&W.jpg"	"False"	"2026-05-08 06:53:03"
"Kiss Gene Grin COLOR.jpg"	"0.467"	"D:\github\ron-english-sketches-grins\images\Sketches\grins\Kiss Gene Grin COLOR.jpg"	"True"	"False"	"D:\github\ron-english-sketches-grins\images\Sketches\grins2\Kiss Gene Grin COLOR.jpg"	"False"	"2026-05-08 06:53:03"
"Kiss Gene Grin ORIGINAL.jpg"	"0.327"	"D:\github\ron-english-sketches-grins\images\Sketches\grins\Kiss Gene Grin ORIGINAL.jpg"	"True"	"False"	"D:\github\ron-english-sketches-grins\images\Sketches\grins2\Kiss Gene Grin ORIGINAL.jpg"	"False"	"2026-05-07 19:03:08"
"Krusty the Clown Grin back B&W.jpg"	"0.157"	"D:\github\ron-english-sketches-grins\images\Sketches\grins\Krusty the Clown Grin back B&W.jpg"	"True"	"False"	"D:\github\ron-english-sketches-grins\images\Sketches\grins2\Krusty the Clown Grin back B&W.jpg"	"False"	"2026-05-07 17:52:18"
"Krusty the Clown Grin back COLOR.jpg"	"0.202"	"D:\github\ron-english-sketches-grins\images\Sketches\grins\Krusty the Clown Grin back COLOR.jpg"	"True"	"False"	"D:\github\ron-english-sketches-grins\images\Sketches\grins2\Krusty the Clown Grin back COLOR.jpg"	"False"	"2026-05-07 17:52:22"
"Krusty the Clown Grin back ORIGINAL.jpg"	"0.183"	"D:\github\ron-english-sketches-grins\images\Sketches\grins\Krusty the Clown Grin back ORIGINAL.jpg"	"True"	"False"	"D:\github\ron-english-sketches-grins\images\Sketches\grins2\Krusty the Clown Grin back ORIGINAL.jpg"	"False"	"2026-05-07 17:52:23"
"Krusty the Clown Grin front B&W.jpg"	"0.167"	"D:\github\ron-english-sketches-grins\images\Sketches\grins\Krusty the Clown Grin front B&W.jpg"	"True"	"False"	"D:\github\ron-english-sketches-grins\images\Sketches\grins2\Krusty the Clown Grin front B&W.jpg"	"False"	"2026-05-07 17:52:24"
"Krusty the Clown Grin front COLOR.jpg"	"0.452"	"D:\github\ron-english-sketches-grins\images\Sketches\grins\Krusty the Clown Grin front COLOR.jpg"	"True"	"False"	"D:\github\ron-english-sketches-grins\images\Sketches\grins2\Krusty the Clown Grin front COLOR.jpg"	"False"	"2026-05-08 06:52:54"
"Krusty the Clown Grin front ORIGINAL.jpg"	"0.193"	"D:\github\ron-english-sketches-grins\images\Sketches\grins\Krusty the Clown Grin front ORIGINAL.jpg"	"True"	"False"	"D:\github\ron-english-sketches-grins\images\Sketches\grins2\Krusty the Clown Grin front ORIGINAL.jpg"	"False"	"2026-05-07 17:52:25"
"Krusty the Clown Grin left side B&W.jpg"	"0.131"	"D:\github\ron-english-sketches-grins\images\Sketches\grins\Krusty the Clown Grin left side B&W.jpg"	"True"	"False"	"D:\github\ron-english-sketches-grins\images\Sketches\grins2\Krusty the Clown Grin left side B&W.jpg"	"False"	"2026-05-07 17:52:27"
"Krusty the Clown Grin left side COLOR.jpg"	"0.171"	"D:\github\ron-english-sketches-grins\images\Sketches\grins\Krusty the Clown Grin left side COLOR.jpg"	"True"	"False"	"D:\github\ron-english-sketches-grins\images\Sketches\grins2\Krusty the Clown Grin left side COLOR.jpg"	"False"	"2026-05-07 17:52:30"
"Krusty the Clown Grin left side ORIGINAL.jpg"	"0.166"	"D:\github\ron-english-sketches-grins\images\Sketches\grins\Krusty the Clown Grin left side ORIGINAL.jpg"	"True"	"False"	"D:\github\ron-english-sketches-grins\images\Sketches\grins2\Krusty the Clown Grin left side ORIGINAL.jpg"	"False"	"2026-05-07 17:52:31"
"Kursed Grin Side View B&W.jpg"	"0.507"	"D:\github\ron-english-sketches-grins\images\Sketches\grins\Kursed Grin Side View B&W.jpg"	"True"	"False"	"D:\github\ron-english-sketches-grins\images\Sketches\grins2\Kursed Grin Side View B&W.jpg"	"False"	"2026-05-08 06:52:54"
"Kursed Grin Side View COLOR.jpg"	"0.274"	"D:\github\ron-english-sketches-grins\images\Sketches\grins\Kursed Grin Side View COLOR.jpg"	"True"	"False"	"D:\github\ron-english-sketches-grins\images\Sketches\grins2\Kursed Grin Side View COLOR.jpg"	"False"	"2026-05-07 17:52:32"
"Lagoon Creature Grin COLOR.jpg"	"0.172"	"D:\github\ron-english-sketches-grins\images\Sketches\grins\Lagoon Creature Grin COLOR.jpg"	"True"	"False"	"D:\github\ron-english-sketches-grins\images\Sketches\grins2\Lagoon Creature Grin COLOR.jpg"	"False"	"2026-05-08 06:09:39"
"Lemon Boy grin B&W.jpg"	"0.26"	"D:\github\ron-english-sketches-grins\images\Sketches\grins\Lemon Boy grin B&W.jpg"	"True"	"False"	"D:\github\ron-english-sketches-grins\images\Sketches\grins2\Lemon Boy grin B&W.jpg"	"False"	"2026-05-08 06:36:59"
"Lemon Boy grin COLOR.jpg"	"0.251"	"D:\github\ron-english-sketches-grins\images\Sketches\grins\Lemon Boy grin COLOR.jpg"	"True"	"False"	"D:\github\ron-english-sketches-grins\images\Sketches\grins2\Lemon Boy grin COLOR.jpg"	"False"	"2026-05-07 17:52:34"
"Lemon Boy Grin Walking COLOR.jpg"	"0.243"	"D:\github\ron-english-sketches-grins\images\Sketches\grins\Lemon Boy Grin Walking COLOR.jpg"	"True"	"False"	"D:\github\ron-english-sketches-grins\images\Sketches\grins2\Lemon Boy Grin Walking COLOR.jpg"	"False"	"2026-05-07 17:52:35"
"Lemon Boy Grin Walking face ORIGINAL.jpg"	"0.39"	"D:\github\ron-english-sketches-grins\images\Sketches\grins\Lemon Boy Grin Walking face ORIGINAL.jpg"	"True"	"False"	"D:\github\ron-english-sketches-grins\images\Sketches\grins2\Lemon Boy Grin Walking face ORIGINAL.jpg"	"False"	"2026-03-21 07:28:36"
"Leopard Grin 1 COLOR.png"	"0.474"	"D:\github\ron-english-sketches-grins\images\Sketches\grins\Leopard Grin 1 COLOR.png"	"True"	"False"	"D:\github\ron-english-sketches-grins\images\Sketches\grins2\Leopard Grin 1 COLOR.png"	"False"	"2026-03-21 07:21:56"
"Leopard Grin 2 COLOR.png"	"0.311"	"D:\github\ron-english-sketches-grins\images\Sketches\grins\Leopard Grin 2 COLOR.png"	"True"	"False"	"D:\github\ron-english-sketches-grins\images\Sketches\grins2\Leopard Grin 2 COLOR.png"	"False"	"2026-03-21 07:21:56"
"Leopard Grin 3 COLOR.png"	"0.313"	"D:\github\ron-english-sketches-grins\images\Sketches\grins\Leopard Grin 3 COLOR.png"	"True"	"False"	"D:\github\ron-english-sketches-grins\images\Sketches\grins2\Leopard Grin 3 COLOR.png"	"False"	"2026-03-21 07:21:57"
"Liberty Grin B&W 2.jpeg"	"0.14"	"D:\github\ron-english-sketches-grins\images\Sketches\grins\Liberty Grin B&W 2.jpeg"	"True"	"False"	"D:\github\ron-english-sketches-grins\images\Sketches\grins2\Liberty Grin B&W 2.jpeg"	"False"	"2026-05-08 05:36:02"
"Liberty Grin B&W 3.jpeg"	"0.149"	"D:\github\ron-english-sketches-grins\images\Sketches\grins\Liberty Grin B&W 3.jpeg"	"True"	"False"	"D:\github\ron-english-sketches-grins\images\Sketches\grins2\Liberty Grin B&W 3.jpeg"	"False"	"2026-03-21 07:21:44"
"Liberty Grin B&W.jpg"	"0.29"	"D:\github\ron-english-sketches-grins\images\Sketches\grins\Liberty Grin B&W.jpg"	"True"	"False"	"D:\github\ron-english-sketches-grins\images\Sketches\grins2\Liberty Grin B&W.jpg"	"False"	"2026-05-07 17:52:36"
"Liberty Grin COLOR.jpg"	"0.044"	"D:\github\ron-english-sketches-grins\images\Sketches\grins\Liberty Grin COLOR.jpg"	"True"	"False"	"D:\github\ron-english-sketches-grins\images\Sketches\grins2\Liberty Grin COLOR.jpg"	"False"	"2026-05-08 06:36:30"
"Liberty Grin ORIGINAL.jpg"	"0.218"	"D:\github\ron-english-sketches-grins\images\Sketches\grins\Liberty Grin ORIGINAL.jpg"	"True"	"False"	"D:\github\ron-english-sketches-grins\images\Sketches\grins2\Liberty Grin ORIGINAL.jpg"	"False"	"2026-05-07 17:52:37"
"Lion Face Grin B&W.png"	"0.107"	"D:\github\ron-english-sketches-grins\images\Sketches\grins\Lion Face Grin B&W.png"	"True"	"False"	"D:\github\ron-english-sketches-grins\images\Sketches\grins2\Lion Face Grin B&W.png"	"False"	"2026-05-08 07:03:03"
"Lion Face Grin COLOR 1.png"	"0.19"	"D:\github\ron-english-sketches-grins\images\Sketches\grins\Lion Face Grin COLOR 1.png"	"True"	"False"	"D:\github\ron-english-sketches-grins\images\Sketches\grins2\Lion Face Grin COLOR 1.png"	"False"	"2026-05-08 07:01:23"
"Lion Face Grin COLOR 2.jpg"	"0.313"	"D:\github\ron-english-sketches-grins\images\Sketches\grins\Lion Face Grin COLOR 2.jpg"	"True"	"False"	"D:\github\ron-english-sketches-grins\images\Sketches\grins2\Lion Face Grin COLOR 2.jpg"	"False"	"2026-05-08 06:52:45"
"Lisa grin back ORIGINAL.jpg"	"0.131"	"D:\github\ron-english-sketches-grins\images\Sketches\grins\Lisa grin back ORIGINAL.jpg"	"True"	"False"	"D:\github\ron-english-sketches-grins\images\Sketches\grins2\Lisa grin back ORIGINAL.jpg"	"False"	"2026-05-07 17:52:38"
"Lisa Grin front B&W.jpg"	"0.419"	"D:\github\ron-english-sketches-grins\images\Sketches\grins\Lisa Grin front B&W.jpg"	"True"	"False"	"D:\github\ron-english-sketches-grins\images\Sketches\grins2\Lisa Grin front B&W.jpg"	"False"	"2026-05-08 06:53:03"
"Lisa Grin front COLOR.jpg"	"0.202"	"D:\github\ron-english-sketches-grins\images\Sketches\grins\Lisa Grin front COLOR.jpg"	"True"	"False"	"D:\github\ron-english-sketches-grins\images\Sketches\grins2\Lisa Grin front COLOR.jpg"	"False"	"2026-05-07 17:52:40"
"Lisa Grin front ORIGINAL.jpg"	"0.172"	"D:\github\ron-english-sketches-grins\images\Sketches\grins\Lisa Grin front ORIGINAL.jpg"	"True"	"False"	"D:\github\ron-english-sketches-grins\images\Sketches\grins2\Lisa Grin front ORIGINAL.jpg"	"False"	"2026-05-07 17:52:41"
"Lisa Grin left side B&W.jpg"	"0.397"	"D:\github\ron-english-sketches-grins\images\Sketches\grins\Lisa Grin left side B&W.jpg"	"True"	"False"	"D:\github\ron-english-sketches-grins\images\Sketches\grins2\Lisa Grin left side B&W.jpg"	"False"	"2026-05-08 06:52:45"
"Lisa Grin left side COLOR.jpg"	"0.169"	"D:\github\ron-english-sketches-grins\images\Sketches\grins\Lisa Grin left side COLOR.jpg"	"True"	"False"	"D:\github\ron-english-sketches-grins\images\Sketches\grins2\Lisa Grin left side COLOR.jpg"	"False"	"2026-05-07 17:52:43"
"Lisa Grin left side ORIGINAL.jpg"	"0.177"	"D:\github\ron-english-sketches-grins\images\Sketches\grins\Lisa Grin left side ORIGINAL.jpg"	"True"	"False"	"D:\github\ron-english-sketches-grins\images\Sketches\grins2\Lisa Grin left side ORIGINAL.jpg"	"False"	"2026-05-07 17:52:44"
"Lisa Grin right side B&W ORIGINAL.jpg"	"0.148"	"D:\github\ron-english-sketches-grins\images\Sketches\grins\Lisa Grin right side B&W ORIGINAL.jpg"	"True"	"False"	"D:\github\ron-english-sketches-grins\images\Sketches\grins2\Lisa Grin right side B&W ORIGINAL.jpg"	"False"	"2026-05-07 17:52:45"
"Lisa Grin right side B&W.jpg"	"0.416"	"D:\github\ron-english-sketches-grins\images\Sketches\grins\Lisa Grin right side B&W.jpg"	"True"	"False"	"D:\github\ron-english-sketches-grins\images\Sketches\grins2\Lisa Grin right side B&W.jpg"	"False"	"2026-05-08 06:52:45"
"Lisa Grin right side COLOR.jpg"	"0.488"	"D:\github\ron-english-sketches-grins\images\Sketches\grins\Lisa Grin right side COLOR.jpg"	"True"	"False"	"D:\github\ron-english-sketches-grins\images\Sketches\grins2\Lisa Grin right side COLOR.jpg"	"False"	"2026-05-08 06:52:45"
"Lucky Cat Grin B&W.jpg"	"0.502"	"D:\github\ron-english-sketches-grins\images\Sketches\grins\Lucky Cat Grin B&W.jpg"	"True"	"False"	"D:\github\ron-english-sketches-grins\images\Sketches\grins2\Lucky Cat Grin B&W.jpg"	"False"	"2026-05-08 06:53:03"
"Lucky Cat Grin COLOR.jpg"	"0.304"	"D:\github\ron-english-sketches-grins\images\Sketches\grins\Lucky Cat Grin COLOR.jpg"	"True"	"False"	"D:\github\ron-english-sketches-grins\images\Sketches\grins2\Lucky Cat Grin COLOR.jpg"	"False"	"2026-05-07 17:52:47"
"M.U.S.C.L.E. He-Man Grinnie back COLOR.jpg"	"0.251"	"D:\github\ron-english-sketches-grins\images\Sketches\grins\M.U.S.C.L.E. He-Man Grinnie back COLOR.jpg"	"True"	"False"	"D:\github\ron-english-sketches-grins\images\Sketches\grins2\M.U.S.C.L.E. He-Man Grinnie back COLOR.jpg"	"False"	"2026-05-07 17:52:50"
"M.U.S.C.L.E. He-Man Grinnie back ORIGINAL.jpg"	"0.162"	"D:\github\ron-english-sketches-grins\images\Sketches\grins\M.U.S.C.L.E. He-Man Grinnie back ORIGINAL.jpg"	"True"	"False"	"D:\github\ron-english-sketches-grins\images\Sketches\grins2\M.U.S.C.L.E. He-Man Grinnie back ORIGINAL.jpg"	"False"	"2026-05-07 17:52:51"
"M.U.S.C.L.E. He-Man Grinnie front B&W.jpg"	"0.211"	"D:\github\ron-english-sketches-grins\images\Sketches\grins\M.U.S.C.L.E. He-Man Grinnie front B&W.jpg"	"True"	"False"	"D:\github\ron-english-sketches-grins\images\Sketches\grins2\M.U.S.C.L.E. He-Man Grinnie front B&W.jpg"	"False"	"2026-05-07 17:52:52"
"M.U.S.C.L.E. He-Man Grinnie front COLOR.png"	"0.157"	"D:\github\ron-english-sketches-grins\images\Sketches\grins\M.U.S.C.L.E. He-Man Grinnie front COLOR.png"	"True"	"False"	"D:\github\ron-english-sketches-grins\images\Sketches\grins2\M.U.S.C.L.E. He-Man Grinnie front COLOR.png"	"False"	"2026-05-08 09:59:29"
"M.U.S.C.L.E. He-Man Grinnie front ORIGINAL.jpg"	"0.239"	"D:\github\ron-english-sketches-grins\images\Sketches\grins\M.U.S.C.L.E. He-Man Grinnie front ORIGINAL.jpg"	"True"	"False"	"D:\github\ron-english-sketches-grins\images\Sketches\grins2\M.U.S.C.L.E. He-Man Grinnie front ORIGINAL.jpg"	"False"	"2026-05-07 17:52:54"
"M.U.S.C.L.E. He-Man Grinnie side ORIGINAL.jpg"	"0.185"	"D:\github\ron-english-sketches-grins\images\Sketches\grins\M.U.S.C.L.E. He-Man Grinnie side ORIGINAL.jpg"	"True"	"False"	"D:\github\ron-english-sketches-grins\images\Sketches\grins2\M.U.S.C.L.E. He-Man Grinnie side ORIGINAL.jpg"	"False"	"2026-05-07 17:52:55"
"Mad Magazine Alfred Grin ORIGINAL.1.jpg"	"0.209"	"D:\github\ron-english-sketches-grins\images\Sketches\grins\Mad Magazine Alfred Grin ORIGINAL.1.jpg"	"True"	"False"	"D:\github\ron-english-sketches-grins\images\Sketches\grins2\Mad Magazine Alfred Grin ORIGINAL.1.jpg"	"False"	"2026-05-07 19:03:08"
"Mad Magazine Alfred Grin ORIGINAL.jpeg"	"0.048"	"D:\github\ron-english-sketches-grins\images\Sketches\grins\Mad Magazine Alfred Grin ORIGINAL.jpeg"	"True"	"False"	"D:\github\ron-english-sketches-grins\images\Sketches\grins2\Mad Magazine Alfred Grin ORIGINAL.jpeg"	"False"	"2026-05-07 19:08:10"
"Mad Magazine Alfred Grin ORIGINAL.jpg"	"0.193"	"D:\github\ron-english-sketches-grins\images\Sketches\grins\Mad Magazine Alfred Grin ORIGINAL.jpg"	"True"	"False"	"D:\github\ron-english-sketches-grins\images\Sketches\grins2\Mad Magazine Alfred Grin ORIGINAL.jpg"	"False"	"2026-05-07 19:01:59"
"Mad Mickey Grin drawing ORIGINAL.jpg"	"0.283"	"D:\github\ron-english-sketches-grins\images\Sketches\grins\Mad Mickey Grin drawing ORIGINAL.jpg"	"True"	"False"	"D:\github\ron-english-sketches-grins\images\Sketches\grins2\Mad Mickey Grin drawing ORIGINAL.jpg"	"False"	"2026-05-07 17:52:57"
"Mad Mickey Grin ORIGINAL COLOR.jpg"	"0.301"	"D:\github\ron-english-sketches-grins\images\Sketches\grins\Mad Mickey Grin ORIGINAL COLOR.jpg"	"True"	"False"	"D:\github\ron-english-sketches-grins\images\Sketches\grins2\Mad Mickey Grin ORIGINAL COLOR.jpg"	"False"	"2026-05-08 06:52:54"
"Maggie Grin back B&W.jpg"	"0.298"	"D:\github\ron-english-sketches-grins\images\Sketches\grins\Maggie Grin back B&W.jpg"	"True"	"False"	"D:\github\ron-english-sketches-grins\images\Sketches\grins2\Maggie Grin back B&W.jpg"	"False"	"2026-05-08 06:36:52"
"Maggie Grin back COLOR.jpg"	"0.372"	"D:\github\ron-english-sketches-grins\images\Sketches\grins\Maggie Grin back COLOR.jpg"	"True"	"False"	"D:\github\ron-english-sketches-grins\images\Sketches\grins2\Maggie Grin back COLOR.jpg"	"False"	"2026-05-08 06:52:54"
"Maggie Grin back ORIGINAL.jpg"	"0.021"	"D:\github\ron-english-sketches-grins\images\Sketches\grins\Maggie Grin back ORIGINAL.jpg"	"True"	"False"	"D:\github\ron-english-sketches-grins\images\Sketches\grins2\Maggie Grin back ORIGINAL.jpg"	"False"	"2026-05-07 09:35:29"
"Maggie Grin front B&W.jpg"	"0.393"	"D:\github\ron-english-sketches-grins\images\Sketches\grins\Maggie Grin front B&W.jpg"	"True"	"False"	"D:\github\ron-english-sketches-grins\images\Sketches\grins2\Maggie Grin front B&W.jpg"	"False"	"2026-05-08 06:53:03"
"Maggie Grin front COLOR.jpg"	"0.207"	"D:\github\ron-english-sketches-grins\images\Sketches\grins\Maggie Grin front COLOR.jpg"	"True"	"False"	"D:\github\ron-english-sketches-grins\images\Sketches\grins2\Maggie Grin front COLOR.jpg"	"False"	"2026-05-07 17:52:59"
"Maggie Grin front ORIGINAL.jpg"	"0.179"	"D:\github\ron-english-sketches-grins\images\Sketches\grins\Maggie Grin front ORIGINAL.jpg"	"True"	"False"	"D:\github\ron-english-sketches-grins\images\Sketches\grins2\Maggie Grin front ORIGINAL.jpg"	"False"	"2026-05-07 17:53:00"
"Maggie Grin side B&W.jpg"	"0.412"	"D:\github\ron-english-sketches-grins\images\Sketches\grins\Maggie Grin side B&W.jpg"	"True"	"False"	"D:\github\ron-english-sketches-grins\images\Sketches\grins2\Maggie Grin side B&W.jpg"	"False"	"2026-05-08 06:52:45"
"Maggie Grin side COLOR.jpg"	"0.173"	"D:\github\ron-english-sketches-grins\images\Sketches\grins\Maggie Grin side COLOR.jpg"	"True"	"False"	"D:\github\ron-english-sketches-grins\images\Sketches\grins2\Maggie Grin side COLOR.jpg"	"False"	"2026-05-07 17:53:02"
"Maggie Grin side ORIGINAL.jpg"	"0.167"	"D:\github\ron-english-sketches-grins\images\Sketches\grins\Maggie Grin side ORIGINAL.jpg"	"True"	"False"	"D:\github\ron-english-sketches-grins\images\Sketches\grins2\Maggie Grin side ORIGINAL.jpg"	"False"	"2026-05-07 17:53:03"
"Man Shark COLORED.jpg"	"0.336"	"D:\github\ron-english-sketches-grins\images\Sketches\grins\Man Shark COLORED.jpg"	"True"	"False"	"D:\github\ron-english-sketches-grins\images\Sketches\grins2\Man Shark COLORED.jpg"	"False"	"2026-05-08 06:36:23"
"Manny Pacquaio Grin B&W.jpg"	"0.283"	"D:\github\ron-english-sketches-grins\images\Sketches\grins\Manny Pacquaio Grin B&W.jpg"	"True"	"False"	"D:\github\ron-english-sketches-grins\images\Sketches\grins2\Manny Pacquaio Grin B&W.jpg"	"False"	"2026-05-08 06:36:15"
"Manny Pacquaio Grin ORIGINAL COLOR 1.jpg"	"0.261"	"D:\github\ron-english-sketches-grins\images\Sketches\grins\Manny Pacquaio Grin ORIGINAL COLOR 1.jpg"	"True"	"False"	"D:\github\ron-english-sketches-grins\images\Sketches\grins2\Manny Pacquaio Grin ORIGINAL COLOR 1.jpg"	"False"	"2026-05-07 17:53:04"
"Manny Pacquaio Grin ORIGINAL COLOR 2.jpg"	"0.239"	"D:\github\ron-english-sketches-grins\images\Sketches\grins\Manny Pacquaio Grin ORIGINAL COLOR 2.jpg"	"True"	"False"	"D:\github\ron-english-sketches-grins\images\Sketches\grins2\Manny Pacquaio Grin ORIGINAL COLOR 2.jpg"	"False"	"2026-05-07 17:53:05"
"Manny Pacquaio Grin ORIGINAL COLOR 3.jpg"	"0.255"	"D:\github\ron-english-sketches-grins\images\Sketches\grins\Manny Pacquaio Grin ORIGINAL COLOR 3.jpg"	"True"	"False"	"D:\github\ron-english-sketches-grins\images\Sketches\grins2\Manny Pacquaio Grin ORIGINAL COLOR 3.jpg"	"False"	"2026-05-07 17:53:06"
"Manny Pacquaio Grin ORIGINAL head.jpg"	"0.293"	"D:\github\ron-english-sketches-grins\images\Sketches\grins\Manny Pacquaio Grin ORIGINAL head.jpg"	"True"	"False"	"D:\github\ron-english-sketches-grins\images\Sketches\grins2\Manny Pacquaio Grin ORIGINAL head.jpg"	"False"	"2026-05-07 19:03:08"
"Manny Pacquaio Grin ORIGINAL legs.jpg"	"0.222"	"D:\github\ron-english-sketches-grins\images\Sketches\grins\Manny Pacquaio Grin ORIGINAL legs.jpg"	"True"	"False"	"D:\github\ron-english-sketches-grins\images\Sketches\grins2\Manny Pacquaio Grin ORIGINAL legs.jpg"	"False"	"2026-05-07 17:53:09"
"Manny Pacquaio Grin ORIGINAL torso.jpg"	"0.27"	"D:\github\ron-english-sketches-grins\images\Sketches\grins\Manny Pacquaio Grin ORIGINAL torso.jpg"	"True"	"False"	"D:\github\ron-english-sketches-grins\images\Sketches\grins2\Manny Pacquaio Grin ORIGINAL torso.jpg"	"False"	"2026-05-07 17:53:10"
"Manny Pacquaio Grin ORIGINAL.jpg"	"0.206"	"D:\github\ron-english-sketches-grins\images\Sketches\grins\Manny Pacquaio Grin ORIGINAL.jpg"	"True"	"False"	"D:\github\ron-english-sketches-grins\images\Sketches\grins2\Manny Pacquaio Grin ORIGINAL.jpg"	"False"	"2026-05-07 17:53:11"
"Marge Grin back  COLOR.jpg"	"0.099"	"D:\github\ron-english-sketches-grins\images\Sketches\grins\Marge Grin back  COLOR.jpg"	"True"	"False"	"D:\github\ron-english-sketches-grins\images\Sketches\grins2\Marge Grin back  COLOR.jpg"	"False"	"2026-05-07 17:53:13"
"Marge Grin back ORIGINAL.jpg"	"0.098"	"D:\github\ron-english-sketches-grins\images\Sketches\grins\Marge Grin back ORIGINAL.jpg"	"True"	"False"	"D:\github\ron-english-sketches-grins\images\Sketches\grins2\Marge Grin back ORIGINAL.jpg"	"False"	"2026-05-07 17:53:14"
"Marge Grin front B&W.jpg"	"0.087"	"D:\github\ron-english-sketches-grins\images\Sketches\grins\Marge Grin front B&W.jpg"	"True"	"False"	"D:\github\ron-english-sketches-grins\images\Sketches\grins2\Marge Grin front B&W.jpg"	"False"	"2026-05-07 17:53:15"
"Marge Grin front COLOR.jpg"	"0.382"	"D:\github\ron-english-sketches-grins\images\Sketches\grins\Marge Grin front COLOR.jpg"	"True"	"False"	"D:\github\ron-english-sketches-grins\images\Sketches\grins2\Marge Grin front COLOR.jpg"	"False"	"2026-05-08 06:52:45"
"Marge Grin front ORIGINAL.jpg"	"0.117"	"D:\github\ron-english-sketches-grins\images\Sketches\grins\Marge Grin front ORIGINAL.jpg"	"True"	"False"	"D:\github\ron-english-sketches-grins\images\Sketches\grins2\Marge Grin front ORIGINAL.jpg"	"False"	"2026-05-07 17:53:16"
"Marge Grin left side B&W.jpg"	"0.335"	"D:\github\ron-english-sketches-grins\images\Sketches\grins\Marge Grin left side B&W.jpg"	"True"	"False"	"D:\github\ron-english-sketches-grins\images\Sketches\grins2\Marge Grin left side B&W.jpg"	"False"	"2026-05-08 06:36:52"
"Marge Grin left side COLOR.jpg"	"0.307"	"D:\github\ron-english-sketches-grins\images\Sketches\grins\Marge Grin left side COLOR.jpg"	"True"	"False"	"D:\github\ron-english-sketches-grins\images\Sketches\grins2\Marge Grin left side COLOR.jpg"	"False"	"2026-05-08 06:36:15"
"Marge Grin left side ORIGINAL.jpg"	"0.107"	"D:\github\ron-english-sketches-grins\images\Sketches\grins\Marge Grin left side ORIGINAL.jpg"	"True"	"False"	"D:\github\ron-english-sketches-grins\images\Sketches\grins2\Marge Grin left side ORIGINAL.jpg"	"False"	"2026-05-07 17:53:17"
"Marge Grin right side B&W.jpg"	"0.335"	"D:\github\ron-english-sketches-grins\images\Sketches\grins\Marge Grin right side B&W.jpg"	"True"	"False"	"D:\github\ron-english-sketches-grins\images\Sketches\grins2\Marge Grin right side B&W.jpg"	"False"	"2026-05-08 06:36:52"
"Marge Grin right side COLOR.jpg"	"0.309"	"D:\github\ron-english-sketches-grins\images\Sketches\grins\Marge Grin right side COLOR.jpg"	"True"	"False"	"D:\github\ron-english-sketches-grins\images\Sketches\grins2\Marge Grin right side COLOR.jpg"	"False"	"2026-05-08 06:36:15"
"Marge Grin right side ORIGINAL.jpg"	"0.105"	"D:\github\ron-english-sketches-grins\images\Sketches\grins\Marge Grin right side ORIGINAL.jpg"	"True"	"False"	"D:\github\ron-english-sketches-grins\images\Sketches\grins2\Marge Grin right side ORIGINAL.jpg"	"False"	"2026-05-07 17:53:18"
"marilyn flower grin ORIGINAL.jpg"	"0.198"	"D:\github\ron-english-sketches-grins\images\Sketches\grins\marilyn flower grin ORIGINAL.jpg"	"False"	"True"	"D:\github\ron-english-sketches-grins\images\Sketches\grins2\marilyn flower grin ORIGINAL.jpg"	"False"	"2026-05-24 18:19:06"
"Mario Grin front B&W.jpg"	"0.319"	"D:\github\ron-english-sketches-grins\images\Sketches\grins\Mario Grin front B&W.jpg"	"True"	"False"	"D:\github\ron-english-sketches-grins\images\Sketches\grins2\Mario Grin front B&W.jpg"	"False"	"2026-05-08 06:36:52"
"Mario Grin front COLOR.jpg"	"0.369"	"D:\github\ron-english-sketches-grins\images\Sketches\grins\Mario Grin front COLOR.jpg"	"True"	"False"	"D:\github\ron-english-sketches-grins\images\Sketches\grins2\Mario Grin front COLOR.jpg"	"False"	"2026-05-08 06:52:54"
"Mario Grin front ORIGINAL.jpg"	"0.234"	"D:\github\ron-english-sketches-grins\images\Sketches\grins\Mario Grin front ORIGINAL.jpg"	"True"	"False"	"D:\github\ron-english-sketches-grins\images\Sketches\grins2\Mario Grin front ORIGINAL.jpg"	"False"	"2026-05-07 17:53:19"
"Mario Grin left side B&W.jpg"	"0.188"	"D:\github\ron-english-sketches-grins\images\Sketches\grins\Mario Grin left side B&W.jpg"	"True"	"False"	"D:\github\ron-english-sketches-grins\images\Sketches\grins2\Mario Grin left side B&W.jpg"	"False"	"2026-05-07 17:53:21"
"Mario Grin left side COLOR.jpg"	"0.315"	"D:\github\ron-english-sketches-grins\images\Sketches\grins\Mario Grin left side COLOR.jpg"	"True"	"False"	"D:\github\ron-english-sketches-grins\images\Sketches\grins2\Mario Grin left side COLOR.jpg"	"False"	"2026-05-08 06:36:52"
"Mario Grin left side ORIGINAL.jpg"	"0.22"	"D:\github\ron-english-sketches-grins\images\Sketches\grins\Mario Grin left side ORIGINAL.jpg"	"True"	"False"	"D:\github\ron-english-sketches-grins\images\Sketches\grins2\Mario Grin left side ORIGINAL.jpg"	"False"	"2026-05-07 17:53:22"
"Mario Grin right side B&W.jpg"	"0.163"	"D:\github\ron-english-sketches-grins\images\Sketches\grins\Mario Grin right side B&W.jpg"	"True"	"False"	"D:\github\ron-english-sketches-grins\images\Sketches\grins2\Mario Grin right side B&W.jpg"	"False"	"2026-05-07 17:53:23"
"Mario Grin right side COLOR.jpg"	"0.223"	"D:\github\ron-english-sketches-grins\images\Sketches\grins\Mario Grin right side COLOR.jpg"	"True"	"False"	"D:\github\ron-english-sketches-grins\images\Sketches\grins2\Mario Grin right side COLOR.jpg"	"False"	"2026-05-07 17:53:27"
"Mario Grin right side ORIGINAL.jpg"	"0.206"	"D:\github\ron-english-sketches-grins\images\Sketches\grins\Mario Grin right side ORIGINAL.jpg"	"True"	"False"	"D:\github\ron-english-sketches-grins\images\Sketches\grins2\Mario Grin right side ORIGINAL.jpg"	"False"	"2026-05-07 17:53:28"
"Max Grin COLOR.jpg"	"0.366"	"D:\github\ron-english-sketches-grins\images\Sketches\grins\Max Grin COLOR.jpg"	"True"	"False"	"D:\github\ron-english-sketches-grins\images\Sketches\grins2\Max Grin COLOR.jpg"	"False"	"2026-05-08 06:52:45"
"Max Grin ORIGINAL.jpg"	"0.141"	"D:\github\ron-english-sketches-grins\images\Sketches\grins\Max Grin ORIGINAL.jpg"	"True"	"False"	"D:\github\ron-english-sketches-grins\images\Sketches\grins2\Max Grin ORIGINAL.jpg"	"False"	"2026-05-08 06:35:29"
"Max Grin png.jpg"	"0.361"	"D:\github\ron-english-sketches-grins\images\Sketches\grins\Max Grin png.jpg"	"True"	"False"	"D:\github\ron-english-sketches-grins\images\Sketches\grins2\Max Grin png.jpg"	"False"	"2026-05-08 06:52:45"
"MC Grin 2 card.png"	"0.215"	"D:\github\ron-english-sketches-grins\images\Sketches\grins\MC Grin 2 card.png"	"True"	"False"	"D:\github\ron-english-sketches-grins\images\Sketches\grins2\MC Grin 2 card.png"	"False"	"2026-03-21 07:24:08"
"MC Grin B&W.jpg"	"0.3"	"D:\github\ron-english-sketches-grins\images\Sketches\grins\MC Grin B&W.jpg"	"True"	"False"	"D:\github\ron-english-sketches-grins\images\Sketches\grins2\MC Grin B&W.jpg"	"False"	"2026-05-08 06:36:59"
"MC Grin card.jpg"	"0.145"	"D:\github\ron-english-sketches-grins\images\Sketches\grins\MC Grin card.jpg"	"True"	"False"	"D:\github\ron-english-sketches-grins\images\Sketches\grins2\MC Grin card.jpg"	"False"	"2026-03-21 07:22:56"
"MC Grin COLOR.jpg"	"0.278"	"D:\github\ron-english-sketches-grins\images\Sketches\grins\MC Grin COLOR.jpg"	"True"	"False"	"D:\github\ron-english-sketches-grins\images\Sketches\grins2\MC Grin COLOR.jpg"	"False"	"2026-05-08 06:36:59"
"MC Grin ORIGINAL COLOR 2.png"	"0.215"	"D:\github\ron-english-sketches-grins\images\Sketches\grins\MC Grin ORIGINAL COLOR 2.png"	"True"	"False"	"D:\github\ron-english-sketches-grins\images\Sketches\grins2\MC Grin ORIGINAL COLOR 2.png"	"False"	"2026-05-08 05:38:19"
"MC Grin ORIGINAL COLOR.jpg"	"0.145"	"D:\github\ron-english-sketches-grins\images\Sketches\grins\MC Grin ORIGINAL COLOR.jpg"	"True"	"False"	"D:\github\ron-english-sketches-grins\images\Sketches\grins2\MC Grin ORIGINAL COLOR.jpg"	"False"	"2026-05-08 05:37:07"
"MC Supersize Grin Flying B&W.jpg"	"0.337"	"D:\github\ron-english-sketches-grins\images\Sketches\grins\MC Supersize Grin Flying B&W.jpg"	"True"	"False"	"D:\github\ron-english-sketches-grins\images\Sketches\grins2\MC Supersize Grin Flying B&W.jpg"	"False"	"2026-05-08 06:36:52"
"MC Supersize Grin Flying COLOR.1.jpg"	"0.292"	"D:\github\ron-english-sketches-grins\images\Sketches\grins\MC Supersize Grin Flying COLOR.1.jpg"	"True"	"False"	"D:\github\ron-english-sketches-grins\images\Sketches\grins2\MC Supersize Grin Flying COLOR.1.jpg"	"False"	"2026-05-08 06:36:15"
"MC Supersize Grin Flying ORIGINAL.jpg"	"0.309"	"D:\github\ron-english-sketches-grins\images\Sketches\grins\MC Supersize Grin Flying ORIGINAL.jpg"	"True"	"False"	"D:\github\ron-english-sketches-grins\images\Sketches\grins2\MC Supersize Grin Flying ORIGINAL.jpg"	"False"	"2026-05-07 19:03:08"
"MC Supersized Grin 2 B&W.jpg"	"0.445"	"D:\github\ron-english-sketches-grins\images\Sketches\grins\MC Supersized Grin 2 B&W.jpg"	"True"	"False"	"D:\github\ron-english-sketches-grins\images\Sketches\grins2\MC Supersized Grin 2 B&W.jpg"	"False"	"2026-05-08 06:52:54"
"MC Supersized Grin 2 COLOR.jpg"	"0.25"	"D:\github\ron-english-sketches-grins\images\Sketches\grins\MC Supersized Grin 2 COLOR.jpg"	"True"	"False"	"D:\github\ron-english-sketches-grins\images\Sketches\grins2\MC Supersized Grin 2 COLOR.jpg"	"False"	"2026-05-07 17:53:31"
"MC Supersized Grin 2 ORIGINAL.jpg"	"0.225"	"D:\github\ron-english-sketches-grins\images\Sketches\grins\MC Supersized Grin 2 ORIGINAL.jpg"	"True"	"False"	"D:\github\ron-english-sketches-grins\images\Sketches\grins2\MC Supersized Grin 2 ORIGINAL.jpg"	"False"	"2026-05-07 17:53:32"
"MC Supersized Grin B&W.jpg"	"0.426"	"D:\github\ron-english-sketches-grins\images\Sketches\grins\MC Supersized Grin B&W.jpg"	"True"	"False"	"D:\github\ron-english-sketches-grins\images\Sketches\grins2\MC Supersized Grin B&W.jpg"	"False"	"2026-05-08 06:52:54"
"MC Supersized Grin COLOR.jpg"	"0.331"	"D:\github\ron-english-sketches-grins\images\Sketches\grins\MC Supersized Grin COLOR.jpg"	"True"	"False"	"D:\github\ron-english-sketches-grins\images\Sketches\grins2\MC Supersized Grin COLOR.jpg"	"False"	"2026-05-08 06:52:45"
"MC Supersized Grin ORIGINAL.jpg"	"0.206"	"D:\github\ron-english-sketches-grins\images\Sketches\grins\MC Supersized Grin ORIGINAL.jpg"	"True"	"False"	"D:\github\ron-english-sketches-grins\images\Sketches\grins2\MC Supersized Grin ORIGINAL.jpg"	"False"	"2026-05-07 17:53:33"
"MC Supersized Grin side B&W.jpeg"	"0.102"	"D:\github\ron-english-sketches-grins\images\Sketches\grins\MC Supersized Grin side B&W.jpeg"	"True"	"False"	"D:\github\ron-english-sketches-grins\images\Sketches\grins2\MC Supersized Grin side B&W.jpeg"	"False"	"2026-03-21 07:26:50"
"MC Supersized Grin side COLOR.jpg"	"0.084"	"D:\github\ron-english-sketches-grins\images\Sketches\grins\MC Supersized Grin side COLOR.jpg"	"True"	"False"	"D:\github\ron-english-sketches-grins\images\Sketches\grins2\MC Supersized Grin side COLOR.jpg"	"False"	"2026-05-08 06:36:23"
"MC Supersized Grin side ORIGINAL.jpg"	"0.159"	"D:\github\ron-english-sketches-grins\images\Sketches\grins\MC Supersized Grin side ORIGINAL.jpg"	"True"	"False"	"D:\github\ron-english-sketches-grins\images\Sketches\grins2\MC Supersized Grin side ORIGINAL.jpg"	"False"	"2026-05-07 17:53:34"
"Melting Grinnie side view 1 COLOR.png"	"0.133"	"D:\github\ron-english-sketches-grins\images\Sketches\grins\Melting Grinnie side view 1 COLOR.png"	"True"	"False"	"D:\github\ron-english-sketches-grins\images\Sketches\grins2\Melting Grinnie side view 1 COLOR.png"	"False"	"2026-03-21 07:28:02"
"Melting Grinnie side view 2 COLOR.png"	"0.126"	"D:\github\ron-english-sketches-grins\images\Sketches\grins\Melting Grinnie side view 2 COLOR.png"	"True"	"False"	"D:\github\ron-english-sketches-grins\images\Sketches\grins2\Melting Grinnie side view 2 COLOR.png"	"False"	"2026-03-21 07:28:02"
"Melting Grinnie side view 3 COLOR.png"	"0.124"	"D:\github\ron-english-sketches-grins\images\Sketches\grins\Melting Grinnie side view 3 COLOR.png"	"True"	"False"	"D:\github\ron-english-sketches-grins\images\Sketches\grins2\Melting Grinnie side view 3 COLOR.png"	"False"	"2026-05-08 05:42:16"
"Melting Monster Grin B&W.jpg"	"0.453"	"D:\github\ron-english-sketches-grins\images\Sketches\grins\Melting Monster Grin B&W.jpg"	"True"	"False"	"D:\github\ron-english-sketches-grins\images\Sketches\grins2\Melting Monster Grin B&W.jpg"	"False"	"2026-05-08 06:52:54"
"Melting Monster Grin COLOR.jpg"	"0.308"	"D:\github\ron-english-sketches-grins\images\Sketches\grins\Melting Monster Grin COLOR.jpg"	"True"	"False"	"D:\github\ron-english-sketches-grins\images\Sketches\grins2\Melting Monster Grin COLOR.jpg"	"False"	"2026-05-08 06:53:03"
"Melting Monster Grin ORIGINAL.jpg"	"0.241"	"D:\github\ron-english-sketches-grins\images\Sketches\grins\Melting Monster Grin ORIGINAL.jpg"	"True"	"False"	"D:\github\ron-english-sketches-grins\images\Sketches\grins2\Melting Monster Grin ORIGINAL.jpg"	"False"	"2026-05-07 17:53:35"
"Mentadusa B&W.jpg"	"0.278"	"D:\github\ron-english-sketches-grins\images\Sketches\grins\Mentadusa B&W.jpg"	"True"	"False"	"D:\github\ron-english-sketches-grins\images\Sketches\grins2\Mentadusa B&W.jpg"	"False"	"2026-05-07 17:53:36"
"Mentadusa COLOR.jpg"	"0.316"	"D:\github\ron-english-sketches-grins\images\Sketches\grins\Mentadusa COLOR.jpg"	"True"	"False"	"D:\github\ron-english-sketches-grins\images\Sketches\grins2\Mentadusa COLOR.jpg"	"False"	"2026-05-08 06:36:15"
"Mentadusa ORIGINAL.jpg"	"0.319"	"D:\github\ron-english-sketches-grins\images\Sketches\grins\Mentadusa ORIGINAL.jpg"	"True"	"False"	"D:\github\ron-english-sketches-grins\images\Sketches\grins2\Mentadusa ORIGINAL.jpg"	"False"	"2026-05-07 17:53:37"
"Mickey Eyes Grin 1 COLOR.png"	"0.156"	"D:\github\ron-english-sketches-grins\images\Sketches\grins\Mickey Eyes Grin 1 COLOR.png"	"True"	"False"	"D:\github\ron-english-sketches-grins\images\Sketches\grins2\Mickey Eyes Grin 1 COLOR.png"	"False"	"2026-03-21 07:24:08"
"Mickey Eyes Grin 2 COLOR.png"	"0.156"	"D:\github\ron-english-sketches-grins\images\Sketches\grins\Mickey Eyes Grin 2 COLOR.png"	"True"	"False"	"D:\github\ron-english-sketches-grins\images\Sketches\grins2\Mickey Eyes Grin 2 COLOR.png"	"False"	"2026-03-21 07:24:09"
"Mickey Grin head B&W.jpg"	"0.183"	"D:\github\ron-english-sketches-grins\images\Sketches\grins\Mickey Grin head B&W.jpg"	"True"	"False"	"D:\github\ron-english-sketches-grins\images\Sketches\grins2\Mickey Grin head B&W.jpg"	"False"	"2026-05-07 17:53:39"
"Mickey Grin head COLOR.jpg"	"0.225"	"D:\github\ron-english-sketches-grins\images\Sketches\grins\Mickey Grin head COLOR.jpg"	"True"	"False"	"D:\github\ron-english-sketches-grins\images\Sketches\grins2\Mickey Grin head COLOR.jpg"	"False"	"2026-05-07 17:53:40"
"Mickey Grin head ORIGINAL.jpg"	"0.152"	"D:\github\ron-english-sketches-grins\images\Sketches\grins\Mickey Grin head ORIGINAL.jpg"	"True"	"False"	"D:\github\ron-english-sketches-grins\images\Sketches\grins2\Mickey Grin head ORIGINAL.jpg"	"False"	"2026-05-07 17:53:42"
"Mickey Grin ORIGINAL COLOR.jpg"	"0.127"	"D:\github\ron-english-sketches-grins\images\Sketches\grins\Mickey Grin ORIGINAL COLOR.jpg"	"True"	"False"	"D:\github\ron-english-sketches-grins\images\Sketches\grins2\Mickey Grin ORIGINAL COLOR.jpg"	"False"	"2026-05-08 06:12:29"
"Mickey Grin side view 1 COLOR.png"	"0.144"	"D:\github\ron-english-sketches-grins\images\Sketches\grins\Mickey Grin side view 1 COLOR.png"	"True"	"False"	"D:\github\ron-english-sketches-grins\images\Sketches\grins2\Mickey Grin side view 1 COLOR.png"	"False"	"2026-03-21 07:26:58"
"Mickey Grin side view 2 COLOR.png"	"0.146"	"D:\github\ron-english-sketches-grins\images\Sketches\grins\Mickey Grin side view 2 COLOR.png"	"True"	"False"	"D:\github\ron-english-sketches-grins\images\Sketches\grins2\Mickey Grin side view 2 COLOR.png"	"False"	"2026-03-21 07:26:58"
"Mickey Mouse Grin 2 B&W.jpg"	"0.281"	"D:\github\ron-english-sketches-grins\images\Sketches\grins\Mickey Mouse Grin 2 B&W.jpg"	"True"	"False"	"D:\github\ron-english-sketches-grins\images\Sketches\grins2\Mickey Mouse Grin 2 B&W.jpg"	"False"	"2026-05-08 06:53:03"
"Mickey Mouse Grin 2 ORIGINAL.jpg"	"0.165"	"D:\github\ron-english-sketches-grins\images\Sketches\grins\Mickey Mouse Grin 2 ORIGINAL.jpg"	"True"	"False"	"D:\github\ron-english-sketches-grins\images\Sketches\grins2\Mickey Mouse Grin 2 ORIGINAL.jpg"	"False"	"2026-05-07 17:53:43"
"Mickey Mouse Grin back B&W.jpg"	"0.458"	"D:\github\ron-english-sketches-grins\images\Sketches\grins\Mickey Mouse Grin back B&W.jpg"	"True"	"False"	"D:\github\ron-english-sketches-grins\images\Sketches\grins2\Mickey Mouse Grin back B&W.jpg"	"False"	"2026-05-08 06:52:54"
"Mickey Mouse Grin back COLOR.jpg"	"0.192"	"D:\github\ron-english-sketches-grins\images\Sketches\grins\Mickey Mouse Grin back COLOR.jpg"	"True"	"False"	"D:\github\ron-english-sketches-grins\images\Sketches\grins2\Mickey Mouse Grin back COLOR.jpg"	"False"	"2026-05-07 17:53:46"
"Mickey Mouse Grin back ORIGINAL.jpg"	"0.137"	"D:\github\ron-english-sketches-grins\images\Sketches\grins\Mickey Mouse Grin back ORIGINAL.jpg"	"True"	"False"	"D:\github\ron-english-sketches-grins\images\Sketches\grins2\Mickey Mouse Grin back ORIGINAL.jpg"	"False"	"2026-05-07 17:53:47"
"Mickey Mouse Grin COLOR.png"	"0.112"	"D:\github\ron-english-sketches-grins\images\Sketches\grins\Mickey Mouse Grin COLOR.png"	"True"	"False"	"D:\github\ron-english-sketches-grins\images\Sketches\grins2\Mickey Mouse Grin COLOR.png"	"False"	"2026-05-08 07:04:17"
"Mickey Mouse Grin Flying B&W.jpg"	"0.452"	"D:\github\ron-english-sketches-grins\images\Sketches\grins\Mickey Mouse Grin Flying B&W.jpg"	"True"	"False"	"D:\github\ron-english-sketches-grins\images\Sketches\grins2\Mickey Mouse Grin Flying B&W.jpg"	"False"	"2026-05-08 06:52:54"
"Mickey Mouse Grin Flying COLOR.jpg"	"0.289"	"D:\github\ron-english-sketches-grins\images\Sketches\grins\Mickey Mouse Grin Flying COLOR.jpg"	"True"	"False"	"D:\github\ron-english-sketches-grins\images\Sketches\grins2\Mickey Mouse Grin Flying COLOR.jpg"	"False"	"2026-05-08 06:09:39"
"Mickey Mouse Grin Flying ORIGINAL.jpg"	"0.329"	"D:\github\ron-english-sketches-grins\images\Sketches\grins\Mickey Mouse Grin Flying ORIGINAL.jpg"	"True"	"False"	"D:\github\ron-english-sketches-grins\images\Sketches\grins2\Mickey Mouse Grin Flying ORIGINAL.jpg"	"False"	"2026-05-07 17:53:48"
"Mickey Mouse Grin left side COLOR.jpg"	"0.381"	"D:\github\ron-english-sketches-grins\images\Sketches\grins\Mickey Mouse Grin left side COLOR.jpg"	"True"	"False"	"D:\github\ron-english-sketches-grins\images\Sketches\grins2\Mickey Mouse Grin left side COLOR.jpg"	"False"	"2026-05-08 06:53:03"
"Mickey Mouse Grin left side ORIGINAL.jpg"	"0.15"	"D:\github\ron-english-sketches-grins\images\Sketches\grins\Mickey Mouse Grin left side ORIGINAL.jpg"	"True"	"False"	"D:\github\ron-english-sketches-grins\images\Sketches\grins2\Mickey Mouse Grin left side ORIGINAL.jpg"	"False"	"2026-05-07 17:53:49"
"Mickey Mouse Grin ORIGINAL.jpg"	"0.239"	"D:\github\ron-english-sketches-grins\images\Sketches\grins\Mickey Mouse Grin ORIGINAL.jpg"	"True"	"False"	"D:\github\ron-english-sketches-grins\images\Sketches\grins2\Mickey Mouse Grin ORIGINAL.jpg"	"False"	"2026-05-07 17:53:50"
"Mickey Mouse Grin right side B&W.jpg"	"0.128"	"D:\github\ron-english-sketches-grins\images\Sketches\grins\Mickey Mouse Grin right side B&W.jpg"	"True"	"False"	"D:\github\ron-english-sketches-grins\images\Sketches\grins2\Mickey Mouse Grin right side B&W.jpg"	"False"	"2026-05-07 17:53:52"
"Mickey Mouse Grin right side COLOR.jpg"	"0.155"	"D:\github\ron-english-sketches-grins\images\Sketches\grins\Mickey Mouse Grin right side COLOR.jpg"	"True"	"False"	"D:\github\ron-english-sketches-grins\images\Sketches\grins2\Mickey Mouse Grin right side COLOR.jpg"	"False"	"2026-05-07 17:53:53"
"Mickey Mouse Grin right side ORIGINAL.jpg"	"0.146"	"D:\github\ron-english-sketches-grins\images\Sketches\grins\Mickey Mouse Grin right side ORIGINAL.jpg"	"True"	"False"	"D:\github\ron-english-sketches-grins\images\Sketches\grins2\Mickey Mouse Grin right side ORIGINAL.jpg"	"False"	"2026-05-07 17:53:55"
"Mishka Eyeball Grin B&W.jpg"	"0.32"	"D:\github\ron-english-sketches-grins\images\Sketches\grins\Mishka Eyeball Grin B&W.jpg"	"True"	"False"	"D:\github\ron-english-sketches-grins\images\Sketches\grins2\Mishka Eyeball Grin B&W.jpg"	"False"	"2026-05-08 06:52:45"
"Mishka Eyeball Grin COLOR.jpg"	"0.147"	"D:\github\ron-english-sketches-grins\images\Sketches\grins\Mishka Eyeball Grin COLOR.jpg"	"True"	"False"	"D:\github\ron-english-sketches-grins\images\Sketches\grins2\Mishka Eyeball Grin COLOR.jpg"	"False"	"2026-05-07 15:45:43"
"Mishka Eyeball Grin ORIGINAL COLOR.jpg"	"0.119"	"D:\github\ron-english-sketches-grins\images\Sketches\grins\Mishka Eyeball Grin ORIGINAL COLOR.jpg"	"True"	"False"	"D:\github\ron-english-sketches-grins\images\Sketches\grins2\Mishka Eyeball Grin ORIGINAL COLOR.jpg"	"False"	"2026-05-07 18:58:01"
"Mishka Eyeball Grin ORIGINAL.jpg"	"0.14"	"D:\github\ron-english-sketches-grins\images\Sketches\grins\Mishka Eyeball Grin ORIGINAL.jpg"	"True"	"False"	"D:\github\ron-english-sketches-grins\images\Sketches\grins2\Mishka Eyeball Grin ORIGINAL.jpg"	"False"	"2026-05-07 18:58:01"
"Modzilla Grin Front B&W.jpg"	"0.404"	"D:\github\ron-english-sketches-grins\images\Sketches\grins\Modzilla Grin Front B&W.jpg"	"True"	"False"	"D:\github\ron-english-sketches-grins\images\Sketches\grins2\Modzilla Grin Front B&W.jpg"	"False"	"2026-05-08 06:52:45"
"Modzilla Grin Front ORIGINAL.jpg"	"0.107"	"D:\github\ron-english-sketches-grins\images\Sketches\grins\Modzilla Grin Front ORIGINAL.jpg"	"True"	"False"	"D:\github\ron-english-sketches-grins\images\Sketches\grins2\Modzilla Grin Front ORIGINAL.jpg"	"False"	"2026-05-07 17:53:58"
"Modzilla Grin Side B&W.jpg"	"0.344"	"D:\github\ron-english-sketches-grins\images\Sketches\grins\Modzilla Grin Side B&W.jpg"	"True"	"False"	"D:\github\ron-english-sketches-grins\images\Sketches\grins2\Modzilla Grin Side B&W.jpg"	"False"	"2026-05-08 06:52:45"
"Modzilla Grin Side ORIGINAL.jpg"	"0.2"	"D:\github\ron-english-sketches-grins\images\Sketches\grins\Modzilla Grin Side ORIGINAL.jpg"	"True"	"False"	"D:\github\ron-english-sketches-grins\images\Sketches\grins2\Modzilla Grin Side ORIGINAL.jpg"	"False"	"2026-05-07 17:53:59"
"Mogul Grin B&W.jpg"	"0.307"	"D:\github\ron-english-sketches-grins\images\Sketches\grins\Mogul Grin B&W.jpg"	"True"	"False"	"D:\github\ron-english-sketches-grins\images\Sketches\grins2\Mogul Grin B&W.jpg"	"False"	"2026-05-08 06:36:59"
"Mogul Grin back B&W.jpg"	"0.402"	"D:\github\ron-english-sketches-grins\images\Sketches\grins\Mogul Grin back B&W.jpg"	"True"	"False"	"D:\github\ron-english-sketches-grins\images\Sketches\grins2\Mogul Grin back B&W.jpg"	"False"	"2026-05-08 06:53:03"
"Mogul Grin back COLOR.jpg"	"0.513"	"D:\github\ron-english-sketches-grins\images\Sketches\grins\Mogul Grin back COLOR.jpg"	"True"	"False"	"D:\github\ron-english-sketches-grins\images\Sketches\grins2\Mogul Grin back COLOR.jpg"	"False"	"2026-05-08 06:52:45"
"Mogul Grin back ORIGINAL.jpg"	"0.137"	"D:\github\ron-english-sketches-grins\images\Sketches\grins\Mogul Grin back ORIGINAL.jpg"	"True"	"False"	"D:\github\ron-english-sketches-grins\images\Sketches\grins2\Mogul Grin back ORIGINAL.jpg"	"False"	"2026-05-07 17:54:01"
"Mogul Grin COLOR.jpg"	"0.171"	"D:\github\ron-english-sketches-grins\images\Sketches\grins\Mogul Grin COLOR.jpg"	"True"	"False"	"D:\github\ron-english-sketches-grins\images\Sketches\grins2\Mogul Grin COLOR.jpg"	"False"	"2026-05-07 17:54:02"
"Mogul Grin left side B&W.jpg"	"0.168"	"D:\github\ron-english-sketches-grins\images\Sketches\grins\Mogul Grin left side B&W.jpg"	"True"	"False"	"D:\github\ron-english-sketches-grins\images\Sketches\grins2\Mogul Grin left side B&W.jpg"	"False"	"2026-05-07 17:54:04"
"Mogul Grin left side COLOR.jpg"	"0.205"	"D:\github\ron-english-sketches-grins\images\Sketches\grins\Mogul Grin left side COLOR.jpg"	"True"	"False"	"D:\github\ron-english-sketches-grins\images\Sketches\grins2\Mogul Grin left side COLOR.jpg"	"False"	"2026-05-07 17:54:06"
"Mogul Grin left side ORIGINAL.jpg"	"0.155"	"D:\github\ron-english-sketches-grins\images\Sketches\grins\Mogul Grin left side ORIGINAL.jpg"	"True"	"False"	"D:\github\ron-english-sketches-grins\images\Sketches\grins2\Mogul Grin left side ORIGINAL.jpg"	"False"	"2026-05-07 17:54:08"
"Mogul Grin ORIGINAL COLOR.jpg"	"0.094"	"D:\github\ron-english-sketches-grins\images\Sketches\grins\Mogul Grin ORIGINAL COLOR.jpg"	"True"	"False"	"D:\github\ron-english-sketches-grins\images\Sketches\grins2\Mogul Grin ORIGINAL COLOR.jpg"	"False"	"2026-05-07 18:46:44"
"Mogul Grin ORIGINAL.jpg"	"0.14"	"D:\github\ron-english-sketches-grins\images\Sketches\grins\Mogul Grin ORIGINAL.jpg"	"True"	"False"	"D:\github\ron-english-sketches-grins\images\Sketches\grins2\Mogul Grin ORIGINAL.jpg"	"False"	"2026-05-07 17:54:10"
"Mogul Grin right side B&W.jpg"	"0.425"	"D:\github\ron-english-sketches-grins\images\Sketches\grins\Mogul Grin right side B&W.jpg"	"True"	"False"	"D:\github\ron-english-sketches-grins\images\Sketches\grins2\Mogul Grin right side B&W.jpg"	"False"	"2026-05-08 06:53:03"
"Mogul Grin right side COLOR.jpg"	"0.487"	"D:\github\ron-english-sketches-grins\images\Sketches\grins\Mogul Grin right side COLOR.jpg"	"True"	"False"	"D:\github\ron-english-sketches-grins\images\Sketches\grins2\Mogul Grin right side COLOR.jpg"	"False"	"2026-05-08 06:53:03"
"Mogul Grin right side ORIGINAL.jpg"	"0.145"	"D:\github\ron-english-sketches-grins\images\Sketches\grins\Mogul Grin right side ORIGINAL.jpg"	"True"	"False"	"D:\github\ron-english-sketches-grins\images\Sketches\grins2\Mogul Grin right side ORIGINAL.jpg"	"False"	"2026-05-07 17:54:12"
"Mogul Grin Standing B&W.jpg"	"0.356"	"D:\github\ron-english-sketches-grins\images\Sketches\grins\Mogul Grin Standing B&W.jpg"	"True"	"False"	"D:\github\ron-english-sketches-grins\images\Sketches\grins2\Mogul Grin Standing B&W.jpg"	"False"	"2026-05-08 06:53:03"
"Mogul Grin Standing COLOR.jpg"	"0.14"	"D:\github\ron-english-sketches-grins\images\Sketches\grins\Mogul Grin Standing COLOR.jpg"	"True"	"False"	"D:\github\ron-english-sketches-grins\images\Sketches\grins2\Mogul Grin Standing COLOR.jpg"	"False"	"2026-05-07 18:38:40"
"Mogul Grin Standing ORIGINAL.jpg"	"0.204"	"D:\github\ron-english-sketches-grins\images\Sketches\grins\Mogul Grin Standing ORIGINAL.jpg"	"True"	"False"	"D:\github\ron-english-sketches-grins\images\Sketches\grins2\Mogul Grin Standing ORIGINAL.jpg"	"False"	"2026-05-07 18:38:39"
"Momoko Sakura grin ORIGINAL.jpg"	"0.197"	"D:\github\ron-english-sketches-grins\images\Sketches\grins\Momoko Sakura grin ORIGINAL.jpg"	"True"	"False"	"D:\github\ron-english-sketches-grins\images\Sketches\grins2\Momoko Sakura grin ORIGINAL.jpg"	"False"	"2026-05-24 18:19:07"
"Monkey Grin Mouth COLOR.png"	"0.153"	"D:\github\ron-english-sketches-grins\images\Sketches\grins\Monkey Grin Mouth COLOR.png"	"True"	"False"	"D:\github\ron-english-sketches-grins\images\Sketches\grins2\Monkey Grin Mouth COLOR.png"	"False"	"2026-05-08 05:37:48"
"Monkey Shiner Angel Grin COLOR.jpg"	"0.111"	"D:\github\ron-english-sketches-grins\images\Sketches\grins\Monkey Shiner Angel Grin COLOR.jpg"	"True"	"False"	"D:\github\ron-english-sketches-grins\images\Sketches\grins2\Monkey Shiner Angel Grin COLOR.jpg"	"False"	"2026-05-07 15:45:58"
"Monkey Shiner Angel Grin ORINGINAL (1).jpg"	"0.254"	"D:\github\ron-english-sketches-grins\images\Sketches\grins\Monkey Shiner Angel Grin ORINGINAL (1).jpg"	"True"	"False"	"D:\github\ron-english-sketches-grins\images\Sketches\grins2\Monkey Shiner Angel Grin ORINGINAL (1).jpg"	"False"	"2026-05-08 06:53:02"
"Monkey Shriner Grin COLOR.jpg"	"0.128"	"D:\github\ron-english-sketches-grins\images\Sketches\grins\Monkey Shriner Grin COLOR.jpg"	"True"	"False"	"D:\github\ron-english-sketches-grins\images\Sketches\grins2\Monkey Shriner Grin COLOR.jpg"	"False"	"2026-05-08 07:05:35"
"Monkey Shriner Grin ORIGINAL COLOR.jpg"	"0.065"	"D:\github\ron-english-sketches-grins\images\Sketches\grins\Monkey Shriner Grin ORIGINAL COLOR.jpg"	"True"	"False"	"D:\github\ron-english-sketches-grins\images\Sketches\grins2\Monkey Shriner Grin ORIGINAL COLOR.jpg"	"False"	"2026-05-08 06:36:39"
"Monkey Shriner Grin ORIGINAL.jpeg"	"0.11"	"D:\github\ron-english-sketches-grins\images\Sketches\grins\Monkey Shriner Grin ORIGINAL.jpeg"	"True"	"False"	"D:\github\ron-english-sketches-grins\images\Sketches\grins2\Monkey Shriner Grin ORIGINAL.jpeg"	"False"	"2026-05-07 19:08:27"
"Monkey Shriner Grin side COLOR.png"	"0.311"	"D:\github\ron-english-sketches-grins\images\Sketches\grins\Monkey Shriner Grin side COLOR.png"	"True"	"False"	"D:\github\ron-english-sketches-grins\images\Sketches\grins2\Monkey Shriner Grin side COLOR.png"	"False"	"2026-05-08 05:41:35"
"Mounted Gorilla Grin B&W.jpg"	"0.287"	"D:\github\ron-english-sketches-grins\images\Sketches\grins\Mounted Gorilla Grin B&W.jpg"	"True"	"False"	"D:\github\ron-english-sketches-grins\images\Sketches\grins2\Mounted Gorilla Grin B&W.jpg"	"False"	"2026-05-08 06:53:03"
"Mounted Gorilla Grin COLOR.jpg"	"0.443"	"D:\github\ron-english-sketches-grins\images\Sketches\grins\Mounted Gorilla Grin COLOR.jpg"	"True"	"False"	"D:\github\ron-english-sketches-grins\images\Sketches\grins2\Mounted Gorilla Grin COLOR.jpg"	"False"	"2026-05-08 06:52:45"
"Mounted Gorilla Grin ORIGINAL.jpg"	"0.093"	"D:\github\ron-english-sketches-grins\images\Sketches\grins\Mounted Gorilla Grin ORIGINAL.jpg"	"True"	"False"	"D:\github\ron-english-sketches-grins\images\Sketches\grins2\Mounted Gorilla Grin ORIGINAL.jpg"	"False"	"2026-05-07 18:59:24"
"Mouth Grin B&W.jpg"	"0.336"	"D:\github\ron-english-sketches-grins\images\Sketches\grins\Mouth Grin B&W.jpg"	"True"	"False"	"D:\github\ron-english-sketches-grins\images\Sketches\grins2\Mouth Grin B&W.jpg"	"False"	"2026-05-08 06:36:59"
"Mouth Grin COLOR.jpg"	"0.155"	"D:\github\ron-english-sketches-grins\images\Sketches\grins\Mouth Grin COLOR.jpg"	"True"	"False"	"D:\github\ron-english-sketches-grins\images\Sketches\grins2\Mouth Grin COLOR.jpg"	"False"	"2026-05-07 18:38:40"
"Mouth Grin ORIGINAL.jpg"	"0.27"	"D:\github\ron-english-sketches-grins\images\Sketches\grins\Mouth Grin ORIGINAL.jpg"	"True"	"False"	"D:\github\ron-english-sketches-grins\images\Sketches\grins2\Mouth Grin ORIGINAL.jpg"	"False"	"2026-05-07 18:37:32"
"Mr Met Grin B&W.jpg"	"0.315"	"D:\github\ron-english-sketches-grins\images\Sketches\grins\Mr Met Grin B&W.jpg"	"True"	"False"	"D:\github\ron-english-sketches-grins\images\Sketches\grins2\Mr Met Grin B&W.jpg"	"False"	"2026-05-08 06:36:52"
"Mr Met Grin COLOR.jpg"	"0.506"	"D:\github\ron-english-sketches-grins\images\Sketches\grins\Mr Met Grin COLOR.jpg"	"True"	"False"	"D:\github\ron-english-sketches-grins\images\Sketches\grins2\Mr Met Grin COLOR.jpg"	"False"	"2026-05-08 06:53:03"
"Mr Met Grin ORIGINAL COLOR.jpg"	"0.103"	"D:\github\ron-english-sketches-grins\images\Sketches\grins\Mr Met Grin ORIGINAL COLOR.jpg"	"True"	"False"	"D:\github\ron-english-sketches-grins\images\Sketches\grins2\Mr Met Grin ORIGINAL COLOR.jpg"	"False"	"2026-05-07 18:52:24"
"Mr Potato Grin B&W.jpg"	"0.366"	"D:\github\ron-english-sketches-grins\images\Sketches\grins\Mr Potato Grin B&W.jpg"	"True"	"False"	"D:\github\ron-english-sketches-grins\images\Sketches\grins2\Mr Potato Grin B&W.jpg"	"False"	"2026-05-08 06:52:45"
"Mr Potato Grin COLOR 2.png"	"0.484"	"D:\github\ron-english-sketches-grins\images\Sketches\grins\Mr Potato Grin COLOR 2.png"	"True"	"False"	"D:\github\ron-english-sketches-grins\images\Sketches\grins2\Mr Potato Grin COLOR 2.png"	"False"	"2026-03-21 07:22:57"
"Mr Potato Grin COLOR.jpg"	"0.198"	"D:\github\ron-english-sketches-grins\images\Sketches\grins\Mr Potato Grin COLOR.jpg"	"True"	"False"	"D:\github\ron-english-sketches-grins\images\Sketches\grins2\Mr Potato Grin COLOR.jpg"	"False"	"2026-05-07 19:03:08"
"Mr Potato Grin ORIGINAL.jpg"	"0.164"	"D:\github\ron-english-sketches-grins\images\Sketches\grins\Mr Potato Grin ORIGINAL.jpg"	"True"	"False"	"D:\github\ron-english-sketches-grins\images\Sketches\grins2\Mr Potato Grin ORIGINAL.jpg"	"False"	"2026-05-07 19:03:08"
"Mummy Grin 1 COLOR.png"	"0.407"	"D:\github\ron-english-sketches-grins\images\Sketches\grins\Mummy Grin 1 COLOR.png"	"True"	"False"	"D:\github\ron-english-sketches-grins\images\Sketches\grins2\Mummy Grin 1 COLOR.png"	"False"	"2026-03-21 07:20:46"
"Mummy Grin 2 COLOR.jpg"	"0.174"	"D:\github\ron-english-sketches-grins\images\Sketches\grins\Mummy Grin 2 COLOR.jpg"	"True"	"False"	"D:\github\ron-english-sketches-grins\images\Sketches\grins2\Mummy Grin 2 COLOR.jpg"	"False"	"2026-05-08 06:07:11"
"Mummy Grin B&W.jpg"	"0.238"	"D:\github\ron-english-sketches-grins\images\Sketches\grins\Mummy Grin B&W.jpg"	"True"	"False"	"D:\github\ron-english-sketches-grins\images\Sketches\grins2\Mummy Grin B&W.jpg"	"False"	"2026-05-08 06:53:02"
"Mummy Grin COLOR.jpg"	"0.182"	"D:\github\ron-english-sketches-grins\images\Sketches\grins\Mummy Grin COLOR.jpg"	"True"	"False"	"D:\github\ron-english-sketches-grins\images\Sketches\grins2\Mummy Grin COLOR.jpg"	"False"	"2026-05-07 19:03:08"
"Mummy Grin ORIGINAL.jpg"	"0.243"	"D:\github\ron-english-sketches-grins\images\Sketches\grins\Mummy Grin ORIGINAL.jpg"	"True"	"False"	"D:\github\ron-english-sketches-grins\images\Sketches\grins2\Mummy Grin ORIGINAL.jpg"	"False"	"2026-05-07 18:52:24"
"Mush Man grin B&W.jpg"	"0.13"	"D:\github\ron-english-sketches-grins\images\Sketches\grins\Mush Man grin B&W.jpg"	"True"	"False"	"D:\github\ron-english-sketches-grins\images\Sketches\grins2\Mush Man grin B&W.jpg"	"False"	"2026-05-07 18:58:01"
"Mush Man grin COLOR.jpg"	"0.382"	"D:\github\ron-english-sketches-grins\images\Sketches\grins\Mush Man grin COLOR.jpg"	"True"	"False"	"D:\github\ron-english-sketches-grins\images\Sketches\grins2\Mush Man grin COLOR.jpg"	"False"	"2026-05-08 06:53:03"
"Mush Man grin ORIGINAL (2).jpg"	"0.269"	"D:\github\ron-english-sketches-grins\images\Sketches\grins\Mush Man grin ORIGINAL (2).jpg"	"True"	"False"	"D:\github\ron-english-sketches-grins\images\Sketches\grins2\Mush Man grin ORIGINAL (2).jpg"	"False"	"2026-05-10 04:53:40"
"Mush Man grin ORIGINAL COLOR.jpg"	"0.177"	"D:\github\ron-english-sketches-grins\images\Sketches\grins\Mush Man grin ORIGINAL COLOR.jpg"	"True"	"False"	"D:\github\ron-english-sketches-grins\images\Sketches\grins2\Mush Man grin ORIGINAL COLOR.jpg"	"False"	"2026-05-07 18:36:35"
"Mush Man grin ORIGINAL.jpg"	"0.132"	"D:\github\ron-english-sketches-grins\images\Sketches\grins\Mush Man grin ORIGINAL.jpg"	"True"	"False"	"D:\github\ron-english-sketches-grins\images\Sketches\grins2\Mush Man grin ORIGINAL.jpg"	"False"	"2026-05-07 18:36:35"
"Mush Man Grin side view B&W.jpg"	"0.219"	"D:\github\ron-english-sketches-grins\images\Sketches\grins\Mush Man Grin side view B&W.jpg"	"True"	"False"	"D:\github\ron-english-sketches-grins\images\Sketches\grins2\Mush Man Grin side view B&W.jpg"	"False"	"2026-05-07 18:58:01"
"Mush Man Grin side view COLOR.jpg"	"0.307"	"D:\github\ron-english-sketches-grins\images\Sketches\grins\Mush Man Grin side view COLOR.jpg"	"True"	"False"	"D:\github\ron-english-sketches-grins\images\Sketches\grins2\Mush Man Grin side view COLOR.jpg"	"False"	"2026-05-08 06:53:02"
"Mush Man Grin side view ORIGINAL.jpg"	"0.083"	"D:\github\ron-english-sketches-grins\images\Sketches\grins\Mush Man Grin side view ORIGINAL.jpg"	"True"	"False"	"D:\github\ron-english-sketches-grins\images\Sketches\grins2\Mush Man Grin side view ORIGINAL.jpg"	"False"	"2026-05-07 18:58:01"
"Mutley Grin B&W.jpg"	"0.373"	"D:\github\ron-english-sketches-grins\images\Sketches\grins\Mutley Grin B&W.jpg"	"True"	"False"	"D:\github\ron-english-sketches-grins\images\Sketches\grins2\Mutley Grin B&W.jpg"	"False"	"2026-05-08 06:52:54"
"Mutley Grin COLOR.jpg"	"0.29"	"D:\github\ron-english-sketches-grins\images\Sketches\grins\Mutley Grin COLOR.jpg"	"True"	"False"	"D:\github\ron-english-sketches-grins\images\Sketches\grins2\Mutley Grin COLOR.jpg"	"False"	"2026-05-08 06:12:28"
"Mutley Grin ORIGINAL.jpg"	"0.184"	"D:\github\ron-english-sketches-grins\images\Sketches\grins\Mutley Grin ORIGINAL.jpg"	"True"	"False"	"D:\github\ron-english-sketches-grins\images\Sketches\grins2\Mutley Grin ORIGINAL.jpg"	"False"	"2026-05-07 18:37:32"
"Negative Positive Grin ORIGINAL COLOR.jpg"	"0.122"	"D:\github\ron-english-sketches-grins\images\Sketches\grins\Negative Positive Grin ORIGINAL COLOR.jpg"	"True"	"False"	"D:\github\ron-english-sketches-grins\images\Sketches\grins2\Negative Positive Grin ORIGINAL COLOR.jpg"	"False"	"2026-05-08 06:12:28"
"Ninja Turtle Grin B&W.jpg"	"0.43"	"D:\github\ron-english-sketches-grins\images\Sketches\grins\Ninja Turtle Grin B&W.jpg"	"True"	"False"	"D:\github\ron-english-sketches-grins\images\Sketches\grins2\Ninja Turtle Grin B&W.jpg"	"False"	"2026-05-08 06:52:54"
"Ninja Turtle Grin COLOR.jpg"	"0.134"	"D:\github\ron-english-sketches-grins\images\Sketches\grins\Ninja Turtle Grin COLOR.jpg"	"True"	"False"	"D:\github\ron-english-sketches-grins\images\Sketches\grins2\Ninja Turtle Grin COLOR.jpg"	"False"	"2026-05-07 18:56:43"
"Ninja Turtle Grin ORIGINAL COLOR.jpg"	"0.173"	"D:\github\ron-english-sketches-grins\images\Sketches\grins\Ninja Turtle Grin ORIGINAL COLOR.jpg"	"True"	"False"	"D:\github\ron-english-sketches-grins\images\Sketches\grins2\Ninja Turtle Grin ORIGINAL COLOR.jpg"	"False"	"2026-05-08 06:36:23"
"Ninja Turtle Grin ORIGINAL.jpg"	"0.296"	"D:\github\ron-english-sketches-grins\images\Sketches\grins\Ninja Turtle Grin ORIGINAL.jpg"	"True"	"False"	"D:\github\ron-english-sketches-grins\images\Sketches\grins2\Ninja Turtle Grin ORIGINAL.jpg"	"False"	"2026-05-07 18:38:39"
"no and yes ORIGINAL.jpg"	"0.353"	"D:\github\ron-english-sketches-grins\images\Sketches\grins\no and yes ORIGINAL.jpg"	"False"	"True"	"D:\github\ron-english-sketches-grins\images\Sketches\grins2\no and yes ORIGINAL.jpg"	"False"	"2026-05-24 18:19:07"
"Olive Oil Grin B&W.jpg"	"0.315"	"D:\github\ron-english-sketches-grins\images\Sketches\grins\Olive Oil Grin B&W.jpg"	"True"	"False"	"D:\github\ron-english-sketches-grins\images\Sketches\grins2\Olive Oil Grin B&W.jpg"	"False"	"2026-05-08 06:36:59"
"Olive Oil Grin COLOR.jpg"	"0.462"	"D:\github\ron-english-sketches-grins\images\Sketches\grins\Olive Oil Grin COLOR.jpg"	"True"	"False"	"D:\github\ron-english-sketches-grins\images\Sketches\grins2\Olive Oil Grin COLOR.jpg"	"False"	"2026-05-08 06:53:03"
"Olive Oil Grin ORIGINAL.jpg"	"0.308"	"D:\github\ron-english-sketches-grins\images\Sketches\grins\Olive Oil Grin ORIGINAL.jpg"	"True"	"False"	"D:\github\ron-english-sketches-grins\images\Sketches\grins2\Olive Oil Grin ORIGINAL.jpg"	"False"	"2026-05-07 18:45:22"
"Orion Grin head front ORIGINAL.jpg"	"0.133"	"D:\github\ron-english-sketches-grins\images\Sketches\grins\Orion Grin head front ORIGINAL.jpg"	"True"	"False"	"D:\github\ron-english-sketches-grins\images\Sketches\grins2\Orion Grin head front ORIGINAL.jpg"	"False"	"2026-05-07 18:59:24"
"Orion Grin head side ORIGINAL.jpg"	"0.273"	"D:\github\ron-english-sketches-grins\images\Sketches\grins\Orion Grin head side ORIGINAL.jpg"	"True"	"False"	"D:\github\ron-english-sketches-grins\images\Sketches\grins2\Orion Grin head side ORIGINAL.jpg"	"False"	"2026-05-07 18:52:24"
"Orion Grin side ORIGINAL Colorway 1.jpg"	"0.121"	"D:\github\ron-english-sketches-grins\images\Sketches\grins\Orion Grin side ORIGINAL Colorway 1.jpg"	"True"	"False"	"D:\github\ron-english-sketches-grins\images\Sketches\grins2\Orion Grin side ORIGINAL Colorway 1.jpg"	"False"	"2026-05-08 06:12:28"
"Orion Grin side ORIGINAL Colorway 10.jpg"	"0.099"	"D:\github\ron-english-sketches-grins\images\Sketches\grins\Orion Grin side ORIGINAL Colorway 10.jpg"	"True"	"False"	"D:\github\ron-english-sketches-grins\images\Sketches\grins2\Orion Grin side ORIGINAL Colorway 10.jpg"	"False"	"2026-05-08 06:09:39"
"Orion Grin side ORIGINAL Colorway 11 (2).jpg"	"0.129"	"D:\github\ron-english-sketches-grins\images\Sketches\grins\Orion Grin side ORIGINAL Colorway 11 (2).jpg"	"True"	"False"	"D:\github\ron-english-sketches-grins\images\Sketches\grins2\Orion Grin side ORIGINAL Colorway 11 (2).jpg"	"False"	"2026-05-08 06:36:52"
"Orion Grin side ORIGINAL Colorway 12.jpg"	"0.125"	"D:\github\ron-english-sketches-grins\images\Sketches\grins\Orion Grin side ORIGINAL Colorway 12.jpg"	"True"	"False"	"D:\github\ron-english-sketches-grins\images\Sketches\grins2\Orion Grin side ORIGINAL Colorway 12.jpg"	"False"	"2026-05-08 06:36:52"
"Orion Grin side ORIGINAL Colorway 2.jpg"	"0.122"	"D:\github\ron-english-sketches-grins\images\Sketches\grins\Orion Grin side ORIGINAL Colorway 2.jpg"	"True"	"False"	"D:\github\ron-english-sketches-grins\images\Sketches\grins2\Orion Grin side ORIGINAL Colorway 2.jpg"	"False"	"2026-05-08 06:12:28"
"Orion Grin side ORIGINAL Colorway 3.jpg"	"0.12"	"D:\github\ron-english-sketches-grins\images\Sketches\grins\Orion Grin side ORIGINAL Colorway 3.jpg"	"True"	"False"	"D:\github\ron-english-sketches-grins\images\Sketches\grins2\Orion Grin side ORIGINAL Colorway 3.jpg"	"False"	"2026-05-08 06:12:28"
"Orion Grin side ORIGINAL Colorway 4.jpg"	"0.118"	"D:\github\ron-english-sketches-grins\images\Sketches\grins\Orion Grin side ORIGINAL Colorway 4.jpg"	"True"	"False"	"D:\github\ron-english-sketches-grins\images\Sketches\grins2\Orion Grin side ORIGINAL Colorway 4.jpg"	"False"	"2026-05-08 06:12:28"
"Orion Grin side ORIGINAL Colorway 5.jpg"	"0.148"	"D:\github\ron-english-sketches-grins\images\Sketches\grins\Orion Grin side ORIGINAL Colorway 5.jpg"	"True"	"False"	"D:\github\ron-english-sketches-grins\images\Sketches\grins2\Orion Grin side ORIGINAL Colorway 5.jpg"	"False"	"2026-05-08 06:36:52"
"Orion Grin side ORIGINAL Colorway 6.jpg"	"0.152"	"D:\github\ron-english-sketches-grins\images\Sketches\grins\Orion Grin side ORIGINAL Colorway 6.jpg"	"True"	"False"	"D:\github\ron-english-sketches-grins\images\Sketches\grins2\Orion Grin side ORIGINAL Colorway 6.jpg"	"False"	"2026-05-08 06:36:52"
"Orion Grin side ORIGINAL Colorway 8.jpg"	"0.153"	"D:\github\ron-english-sketches-grins\images\Sketches\grins\Orion Grin side ORIGINAL Colorway 8.jpg"	"True"	"False"	"D:\github\ron-english-sketches-grins\images\Sketches\grins2\Orion Grin side ORIGINAL Colorway 8.jpg"	"False"	"2026-05-08 06:36:52"
"Orion Grin side ORIGINAL Colorway 9.jpg"	"0.099"	"D:\github\ron-english-sketches-grins\images\Sketches\grins\Orion Grin side ORIGINAL Colorway 9.jpg"	"True"	"False"	"D:\github\ron-english-sketches-grins\images\Sketches\grins2\Orion Grin side ORIGINAL Colorway 9.jpg"	"False"	"2026-05-08 06:07:11"
"Orion Grin side ORIGINAL.jpeg"	"0.301"	"D:\github\ron-english-sketches-grins\images\Sketches\grins\Orion Grin side ORIGINAL.jpeg"	"True"	"False"	"D:\github\ron-english-sketches-grins\images\Sketches\grins2\Orion Grin side ORIGINAL.jpeg"	"False"	"2026-03-21 07:24:52"
"Panda Bear Grin B&W.jpg"	"0.314"	"D:\github\ron-english-sketches-grins\images\Sketches\grins\Panda Bear Grin B&W.jpg"	"True"	"False"	"D:\github\ron-english-sketches-grins\images\Sketches\grins2\Panda Bear Grin B&W.jpg"	"False"	"2026-05-08 06:52:45"
"Panda Bear Grin COLOR.jpg"	"0.106"	"D:\github\ron-english-sketches-grins\images\Sketches\grins\Panda Bear Grin COLOR.jpg"	"True"	"False"	"D:\github\ron-english-sketches-grins\images\Sketches\grins2\Panda Bear Grin COLOR.jpg"	"False"	"2026-05-07 18:36:35"
"Panda Bear Grin ORIGINAL.jpg"	"0.328"	"D:\github\ron-english-sketches-grins\images\Sketches\grins\Panda Bear Grin ORIGINAL.jpg"	"True"	"False"	"D:\github\ron-english-sketches-grins\images\Sketches\grins2\Panda Bear Grin ORIGINAL.jpg"	"False"	"2026-05-07 18:58:01"
"Panda Grin COLOR.jpg"	"0.336"	"D:\github\ron-english-sketches-grins\images\Sketches\grins\Panda Grin COLOR.jpg"	"True"	"False"	"D:\github\ron-english-sketches-grins\images\Sketches\grins2\Panda Grin COLOR.jpg"	"False"	"2026-05-08 06:53:03"
"Panda Grin ORIGINAL COLOR.jpg"	"0.115"	"D:\github\ron-english-sketches-grins\images\Sketches\grins\Panda Grin ORIGINAL COLOR.jpg"	"True"	"False"	"D:\github\ron-english-sketches-grins\images\Sketches\grins2\Panda Grin ORIGINAL COLOR.jpg"	"False"	"2026-05-08 06:12:29"
"Panda Grin ORIGINAL.jpg"	"0.079"	"D:\github\ron-english-sketches-grins\images\Sketches\grins\Panda Grin ORIGINAL.jpg"	"True"	"False"	"D:\github\ron-english-sketches-grins\images\Sketches\grins2\Panda Grin ORIGINAL.jpg"	"False"	"2026-05-07 09:15:13"
"Patrick Grin B&W.jpg"	"0.275"	"D:\github\ron-english-sketches-grins\images\Sketches\grins\Patrick Grin B&W.jpg"	"True"	"False"	"D:\github\ron-english-sketches-grins\images\Sketches\grins2\Patrick Grin B&W.jpg"	"False"	"2026-05-08 06:36:59"
"Patrick Grin COLOR.jpg"	"0.098"	"D:\github\ron-english-sketches-grins\images\Sketches\grins\Patrick Grin COLOR.jpg"	"True"	"False"	"D:\github\ron-english-sketches-grins\images\Sketches\grins2\Patrick Grin COLOR.jpg"	"False"	"2026-05-07 18:38:40"
"Patrick Grin in Water B&W.jpg"	"0.21"	"D:\github\ron-english-sketches-grins\images\Sketches\grins\Patrick Grin in Water B&W.jpg"	"True"	"False"	"D:\github\ron-english-sketches-grins\images\Sketches\grins2\Patrick Grin in Water B&W.jpg"	"False"	"2026-05-07 18:58:01"
"Patrick Grin in Water COLOR.jpg"	"0.165"	"D:\github\ron-english-sketches-grins\images\Sketches\grins\Patrick Grin in Water COLOR.jpg"	"True"	"False"	"D:\github\ron-english-sketches-grins\images\Sketches\grins2\Patrick Grin in Water COLOR.jpg"	"False"	"2026-05-07 18:38:40"
"Patrick Grin in Water ORIGINAL.jpg"	"0.115"	"D:\github\ron-english-sketches-grins\images\Sketches\grins\Patrick Grin in Water ORIGINAL.jpg"	"True"	"False"	"D:\github\ron-english-sketches-grins\images\Sketches\grins2\Patrick Grin in Water ORIGINAL.jpg"	"False"	"2026-05-07 18:38:39"
"Patrick Grin ORIGINAL COLOR 2.jpg"	"0.121"	"D:\github\ron-english-sketches-grins\images\Sketches\grins\Patrick Grin ORIGINAL COLOR 2.jpg"	"True"	"False"	"D:\github\ron-english-sketches-grins\images\Sketches\grins2\Patrick Grin ORIGINAL COLOR 2.jpg"	"False"	"2026-05-08 06:12:29"
"Patrick Grin ORIGINAL COLOR.jpg"	"0.095"	"D:\github\ron-english-sketches-grins\images\Sketches\grins\Patrick Grin ORIGINAL COLOR.jpg"	"True"	"False"	"D:\github\ron-english-sketches-grins\images\Sketches\grins2\Patrick Grin ORIGINAL COLOR.jpg"	"False"	"2026-05-08 06:07:11"
"Patrick Grin ORIGINAL.jpg"	"0.209"	"D:\github\ron-english-sketches-grins\images\Sketches\grins\Patrick Grin ORIGINAL.jpg"	"True"	"False"	"D:\github\ron-english-sketches-grins\images\Sketches\grins2\Patrick Grin ORIGINAL.jpg"	"False"	"2026-05-07 18:38:40"
"Peko Girl Grin B&W.jpg"	"0.144"	"D:\github\ron-english-sketches-grins\images\Sketches\grins\Peko Girl Grin B&W.jpg"	"True"	"False"	"D:\github\ron-english-sketches-grins\images\Sketches\grins2\Peko Girl Grin B&W.jpg"	"False"	"2026-05-07 18:37:31"
"Peko Girl Grin COLOR.jpg"	"0.322"	"D:\github\ron-english-sketches-grins\images\Sketches\grins\Peko Girl Grin COLOR.jpg"	"True"	"False"	"D:\github\ron-english-sketches-grins\images\Sketches\grins2\Peko Girl Grin COLOR.jpg"	"False"	"2026-05-08 06:36:39"
"Peko Girl Grin ORIGINAL.jpg"	"0.12"	"D:\github\ron-english-sketches-grins\images\Sketches\grins\Peko Girl Grin ORIGINAL.jpg"	"True"	"False"	"D:\github\ron-english-sketches-grins\images\Sketches\grins2\Peko Girl Grin ORIGINAL.jpg"	"False"	"2026-05-07 18:58:01"
"Pepz Boy Grin B&W.jpg"	"0.312"	"D:\github\ron-english-sketches-grins\images\Sketches\grins\Pepz Boy Grin B&W.jpg"	"True"	"False"	"D:\github\ron-english-sketches-grins\images\Sketches\grins2\Pepz Boy Grin B&W.jpg"	"False"	"2026-05-08 06:36:52"
"Pepz Boy Grin COLOR.jpg"	"0.357"	"D:\github\ron-english-sketches-grins\images\Sketches\grins\Pepz Boy Grin COLOR.jpg"	"True"	"False"	"D:\github\ron-english-sketches-grins\images\Sketches\grins2\Pepz Boy Grin COLOR.jpg"	"False"	"2026-05-08 06:52:54"
"Pepz Boy Grin ORIGINAL.jpeg"	"0.12"	"D:\github\ron-english-sketches-grins\images\Sketches\grins\Pepz Boy Grin ORIGINAL.jpeg"	"True"	"False"	"D:\github\ron-english-sketches-grins\images\Sketches\grins2\Pepz Boy Grin ORIGINAL.jpeg"	"False"	"2026-05-07 18:38:40"
"Pepz Boy Grin ORIGINAL.jpg"	"0.161"	"D:\github\ron-english-sketches-grins\images\Sketches\grins\Pepz Boy Grin ORIGINAL.jpg"	"True"	"False"	"D:\github\ron-english-sketches-grins\images\Sketches\grins2\Pepz Boy Grin ORIGINAL.jpg"	"False"	"2026-05-07 15:44:15"
"Peter Grin B&W.jpg"	"0.307"	"D:\github\ron-english-sketches-grins\images\Sketches\grins\Peter Grin B&W.jpg"	"True"	"False"	"D:\github\ron-english-sketches-grins\images\Sketches\grins2\Peter Grin B&W.jpg"	"False"	"2026-05-08 06:36:52"
"Peter Grin COLOR.jpg"	"0.515"	"D:\github\ron-english-sketches-grins\images\Sketches\grins\Peter Grin COLOR.jpg"	"True"	"False"	"D:\github\ron-english-sketches-grins\images\Sketches\grins2\Peter Grin COLOR.jpg"	"False"	"2026-05-08 06:53:03"
"Peter Grin ORIGINAL.jpg"	"0.258"	"D:\github\ron-english-sketches-grins\images\Sketches\grins\Peter Grin ORIGINAL.jpg"	"True"	"False"	"D:\github\ron-english-sketches-grins\images\Sketches\grins2\Peter Grin ORIGINAL.jpg"	"False"	"2026-05-07 18:38:39"
"Peter Potamus Grin B&W.jpg"	"0.316"	"D:\github\ron-english-sketches-grins\images\Sketches\grins\Peter Potamus Grin B&W.jpg"	"True"	"False"	"D:\github\ron-english-sketches-grins\images\Sketches\grins2\Peter Potamus Grin B&W.jpg"	"False"	"2026-05-08 06:36:59"
"Peter Potamus Grin COLOR.jpg"	"0.448"	"D:\github\ron-english-sketches-grins\images\Sketches\grins\Peter Potamus Grin COLOR.jpg"	"True"	"False"	"D:\github\ron-english-sketches-grins\images\Sketches\grins2\Peter Potamus Grin COLOR.jpg"	"False"	"2026-05-08 06:53:03"
"Peter Potamus Grin ORIGINAL.jpg"	"0.087"	"D:\github\ron-english-sketches-grins\images\Sketches\grins\Peter Potamus Grin ORIGINAL.jpg"	"True"	"False"	"D:\github\ron-english-sketches-grins\images\Sketches\grins2\Peter Potamus Grin ORIGINAL.jpg"	"False"	"2026-05-10 05:01:05"
"pinnochio grin right side - Trace girl - colored by susan - png.jpg"	"0.142"	"D:\github\ron-english-sketches-grins\images\Sketches\grins\pinnochio grin right side - Trace girl - colored by susan - png.jpg"	"False"	"True"	"D:\github\ron-english-sketches-grins\images\Sketches\grins2\pinnochio grin right side - Trace girl - colored by susan - png.jpg"	"False"	"2026-05-07 18:58:01"
"pinnochio grin three quarters - Trace girl - colored by susan - png.jpg"	"0.123"	"D:\github\ron-english-sketches-grins\images\Sketches\grins\pinnochio grin three quarters - Trace girl - colored by susan - png.jpg"	"False"	"True"	"D:\github\ron-english-sketches-grins\images\Sketches\grins2\pinnochio grin three quarters - Trace girl - colored by susan - png.jpg"	"False"	"2026-05-07 18:38:40"
"Pinocchio Grin back B&W.jpg"	"0.146"	"D:\github\ron-english-sketches-grins\images\Sketches\grins\Pinocchio Grin back B&W.jpg"	"True"	"False"	"D:\github\ron-english-sketches-grins\images\Sketches\grins2\Pinocchio Grin back B&W.jpg"	"False"	"2026-05-07 18:58:01"
"Pinocchio Grin back COLOR.jpg"	"0.106"	"D:\github\ron-english-sketches-grins\images\Sketches\grins\Pinocchio Grin back COLOR.jpg"	"True"	"False"	"D:\github\ron-english-sketches-grins\images\Sketches\grins2\Pinocchio Grin back COLOR.jpg"	"False"	"2026-05-07 18:38:40"
"Pinocchio Grin back ORIGINAL.jpg"	"0.103"	"D:\github\ron-english-sketches-grins\images\Sketches\grins\Pinocchio Grin back ORIGINAL.jpg"	"True"	"False"	"D:\github\ron-english-sketches-grins\images\Sketches\grins2\Pinocchio Grin back ORIGINAL.jpg"	"False"	"2026-05-07 18:38:40"
"Pinocchio Grin front B&W.jpg"	"0.164"	"D:\github\ron-english-sketches-grins\images\Sketches\grins\Pinocchio Grin front B&W.jpg"	"True"	"False"	"D:\github\ron-english-sketches-grins\images\Sketches\grins2\Pinocchio Grin front B&W.jpg"	"False"	"2026-05-07 18:58:01"
"Pinocchio Grin front COLOR.jpg"	"0.413"	"D:\github\ron-english-sketches-grins\images\Sketches\grins\Pinocchio Grin front COLOR.jpg"	"True"	"False"	"D:\github\ron-english-sketches-grins\images\Sketches\grins2\Pinocchio Grin front COLOR.jpg"	"False"	"2026-05-08 06:53:03"
"Pinocchio Grin front ORIGINAL.jpg"	"0.336"	"D:\github\ron-english-sketches-grins\images\Sketches\grins\Pinocchio Grin front ORIGINAL.jpg"	"True"	"False"	"D:\github\ron-english-sketches-grins\images\Sketches\grins2\Pinocchio Grin front ORIGINAL.jpg"	"False"	"2026-05-08 06:52:54"
"pinocchio grin left side - B&W - Trace girl.jpg"	"0.47"	"D:\github\ron-english-sketches-grins\images\Sketches\grins\pinocchio grin left side - B&W - Trace girl.jpg"	"False"	"True"	"D:\github\ron-english-sketches-grins\images\Sketches\grins2\pinocchio grin left side - B&W - Trace girl.jpg"	"False"	"2026-05-08 06:52:45"
"Pinocchio Grin Left Side COLOR.jpg"	"0.134"	"D:\github\ron-english-sketches-grins\images\Sketches\grins\Pinocchio Grin Left Side COLOR.jpg"	"True"	"False"	"D:\github\ron-english-sketches-grins\images\Sketches\grins2\Pinocchio Grin Left Side COLOR.jpg"	"False"	"2026-05-07 18:58:01"
"Pinocchio Grin Left Side ORIGINAL.jpg"	"0.11"	"D:\github\ron-english-sketches-grins\images\Sketches\grins\Pinocchio Grin Left Side ORIGINAL.jpg"	"True"	"False"	"D:\github\ron-english-sketches-grins\images\Sketches\grins2\Pinocchio Grin Left Side ORIGINAL.jpg"	"False"	"2026-05-07 18:38:40"
"Pinocchio Grin Left Side portrait ORIGINAL.jpg"	"0.363"	"D:\github\ron-english-sketches-grins\images\Sketches\grins\Pinocchio Grin Left Side portrait ORIGINAL.jpg"	"True"	"False"	"D:\github\ron-english-sketches-grins\images\Sketches\grins2\Pinocchio Grin Left Side portrait ORIGINAL.jpg"	"False"	"2026-05-10 05:01:45"
"Pinocchio Grin Right Side B&W.jpg"	"0.464"	"D:\github\ron-english-sketches-grins\images\Sketches\grins\Pinocchio Grin Right Side B&W.jpg"	"True"	"False"	"D:\github\ron-english-sketches-grins\images\Sketches\grins2\Pinocchio Grin Right Side B&W.jpg"	"False"	"2026-05-08 06:52:45"
"Pinocchio Grin Right Side ORIGINAL.jpg"	"0.09"	"D:\github\ron-english-sketches-grins\images\Sketches\grins\Pinocchio Grin Right Side ORIGINAL.jpg"	"True"	"False"	"D:\github\ron-english-sketches-grins\images\Sketches\grins2\Pinocchio Grin Right Side ORIGINAL.jpg"	"False"	"2026-05-07 18:37:32"
"Pinocchio Grin Three Quarters B&W.jpg"	"0.151"	"D:\github\ron-english-sketches-grins\images\Sketches\grins\Pinocchio Grin Three Quarters B&W.jpg"	"True"	"False"	"D:\github\ron-english-sketches-grins\images\Sketches\grins2\Pinocchio Grin Three Quarters B&W.jpg"	"False"	"2026-05-07 18:38:40"
"Pizza This Grin B&W.jpg"	"0.248"	"D:\github\ron-english-sketches-grins\images\Sketches\grins\Pizza This Grin B&W.jpg"	"True"	"False"	"D:\github\ron-english-sketches-grins\images\Sketches\grins2\Pizza This Grin B&W.jpg"	"False"	"2026-05-08 06:36:59"
"Pizza This Grin COLOR.jpg"	"0.266"	"D:\github\ron-english-sketches-grins\images\Sketches\grins\Pizza This Grin COLOR.jpg"	"True"	"False"	"D:\github\ron-english-sketches-grins\images\Sketches\grins2\Pizza This Grin COLOR.jpg"	"False"	"2026-05-08 06:36:59"
"Pizza This ORIGINAL.jpg"	"0.206"	"D:\github\ron-english-sketches-grins\images\Sketches\grins\Pizza This ORIGINAL.jpg"	"True"	"False"	"D:\github\ron-english-sketches-grins\images\Sketches\grins2\Pizza This ORIGINAL.jpg"	"False"	"2026-05-07 18:49:49"
"Plush Bear Grin front B&W.jpg"	"0.161"	"D:\github\ron-english-sketches-grins\images\Sketches\grins\Plush Bear Grin front B&W.jpg"	"True"	"False"	"D:\github\ron-english-sketches-grins\images\Sketches\grins2\Plush Bear Grin front B&W.jpg"	"False"	"2026-05-07 18:38:40"
"Plush Bear Grin front COLOR.jpg"	"0.159"	"D:\github\ron-english-sketches-grins\images\Sketches\grins\Plush Bear Grin front COLOR.jpg"	"True"	"False"	"D:\github\ron-english-sketches-grins\images\Sketches\grins2\Plush Bear Grin front COLOR.jpg"	"False"	"2026-05-07 18:38:40"
"Plush Bear Grinnies ORIGINAL COLOR.jpg"	"0.232"	"D:\github\ron-english-sketches-grins\images\Sketches\grins\Plush Bear Grinnies ORIGINAL COLOR.jpg"	"True"	"False"	"D:\github\ron-english-sketches-grins\images\Sketches\grins2\Plush Bear Grinnies ORIGINAL COLOR.jpg"	"False"	"2026-05-07 18:49:49"
"Plush Grin back ORIGINAL COLOR.jpg"	"0.101"	"D:\github\ron-english-sketches-grins\images\Sketches\grins\Plush Grin back ORIGINAL COLOR.jpg"	"True"	"False"	"D:\github\ron-english-sketches-grins\images\Sketches\grins2\Plush Grin back ORIGINAL COLOR.jpg"	"False"	"2026-05-07 18:49:49"
"Plush Grin front ORIGINAL COLOR.jpg"	"0.194"	"D:\github\ron-english-sketches-grins\images\Sketches\grins\Plush Grin front ORIGINAL COLOR.jpg"	"True"	"False"	"D:\github\ron-english-sketches-grins\images\Sketches\grins2\Plush Grin front ORIGINAL COLOR.jpg"	"False"	"2026-05-07 18:40:07"
"Popeye Butthead Grin B&W.jpg"	"0.314"	"D:\github\ron-english-sketches-grins\images\Sketches\grins\Popeye Butthead Grin B&W.jpg"	"True"	"False"	"D:\github\ron-english-sketches-grins\images\Sketches\grins2\Popeye Butthead Grin B&W.jpg"	"False"	"2026-05-08 06:36:59"
"Popeye Butthead Grin COLOR.jpg"	"0.441"	"D:\github\ron-english-sketches-grins\images\Sketches\grins\Popeye Butthead Grin COLOR.jpg"	"True"	"False"	"D:\github\ron-english-sketches-grins\images\Sketches\grins2\Popeye Butthead Grin COLOR.jpg"	"False"	"2026-05-08 06:53:03"
"Popeye Butthead Grin ORIGINAL.jpg"	"0.346"	"D:\github\ron-english-sketches-grins\images\Sketches\grins\Popeye Butthead Grin ORIGINAL.jpg"	"True"	"False"	"D:\github\ron-english-sketches-grins\images\Sketches\grins2\Popeye Butthead Grin ORIGINAL.jpg"	"False"	"2026-05-07 18:49:49"
"Powerpuff Girl Bubbles Grin B&W.jpg"	"0.317"	"D:\github\ron-english-sketches-grins\images\Sketches\grins\Powerpuff Girl Bubbles Grin B&W.jpg"	"True"	"False"	"D:\github\ron-english-sketches-grins\images\Sketches\grins2\Powerpuff Girl Bubbles Grin B&W.jpg"	"False"	"2026-05-08 06:36:59"
"Powerpuff Girl Bubbles Grin COLOR.jpg"	"0.461"	"D:\github\ron-english-sketches-grins\images\Sketches\grins\Powerpuff Girl Bubbles Grin COLOR.jpg"	"True"	"False"	"D:\github\ron-english-sketches-grins\images\Sketches\grins2\Powerpuff Girl Bubbles Grin COLOR.jpg"	"False"	"2026-05-08 06:53:03"
"Powerpuff Girl Bubbles Grin ORIGINAL.jpg"	"0.076"	"D:\github\ron-english-sketches-grins\images\Sketches\grins\Powerpuff Girl Bubbles Grin ORIGINAL.jpg"	"True"	"False"	"D:\github\ron-english-sketches-grins\images\Sketches\grins2\Powerpuff Girl Bubbles Grin ORIGINAL.jpg"	"False"	"2026-05-07 18:58:01"
"Pumpkin Grin B&W.jpg"	"0.336"	"D:\github\ron-english-sketches-grins\images\Sketches\grins\Pumpkin Grin B&W.jpg"	"True"	"False"	"D:\github\ron-english-sketches-grins\images\Sketches\grins2\Pumpkin Grin B&W.jpg"	"False"	"2026-05-08 06:52:45"
"Pumpkin Grin COLOR.jpg"	"0.123"	"D:\github\ron-english-sketches-grins\images\Sketches\grins\Pumpkin Grin COLOR.jpg"	"True"	"False"	"D:\github\ron-english-sketches-grins\images\Sketches\grins2\Pumpkin Grin COLOR.jpg"	"False"	"2026-05-07 18:36:35"
"Pumpkin Grin ORIGINAL.jpg"	"0.11"	"D:\github\ron-english-sketches-grins\images\Sketches\grins\Pumpkin Grin ORIGINAL.jpg"	"True"	"False"	"D:\github\ron-english-sketches-grins\images\Sketches\grins2\Pumpkin Grin ORIGINAL.jpg"	"False"	"2026-05-07 18:36:35"
"Pumpkin Grin Side View B&W.jpg"	"0.38"	"D:\github\ron-english-sketches-grins\images\Sketches\grins\Pumpkin Grin Side View B&W.jpg"	"True"	"False"	"D:\github\ron-english-sketches-grins\images\Sketches\grins2\Pumpkin Grin Side View B&W.jpg"	"False"	"2026-05-08 06:52:54"
"Pumpkin Grin Side View COLOR.jpg"	"0.307"	"D:\github\ron-english-sketches-grins\images\Sketches\grins\Pumpkin Grin Side View COLOR.jpg"	"True"	"False"	"D:\github\ron-english-sketches-grins\images\Sketches\grins2\Pumpkin Grin Side View COLOR.jpg"	"False"	"2026-05-07 18:52:24"
"Pumpkin Grin Side View ORIGINAL.jpg"	"0.091"	"D:\github\ron-english-sketches-grins\images\Sketches\grins\Pumpkin Grin Side View ORIGINAL.jpg"	"True"	"False"	"D:\github\ron-english-sketches-grins\images\Sketches\grins2\Pumpkin Grin Side View ORIGINAL.jpg"	"False"	"2026-05-07 18:58:01"
"Qhrist Grin 1 B&W.jpg"	"0.367"	"D:\github\ron-english-sketches-grins\images\Sketches\grins\Qhrist Grin 1 B&W.jpg"	"True"	"False"	"D:\github\ron-english-sketches-grins\images\Sketches\grins2\Qhrist Grin 1 B&W.jpg"	"False"	"2026-05-08 06:52:45"
"Qhrist Grin 1 COLOR.jpg"	"0.393"	"D:\github\ron-english-sketches-grins\images\Sketches\grins\Qhrist Grin 1 COLOR.jpg"	"True"	"False"	"D:\github\ron-english-sketches-grins\images\Sketches\grins2\Qhrist Grin 1 COLOR.jpg"	"False"	"2026-05-07 18:53:53"
"Qhrist Grin 1 ORIGINAL.jpg"	"0.125"	"D:\github\ron-english-sketches-grins\images\Sketches\grins\Qhrist Grin 1 ORIGINAL.jpg"	"True"	"False"	"D:\github\ron-english-sketches-grins\images\Sketches\grins2\Qhrist Grin 1 ORIGINAL.jpg"	"False"	"2026-05-07 18:53:54"
"Qhrist Grin 2 B&W.png"	"0.45"	"D:\github\ron-english-sketches-grins\images\Sketches\grins\Qhrist Grin 2 B&W.png"	"True"	"False"	"D:\github\ron-english-sketches-grins\images\Sketches\grins2\Qhrist Grin 2 B&W.png"	"False"	"2026-03-21 07:20:21"
"Qhrist Grin 2 card.jpg"	"0.172"	"D:\github\ron-english-sketches-grins\images\Sketches\grins\Qhrist Grin 2 card.jpg"	"True"	"False"	"D:\github\ron-english-sketches-grins\images\Sketches\grins2\Qhrist Grin 2 card.jpg"	"False"	"2026-03-21 07:26:42"
"Qhrist Grin 2 COLOR.jpg"	"0.231"	"D:\github\ron-english-sketches-grins\images\Sketches\grins\Qhrist Grin 2 COLOR.jpg"	"True"	"False"	"D:\github\ron-english-sketches-grins\images\Sketches\grins2\Qhrist Grin 2 COLOR.jpg"	"False"	"2026-05-08 06:36:59"
"Qhrist Grin 2 ORIGINAL.jpg"	"0.073"	"D:\github\ron-english-sketches-grins\images\Sketches\grins\Qhrist Grin 2 ORIGINAL.jpg"	"True"	"False"	"D:\github\ron-english-sketches-grins\images\Sketches\grins2\Qhrist Grin 2 ORIGINAL.jpg"	"False"	"2026-05-07 18:55:22"
"Quick Draw McGraw Grin B&W.jpg"	"0.324"	"D:\github\ron-english-sketches-grins\images\Sketches\grins\Quick Draw McGraw Grin B&W.jpg"	"True"	"False"	"D:\github\ron-english-sketches-grins\images\Sketches\grins2\Quick Draw McGraw Grin B&W.jpg"	"False"	"2026-05-08 06:36:59"
"Quick Draw McGraw Grin COLOR.jpg"	"0.285"	"D:\github\ron-english-sketches-grins\images\Sketches\grins\Quick Draw McGraw Grin COLOR.jpg"	"True"	"False"	"D:\github\ron-english-sketches-grins\images\Sketches\grins2\Quick Draw McGraw Grin COLOR.jpg"	"False"	"2026-05-08 06:36:52"
"Quick Draw McGraw Grin ORIGINAL.jpg"	"0.146"	"D:\github\ron-english-sketches-grins\images\Sketches\grins\Quick Draw McGraw Grin ORIGINAL.jpg"	"True"	"False"	"D:\github\ron-english-sketches-grins\images\Sketches\grins2\Quick Draw McGraw Grin ORIGINAL.jpg"	"False"	"2026-05-07 18:37:32"
"Rabbbit Double Grin Mouth B&W.jpg"	"0.133"	"D:\github\ron-english-sketches-grins\images\Sketches\grins\Rabbbit Double Grin Mouth B&W.jpg"	"True"	"False"	"D:\github\ron-english-sketches-grins\images\Sketches\grins2\Rabbbit Double Grin Mouth B&W.jpg"	"False"	"2026-05-07 18:38:40"
"Rabbbit Double Grin Mouth COLOR.jpg"	"0.479"	"D:\github\ron-english-sketches-grins\images\Sketches\grins\Rabbbit Double Grin Mouth COLOR.jpg"	"True"	"False"	"D:\github\ron-english-sketches-grins\images\Sketches\grins2\Rabbbit Double Grin Mouth COLOR.jpg"	"False"	"2026-05-08 06:52:54"
"Rabbbit Double Grin Mouth ORIGINAL.jpg"	"0.132"	"D:\github\ron-english-sketches-grins\images\Sketches\grins\Rabbbit Double Grin Mouth ORIGINAL.jpg"	"True"	"False"	"D:\github\ron-english-sketches-grins\images\Sketches\grins2\Rabbbit Double Grin Mouth ORIGINAL.jpg"	"False"	"2026-05-07 18:37:32"
"Rabbbit Grin B&W.jpg"	"0.286"	"D:\github\ron-english-sketches-grins\images\Sketches\grins\Rabbbit Grin B&W.jpg"	"True"	"False"	"D:\github\ron-english-sketches-grins\images\Sketches\grins2\Rabbbit Grin B&W.jpg"	"False"	"2026-05-07 18:58:01"
"Rabbbit Grin COLOR (2).jpg"	"0.371"	"D:\github\ron-english-sketches-grins\images\Sketches\grins\Rabbbit Grin COLOR (2).jpg"	"True"	"False"	"D:\github\ron-english-sketches-grins\images\Sketches\grins2\Rabbbit Grin COLOR (2).jpg"	"False"	"2026-05-08 06:52:54"
"Rabbbit Grin COLOR.jpg"	"0.151"	"D:\github\ron-english-sketches-grins\images\Sketches\grins\Rabbbit Grin COLOR.jpg"	"True"	"False"	"D:\github\ron-english-sketches-grins\images\Sketches\grins2\Rabbbit Grin COLOR.jpg"	"False"	"2026-05-09 12:16:54"
"Rabbbit Grin mouth B&W.jpg"	"0.303"	"D:\github\ron-english-sketches-grins\images\Sketches\grins\Rabbbit Grin mouth B&W.jpg"	"True"	"False"	"D:\github\ron-english-sketches-grins\images\Sketches\grins2\Rabbbit Grin mouth B&W.jpg"	"False"	"2026-05-08 06:36:15"
"Rabbbit Grin Mouth COLOR.jpg"	"0.266"	"D:\github\ron-english-sketches-grins\images\Sketches\grins\Rabbbit Grin Mouth COLOR.jpg"	"True"	"False"	"D:\github\ron-english-sketches-grins\images\Sketches\grins2\Rabbbit Grin Mouth COLOR.jpg"	"False"	"2026-05-08 06:52:45"
"Rabbbit Grin mouth ORIGINAL.jpg"	"0.1"	"D:\github\ron-english-sketches-grins\images\Sketches\grins\Rabbbit Grin mouth ORIGINAL.jpg"	"True"	"False"	"D:\github\ron-english-sketches-grins\images\Sketches\grins2\Rabbbit Grin mouth ORIGINAL.jpg"	"False"	"2026-05-07 18:58:01"
"Rabbbit Grin ORIGINAL COLOR.jpg"	"0.333"	"D:\github\ron-english-sketches-grins\images\Sketches\grins\Rabbbit Grin ORIGINAL COLOR.jpg"	"True"	"False"	"D:\github\ron-english-sketches-grins\images\Sketches\grins2\Rabbbit Grin ORIGINAL COLOR.jpg"	"False"	"2026-03-21 07:25:39"
"Rabbbit Grin ORIGINAL.jpg"	"0.333"	"D:\github\ron-english-sketches-grins\images\Sketches\grins\Rabbbit Grin ORIGINAL.jpg"	"True"	"False"	"D:\github\ron-english-sketches-grins\images\Sketches\grins2\Rabbbit Grin ORIGINAL.jpg"	"False"	"2026-05-07 18:38:40"
"Rabbbit Grin version 2 back B&W.jpg"	"0.276"	"D:\github\ron-english-sketches-grins\images\Sketches\grins\Rabbbit Grin version 2 back B&W.jpg"	"True"	"False"	"D:\github\ron-english-sketches-grins\images\Sketches\grins2\Rabbbit Grin version 2 back B&W.jpg"	"False"	"2026-05-08 06:53:02"
"Rabbbit Grin version 2 back COLOR.jpg"	"0.372"	"D:\github\ron-english-sketches-grins\images\Sketches\grins\Rabbbit Grin version 2 back COLOR.jpg"	"True"	"False"	"D:\github\ron-english-sketches-grins\images\Sketches\grins2\Rabbbit Grin version 2 back COLOR.jpg"	"False"	"2026-05-08 06:52:54"
"Rabbbit Grin version 2 back ORIGINAL.jpg"	"0.07"	"D:\github\ron-english-sketches-grins\images\Sketches\grins\Rabbbit Grin version 2 back ORIGINAL.jpg"	"True"	"False"	"D:\github\ron-english-sketches-grins\images\Sketches\grins2\Rabbbit Grin version 2 back ORIGINAL.jpg"	"False"	"2026-05-07 09:38:19"
"Rabbbit Grin version 2 front B&W.jpg"	"0.118"	"D:\github\ron-english-sketches-grins\images\Sketches\grins\Rabbbit Grin version 2 front B&W.jpg"	"True"	"False"	"D:\github\ron-english-sketches-grins\images\Sketches\grins2\Rabbbit Grin version 2 front B&W.jpg"	"False"	"2026-05-07 18:37:32"
"Rabbbit Grin version 2 front COLOR.jpg"	"0.16"	"D:\github\ron-english-sketches-grins\images\Sketches\grins\Rabbbit Grin version 2 front COLOR.jpg"	"True"	"False"	"D:\github\ron-english-sketches-grins\images\Sketches\grins2\Rabbbit Grin version 2 front COLOR.jpg"	"False"	"2026-05-09 12:16:54"
"Rabbbit Grin version 2 front ORIGINAL.jpg"	"0.157"	"D:\github\ron-english-sketches-grins\images\Sketches\grins\Rabbbit Grin version 2 front ORIGINAL.jpg"	"True"	"False"	"D:\github\ron-english-sketches-grins\images\Sketches\grins2\Rabbbit Grin version 2 front ORIGINAL.jpg"	"False"	"2026-05-07 18:37:32"
"Rabbbit Grin version 2 three quarters B&W.jpg"	"0.358"	"D:\github\ron-english-sketches-grins\images\Sketches\grins\Rabbbit Grin version 2 three quarters B&W.jpg"	"True"	"False"	"D:\github\ron-english-sketches-grins\images\Sketches\grins2\Rabbbit Grin version 2 three quarters B&W.jpg"	"False"	"2026-05-08 06:52:54"
"Rabbbit Grin version 2 three quarters COLOR.jpg"	"0.151"	"D:\github\ron-english-sketches-grins\images\Sketches\grins\Rabbbit Grin version 2 three quarters COLOR.jpg"	"True"	"False"	"D:\github\ron-english-sketches-grins\images\Sketches\grins2\Rabbbit Grin version 2 three quarters COLOR.jpg"	"False"	"2026-05-07 18:38:39"
"Rabbbit Grin version 2 three quarters ORIGINAL.jpg"	"0.096"	"D:\github\ron-english-sketches-grins\images\Sketches\grins\Rabbbit Grin version 2 three quarters ORIGINAL.jpg"	"True"	"False"	"D:\github\ron-english-sketches-grins\images\Sketches\grins2\Rabbbit Grin version 2 three quarters ORIGINAL.jpg"	"False"	"2026-05-07 18:36:35"
"Rabbbit Skull Grin B&W.jpg"	"0.117"	"D:\github\ron-english-sketches-grins\images\Sketches\grins\Rabbbit Skull Grin B&W.jpg"	"True"	"False"	"D:\github\ron-english-sketches-grins\images\Sketches\grins2\Rabbbit Skull Grin B&W.jpg"	"False"	"2026-05-07 18:37:32"
"Rabbbit Skull Grin COLOR.jpg"	"0.273"	"D:\github\ron-english-sketches-grins\images\Sketches\grins\Rabbbit Skull Grin COLOR.jpg"	"True"	"False"	"D:\github\ron-english-sketches-grins\images\Sketches\grins2\Rabbbit Skull Grin COLOR.jpg"	"False"	"2026-05-08 06:36:39"
"Rabbbit Skull Grin ORIGINAL COLOR.jpg"	"0.083"	"D:\github\ron-english-sketches-grins\images\Sketches\grins\Rabbbit Skull Grin ORIGINAL COLOR.jpg"	"True"	"False"	"D:\github\ron-english-sketches-grins\images\Sketches\grins2\Rabbbit Skull Grin ORIGINAL COLOR.jpg"	"False"	"2026-05-07 18:49:49"
"Rabbbit Skull Grin ORIGINAL.jpg"	"0.409"	"D:\github\ron-english-sketches-grins\images\Sketches\grins\Rabbbit Skull Grin ORIGINAL.jpg"	"True"	"False"	"D:\github\ron-english-sketches-grins\images\Sketches\grins2\Rabbbit Skull Grin ORIGINAL.jpg"	"False"	"2026-05-07 18:58:01"
"Rabbbit with Fangs side B&W.jpg"	"0.272"	"D:\github\ron-english-sketches-grins\images\Sketches\grins\Rabbbit with Fangs side B&W.jpg"	"True"	"False"	"D:\github\ron-english-sketches-grins\images\Sketches\grins2\Rabbbit with Fangs side B&W.jpg"	"False"	"2026-05-08 06:36:59"
"Rabbbit with Fangs side COLOR.jpg"	"0.182"	"D:\github\ron-english-sketches-grins\images\Sketches\grins\Rabbbit with Fangs side COLOR.jpg"	"True"	"False"	"D:\github\ron-english-sketches-grins\images\Sketches\grins2\Rabbbit with Fangs side COLOR.jpg"	"False"	"2026-05-07 18:58:01"
"Rabbbit with Fangs side ORIGINAL.jpg"	"0.077"	"D:\github\ron-english-sketches-grins\images\Sketches\grins\Rabbbit with Fangs side ORIGINAL.jpg"	"False"	"True"	"D:\github\ron-english-sketches-grins\images\Sketches\grins2\Rabbbit with Fangs side ORIGINAL.jpg"	"False"	"2026-05-07 18:38:39"
"Rabbit Grin 2 B&W.jpg"	"0.42"	"D:\github\ron-english-sketches-grins\images\Sketches\grins\Rabbit Grin 2 B&W.jpg"	"False"	"True"	"D:\github\ron-english-sketches-grins\images\Sketches\grins2\Rabbit Grin 2 B&W.jpg"	"False"	"2026-05-08 06:53:03"
"Rabbit Grin 2 COLOR.jpg"	"0.139"	"D:\github\ron-english-sketches-grins\images\Sketches\grins\Rabbit Grin 2 COLOR.jpg"	"False"	"True"	"D:\github\ron-english-sketches-grins\images\Sketches\grins2\Rabbit Grin 2 COLOR.jpg"	"False"	"2026-05-07 18:38:40"
"Rabbit Grin 2 ORIGINAL.jpg"	"0.167"	"D:\github\ron-english-sketches-grins\images\Sketches\grins\Rabbit Grin 2 ORIGINAL.jpg"	"False"	"True"	"D:\github\ron-english-sketches-grins\images\Sketches\grins2\Rabbit Grin 2 ORIGINAL.jpg"	"False"	"2026-05-08 05:37:11"
"Rabbit Grin B&W.jpg"	"0.338"	"D:\github\ron-english-sketches-grins\images\Sketches\grins\Rabbit Grin B&W.jpg"	"False"	"True"	"D:\github\ron-english-sketches-grins\images\Sketches\grins2\Rabbit Grin B&W.jpg"	"False"	"2026-05-08 06:36:59"
"Rabbit Grin COLOR.jpg"	"0.288"	"D:\github\ron-english-sketches-grins\images\Sketches\grins\Rabbit Grin COLOR.jpg"	"False"	"True"	"D:\github\ron-english-sketches-grins\images\Sketches\grins2\Rabbit Grin COLOR.jpg"	"False"	"2026-05-08 06:36:52"
"Rabbit Grin ORIGINAL.jpg"	"0.256"	"D:\github\ron-english-sketches-grins\images\Sketches\grins\Rabbit Grin ORIGINAL.jpg"	"False"	"True"	"D:\github\ron-english-sketches-grins\images\Sketches\grins2\Rabbit Grin ORIGINAL.jpg"	"False"	"2026-05-07 18:38:40"
"Ramones Grin 1 ORIGINAL.jpg"	"0.161"	"D:\github\ron-english-sketches-grins\images\Sketches\grins\Ramones Grin 1 ORIGINAL.jpg"	"False"	"True"	"D:\github\ron-english-sketches-grins\images\Sketches\grins2\Ramones Grin 1 ORIGINAL.jpg"	"False"	"2026-05-07 18:58:01"
"Ramones Grin 2 ORIGINAL.jpg"	"0.16"	"D:\github\ron-english-sketches-grins\images\Sketches\grins\Ramones Grin 2 ORIGINAL.jpg"	"False"	"True"	"D:\github\ron-english-sketches-grins\images\Sketches\grins2\Ramones Grin 2 ORIGINAL.jpg"	"False"	"2026-05-07 18:58:01"
"Ramones Grin 3 ORIGINAL.jpg"	"0.046"	"D:\github\ron-english-sketches-grins\images\Sketches\grins\Ramones Grin 3 ORIGINAL.jpg"	"False"	"True"	"D:\github\ron-english-sketches-grins\images\Sketches\grins2\Ramones Grin 3 ORIGINAL.jpg"	"False"	"2026-05-07 18:56:43"
"Ramones Grin 4 ORIGINAL.jpg"	"0.333"	"D:\github\ron-english-sketches-grins\images\Sketches\grins\Ramones Grin 4 ORIGINAL.jpg"	"False"	"True"	"D:\github\ron-english-sketches-grins\images\Sketches\grins2\Ramones Grin 4 ORIGINAL.jpg"	"False"	"2026-05-07 18:38:39"
"Ramones Grin 5 ORIGINAL.jpg"	"0.149"	"D:\github\ron-english-sketches-grins\images\Sketches\grins\Ramones Grin 5 ORIGINAL.jpg"	"False"	"True"	"D:\github\ron-english-sketches-grins\images\Sketches\grins2\Ramones Grin 5 ORIGINAL.jpg"	"False"	"2026-05-07 18:46:44"
"Richie Grin COLOR.jpg"	"0.483"	"D:\github\ron-english-sketches-grins\images\Sketches\grins\Richie Grin COLOR.jpg"	"False"	"True"	"D:\github\ron-english-sketches-grins\images\Sketches\grins2\Richie Grin COLOR.jpg"	"False"	"2026-05-08 06:53:03"
"Richie Grin ORIGINAL COLOR 2.jpg"	"0.13"	"D:\github\ron-english-sketches-grins\images\Sketches\grins\Richie Grin ORIGINAL COLOR 2.jpg"	"False"	"True"	"D:\github\ron-english-sketches-grins\images\Sketches\grins2\Richie Grin ORIGINAL COLOR 2.jpg"	"False"	"2026-05-08 06:12:28"
"Richie Grin ORIGINAL COLOR.jpg"	"0.211"	"D:\github\ron-english-sketches-grins\images\Sketches\grins\Richie Grin ORIGINAL COLOR.jpg"	"False"	"True"	"D:\github\ron-english-sketches-grins\images\Sketches\grins2\Richie Grin ORIGINAL COLOR.jpg"	"False"	"2026-05-07 18:49:49"
"Richie Grin ORIGINAL.jpg"	"0.1"	"D:\github\ron-english-sketches-grins\images\Sketches\grins\Richie Grin ORIGINAL.jpg"	"False"	"True"	"D:\github\ron-english-sketches-grins\images\Sketches\grins2\Richie Grin ORIGINAL.jpg"	"False"	"2026-05-07 18:53:54"
"Ring Racer 1 ORIGINAL COLOR.png"	"0.321"	"D:\github\ron-english-sketches-grins\images\Sketches\grins\Ring Racer 1 ORIGINAL COLOR.png"	"False"	"True"	"D:\github\ron-english-sketches-grins\images\Sketches\grins2\Ring Racer 1 ORIGINAL COLOR.png"	"False"	"2026-05-08 05:39:51"
"Ring Racer 2 ORIGINAL COLOR.png"	"0.34"	"D:\github\ron-english-sketches-grins\images\Sketches\grins\Ring Racer 2 ORIGINAL COLOR.png"	"False"	"True"	"D:\github\ron-english-sketches-grins\images\Sketches\grins2\Ring Racer 2 ORIGINAL COLOR.png"	"False"	"2026-05-08 05:39:51"
"Ring Racer 3 ORIGINAL COLOR.jpg"	"0.326"	"D:\github\ron-english-sketches-grins\images\Sketches\grins\Ring Racer 3 ORIGINAL COLOR.jpg"	"False"	"True"	"D:\github\ron-english-sketches-grins\images\Sketches\grins2\Ring Racer 3 ORIGINAL COLOR.jpg"	"False"	"2026-05-08 06:07:11"
"Ring Racer 4 ORIGINAL COLOR.jpg"	"0.335"	"D:\github\ron-english-sketches-grins\images\Sketches\grins\Ring Racer 4 ORIGINAL COLOR.jpg"	"False"	"True"	"D:\github\ron-english-sketches-grins\images\Sketches\grins2\Ring Racer 4 ORIGINAL COLOR.jpg"	"False"	"2026-05-08 06:07:11"
"Ring Racer 5 ORIGINAL COLOR.jpg"	"0.212"	"D:\github\ron-english-sketches-grins\images\Sketches\grins\Ring Racer 5 ORIGINAL COLOR.jpg"	"False"	"True"	"D:\github\ron-english-sketches-grins\images\Sketches\grins2\Ring Racer 5 ORIGINAL COLOR.jpg"	"False"	"2026-05-08 06:36:59"
"Ring Racer 5 ORIGINAL COLOR.png"	"0.344"	"D:\github\ron-english-sketches-grins\images\Sketches\grins\Ring Racer 5 ORIGINAL COLOR.png"	"False"	"True"	"D:\github\ron-english-sketches-grins\images\Sketches\grins2\Ring Racer 5 ORIGINAL COLOR.png"	"False"	"2026-05-08 05:39:51"
"Ring Racer 6 ORIGINAL COLOR.png"	"0.339"	"D:\github\ron-english-sketches-grins\images\Sketches\grins\Ring Racer 6 ORIGINAL COLOR.png"	"False"	"True"	"D:\github\ron-english-sketches-grins\images\Sketches\grins2\Ring Racer 6 ORIGINAL COLOR.png"	"False"	"2026-05-08 05:39:51"
"Ring Racer 7 ORIGINAL COLOR.png"	"0.339"	"D:\github\ron-english-sketches-grins\images\Sketches\grins\Ring Racer 7 ORIGINAL COLOR.png"	"False"	"True"	"D:\github\ron-english-sketches-grins\images\Sketches\grins2\Ring Racer 7 ORIGINAL COLOR.png"	"False"	"2026-05-08 05:39:51"
"Ring Racer 8 ORIGINAL COLOR.png"	"0.325"	"D:\github\ron-english-sketches-grins\images\Sketches\grins\Ring Racer 8 ORIGINAL COLOR.png"	"False"	"True"	"D:\github\ron-english-sketches-grins\images\Sketches\grins2\Ring Racer 8 ORIGINAL COLOR.png"	"False"	"2026-05-08 05:39:48"
"Ring Racer 9 ORIGINAL COLOR.png"	"0.316"	"D:\github\ron-english-sketches-grins\images\Sketches\grins\Ring Racer 9 ORIGINAL COLOR.png"	"False"	"True"	"D:\github\ron-english-sketches-grins\images\Sketches\grins2\Ring Racer 9 ORIGINAL COLOR.png"	"False"	"2026-05-08 05:39:48"
"Ring Racer ORIGINAL COLOR.1.jpg"	"0.226"	"D:\github\ron-english-sketches-grins\images\Sketches\grins\Ring Racer ORIGINAL COLOR.1.jpg"	"False"	"True"	"D:\github\ron-english-sketches-grins\images\Sketches\grins2\Ring Racer ORIGINAL COLOR.1.jpg"	"False"	"2026-05-08 06:36:59"
"Ring Racer ORIGINAL COLOR.jpg"	"0.456"	"D:\github\ron-english-sketches-grins\images\Sketches\grins\Ring Racer ORIGINAL COLOR.jpg"	"False"	"True"	"D:\github\ron-english-sketches-grins\images\Sketches\grins2\Ring Racer ORIGINAL COLOR.jpg"	"False"	"2026-05-08 06:53:03"
"Robbie Spray Grin B&W.jpg"	"0.437"	"D:\github\ron-english-sketches-grins\images\Sketches\grins\Robbie Spray Grin B&W.jpg"	"False"	"True"	"D:\github\ron-english-sketches-grins\images\Sketches\grins2\Robbie Spray Grin B&W.jpg"	"False"	"2026-05-08 06:52:45"
"Robbie Spray Grin COLOR.jpg"	"0.154"	"D:\github\ron-english-sketches-grins\images\Sketches\grins\Robbie Spray Grin COLOR.jpg"	"False"	"True"	"D:\github\ron-english-sketches-grins\images\Sketches\grins2\Robbie Spray Grin COLOR.jpg"	"False"	"2026-05-07 18:58:01"
"Robbie Spray Grin ORIGINAL.jpg"	"0.133"	"D:\github\ron-english-sketches-grins\images\Sketches\grins\Robbie Spray Grin ORIGINAL.jpg"	"False"	"True"	"D:\github\ron-english-sketches-grins\images\Sketches\grins2\Robbie Spray Grin ORIGINAL.jpg"	"False"	"2026-05-08 06:35:29"
"Robbie Spray Grin.jpg"	"0.472"	"D:\github\ron-english-sketches-grins\images\Sketches\grins\Robbie Spray Grin.jpg"	"False"	"True"	"D:\github\ron-english-sketches-grins\images\Sketches\grins2\Robbie Spray Grin.jpg"	"False"	"2026-05-07 09:49:23"
"Robby Robot Grin B&W.jpg"	"0.166"	"D:\github\ron-english-sketches-grins\images\Sketches\grins\Robby Robot Grin B&W.jpg"	"False"	"True"	"D:\github\ron-english-sketches-grins\images\Sketches\grins2\Robby Robot Grin B&W.jpg"	"False"	"2026-05-07 18:55:22"
"Robby Robot Grin COLOR.jpg"	"0.311"	"D:\github\ron-english-sketches-grins\images\Sketches\grins\Robby Robot Grin COLOR.jpg"	"False"	"True"	"D:\github\ron-english-sketches-grins\images\Sketches\grins2\Robby Robot Grin COLOR.jpg"	"False"	"2026-05-08 06:53:03"
"Robby Robot Grin ORIGINAL.jpg"	"0.324"	"D:\github\ron-english-sketches-grins\images\Sketches\grins\Robby Robot Grin ORIGINAL.jpg"	"False"	"True"	"D:\github\ron-english-sketches-grins\images\Sketches\grins2\Robby Robot Grin ORIGINAL.jpg"	"False"	"2026-05-07 19:03:08"
"Ron Fink Grin B&W.jpg"	"0.264"	"D:\github\ron-english-sketches-grins\images\Sketches\grins\Ron Fink Grin B&W.jpg"	"False"	"True"	"D:\github\ron-english-sketches-grins\images\Sketches\grins2\Ron Fink Grin B&W.jpg"	"False"	"2026-05-07 15:44:44"
"Ron Fink Grin COLOR.jpg"	"0.141"	"D:\github\ron-english-sketches-grins\images\Sketches\grins\Ron Fink Grin COLOR.jpg"	"False"	"True"	"D:\github\ron-english-sketches-grins\images\Sketches\grins2\Ron Fink Grin COLOR.jpg"	"False"	"2026-05-07 15:42:39"
"Ron Fink Grin ORIGINAL (2).jpg"	"0.194"	"D:\github\ron-english-sketches-grins\images\Sketches\grins\Ron Fink Grin ORIGINAL (2).jpg"	"False"	"True"	"D:\github\ron-english-sketches-grins\images\Sketches\grins2\Ron Fink Grin ORIGINAL (2).jpg"	"False"	"2026-05-07 15:43:46"
"Ron Fink Grin ORIGINAL.jpg"	"0.107"	"D:\github\ron-english-sketches-grins\images\Sketches\grins\Ron Fink Grin ORIGINAL.jpg"	"False"	"True"	"D:\github\ron-english-sketches-grins\images\Sketches\grins2\Ron Fink Grin ORIGINAL.jpg"	"False"	"2026-05-07 18:58:01"
"Ron Grin Face Icon ORIGINAL COLOR.jpg"	"0.19"	"D:\github\ron-english-sketches-grins\images\Sketches\grins\Ron Grin Face Icon ORIGINAL COLOR.jpg"	"False"	"True"	"D:\github\ron-english-sketches-grins\images\Sketches\grins2\Ron Grin Face Icon ORIGINAL COLOR.jpg"	"False"	"2026-05-08 06:36:59"
"Rosie Jetson Grin B&W.jpg"	"0.468"	"D:\github\ron-english-sketches-grins\images\Sketches\grins\Rosie Jetson Grin B&W.jpg"	"False"	"True"	"D:\github\ron-english-sketches-grins\images\Sketches\grins2\Rosie Jetson Grin B&W.jpg"	"False"	"2026-05-08 06:52:54"
"Rosie Jetson Grin COLOR.jpg"	"0.369"	"D:\github\ron-english-sketches-grins\images\Sketches\grins\Rosie Jetson Grin COLOR.jpg"	"False"	"True"	"D:\github\ron-english-sketches-grins\images\Sketches\grins2\Rosie Jetson Grin COLOR.jpg"	"False"	"2026-05-08 06:52:45"
"Rosie Jetson Grin ORIGINAL.jpg"	"0.283"	"D:\github\ron-english-sketches-grins\images\Sketches\grins\Rosie Jetson Grin ORIGINAL.jpg"	"False"	"True"	"D:\github\ron-english-sketches-grins\images\Sketches\grins2\Rosie Jetson Grin ORIGINAL.jpg"	"False"	"2026-05-07 18:38:40"
"Rugrat Grin B&W.jpg"	"0.3"	"D:\github\ron-english-sketches-grins\images\Sketches\grins\Rugrat Grin B&W.jpg"	"False"	"True"	"D:\github\ron-english-sketches-grins\images\Sketches\grins2\Rugrat Grin B&W.jpg"	"False"	"2026-05-08 06:36:52"
"Rugrat Grin COLOR.jpg"	"0.517"	"D:\github\ron-english-sketches-grins\images\Sketches\grins\Rugrat Grin COLOR.jpg"	"False"	"True"	"D:\github\ron-english-sketches-grins\images\Sketches\grins2\Rugrat Grin COLOR.jpg"	"False"	"2026-05-08 06:53:03"
"Rugrat Grin ORIGINAL.jpg"	"0.344"	"D:\github\ron-english-sketches-grins\images\Sketches\grins\Rugrat Grin ORIGINAL.jpg"	"False"	"True"	"D:\github\ron-english-sketches-grins\images\Sketches\grins2\Rugrat Grin ORIGINAL.jpg"	"False"	"2026-05-07 18:45:22"
"Santa Cruz Hand Grin B&W.jpg"	"0.324"	"D:\github\ron-english-sketches-grins\images\Sketches\grins\Santa Cruz Hand Grin B&W.jpg"	"False"	"True"	"D:\github\ron-english-sketches-grins\images\Sketches\grins2\Santa Cruz Hand Grin B&W.jpg"	"False"	"2026-05-08 06:36:15"
"Santa Cruz Hand Grin COLOR.png"	"0.252"	"D:\github\ron-english-sketches-grins\images\Sketches\grins\Santa Cruz Hand Grin COLOR.png"	"False"	"True"	"D:\github\ron-english-sketches-grins\images\Sketches\grins2\Santa Cruz Hand Grin COLOR.png"	"False"	"2026-05-08 10:15:40"
"Santa Cruz Hand Grin ORIGINAL.jpg"	"0.152"	"D:\github\ron-english-sketches-grins\images\Sketches\grins\Santa Cruz Hand Grin ORIGINAL.jpg"	"False"	"True"	"D:\github\ron-english-sketches-grins\images\Sketches\grins2\Santa Cruz Hand Grin ORIGINAL.jpg"	"False"	"2026-05-07 18:36:35"
"Santa Grin 1 B&W.jpg"	"0.456"	"D:\github\ron-english-sketches-grins\images\Sketches\grins\Santa Grin 1 B&W.jpg"	"False"	"True"	"D:\github\ron-english-sketches-grins\images\Sketches\grins2\Santa Grin 1 B&W.jpg"	"False"	"2026-05-08 06:52:54"
"Santa Grin 1 COLOR.jpg"	"0.191"	"D:\github\ron-english-sketches-grins\images\Sketches\grins\Santa Grin 1 COLOR.jpg"	"False"	"True"	"D:\github\ron-english-sketches-grins\images\Sketches\grins2\Santa Grin 1 COLOR.jpg"	"False"	"2026-05-07 19:03:08"
"Santa Grin 1 ORIGINAL.jpg"	"0.306"	"D:\github\ron-english-sketches-grins\images\Sketches\grins\Santa Grin 1 ORIGINAL.jpg"	"False"	"True"	"D:\github\ron-english-sketches-grins\images\Sketches\grins2\Santa Grin 1 ORIGINAL.jpg"	"False"	"2026-05-07 18:38:39"
"Santa Grin 2 B&W.jpg"	"0.434"	"D:\github\ron-english-sketches-grins\images\Sketches\grins\Santa Grin 2 B&W.jpg"	"False"	"True"	"D:\github\ron-english-sketches-grins\images\Sketches\grins2\Santa Grin 2 B&W.jpg"	"False"	"2026-05-08 06:52:54"
"Santa Grin 2 card.png"	"0.223"	"D:\github\ron-english-sketches-grins\images\Sketches\grins\Santa Grin 2 card.png"	"False"	"True"	"D:\github\ron-english-sketches-grins\images\Sketches\grins2\Santa Grin 2 card.png"	"False"	"2026-03-21 07:25:40"
"Santa Grin 2 COLOR.jpg"	"0.126"	"D:\github\ron-english-sketches-grins\images\Sketches\grins\Santa Grin 2 COLOR.jpg"	"False"	"True"	"D:\github\ron-english-sketches-grins\images\Sketches\grins2\Santa Grin 2 COLOR.jpg"	"False"	"2026-05-07 18:56:43"
"Santa Grin 2 ORIGINAL COLOR.jpg"	"0.07"	"D:\github\ron-english-sketches-grins\images\Sketches\grins\Santa Grin 2 ORIGINAL COLOR.jpg"	"False"	"True"	"D:\github\ron-english-sketches-grins\images\Sketches\grins2\Santa Grin 2 ORIGINAL COLOR.jpg"	"False"	"2026-05-07 18:49:49"
"Santa Grin 3 B&W.jpg"	"0.35"	"D:\github\ron-english-sketches-grins\images\Sketches\grins\Santa Grin 3 B&W.jpg"	"False"	"True"	"D:\github\ron-english-sketches-grins\images\Sketches\grins2\Santa Grin 3 B&W.jpg"	"False"	"2026-05-08 06:52:54"
"Santa Grin 3 COLOR.jpg"	"0.27"	"D:\github\ron-english-sketches-grins\images\Sketches\grins\Santa Grin 3 COLOR.jpg"	"False"	"True"	"D:\github\ron-english-sketches-grins\images\Sketches\grins2\Santa Grin 3 COLOR.jpg"	"False"	"2026-05-08 06:53:02"
"Santa Grin 3 ORIGINAL.jpg"	"0.164"	"D:\github\ron-english-sketches-grins\images\Sketches\grins\Santa Grin 3 ORIGINAL.jpg"	"False"	"True"	"D:\github\ron-english-sketches-grins\images\Sketches\grins2\Santa Grin 3 ORIGINAL.jpg"	"False"	"2026-05-07 18:55:22"
"Scan_20241122 ORIGINAL.jpg"	"0.261"	"D:\github\ron-english-sketches-grins\images\Sketches\grins\Scan_20241122 ORIGINAL.jpg"	"False"	"True"	"D:\github\ron-english-sketches-grins\images\Sketches\grins2\Scan_20241122 ORIGINAL.jpg"	"False"	"2026-05-24 18:19:08"
"Scooby Doo Grin B&W.jpg"	"0.327"	"D:\github\ron-english-sketches-grins\images\Sketches\grins\Scooby Doo Grin B&W.jpg"	"False"	"True"	"D:\github\ron-english-sketches-grins\images\Sketches\grins2\Scooby Doo Grin B&W.jpg"	"False"	"2026-05-08 06:36:59"
"Scooby Doo Grin COLOR.jpg"	"0.291"	"D:\github\ron-english-sketches-grins\images\Sketches\grins\Scooby Doo Grin COLOR.jpg"	"False"	"True"	"D:\github\ron-english-sketches-grins\images\Sketches\grins2\Scooby Doo Grin COLOR.jpg"	"False"	"2026-05-08 06:36:52"
"Scooby Doo Grin ORIGINAL.jpg"	"0.178"	"D:\github\ron-english-sketches-grins\images\Sketches\grins\Scooby Doo Grin ORIGINAL.jpg"	"False"	"True"	"D:\github\ron-english-sketches-grins\images\Sketches\grins2\Scooby Doo Grin ORIGINAL.jpg"	"False"	"2026-05-07 18:38:40"
"Scream Grin B&W.jpg"	"0.332"	"D:\github\ron-english-sketches-grins\images\Sketches\grins\Scream Grin B&W.jpg"	"False"	"True"	"D:\github\ron-english-sketches-grins\images\Sketches\grins2\Scream Grin B&W.jpg"	"False"	"2026-05-08 06:52:45"
"Scream Grin COLOR.jpg"	"0.208"	"D:\github\ron-english-sketches-grins\images\Sketches\grins\Scream Grin COLOR.jpg"	"False"	"True"	"D:\github\ron-english-sketches-grins\images\Sketches\grins2\Scream Grin COLOR.jpg"	"False"	"2026-05-07 19:03:08"
"Scream Grin ORIGINAL.jpg"	"0.211"	"D:\github\ron-english-sketches-grins\images\Sketches\grins\Scream Grin ORIGINAL.jpg"	"False"	"True"	"D:\github\ron-english-sketches-grins\images\Sketches\grins2\Scream Grin ORIGINAL.jpg"	"False"	"2026-05-07 18:38:39"
"seen collab spraycan toy front2 ORIGINAL.jpg"	"0.21"	"D:\github\ron-english-sketches-grins\images\Sketches\grins\seen collab spraycan toy front2 ORIGINAL.jpg"	"False"	"True"	"D:\github\ron-english-sketches-grins\images\Sketches\grins2\seen collab spraycan toy front2 ORIGINAL.jpg"	"False"	"2026-05-24 18:19:08"
"Sever Fairy Landshark Grin (Mickey Fin) B&W.png"	"0.061"	"D:\github\ron-english-sketches-grins\images\Sketches\grins\Sever Fairy Landshark Grin (Mickey Fin) B&W.png"	"False"	"True"	"D:\github\ron-english-sketches-grins\images\Sketches\grins2\Sever Fairy Landshark Grin (Mickey Fin) B&W.png"	"False"	"2026-05-08 07:05:03"
"Sever Fairy Landshark Grin (Mickey Fin) COLOR.jpg"	"0.172"	"D:\github\ron-english-sketches-grins\images\Sketches\grins\Sever Fairy Landshark Grin (Mickey Fin) COLOR.jpg"	"False"	"True"	"D:\github\ron-english-sketches-grins\images\Sketches\grins2\Sever Fairy Landshark Grin (Mickey Fin) COLOR.jpg"	"False"	"2026-05-08 06:07:11"
"Sever Fairy Landshark Grin (Mickey Fin) ORIGINAL.jpg"	"0.165"	"D:\github\ron-english-sketches-grins\images\Sketches\grins\Sever Fairy Landshark Grin (Mickey Fin) ORIGINAL.jpg"	"False"	"True"	"D:\github\ron-english-sketches-grins\images\Sketches\grins2\Sever Fairy Landshark Grin (Mickey Fin) ORIGINAL.jpg"	"False"	"2026-05-07 18:37:32"
"Sever Fairy Landshark Grin Front (Mickey Fin) COLOR.png"	"0.198"	"D:\github\ron-english-sketches-grins\images\Sketches\grins\Sever Fairy Landshark Grin Front (Mickey Fin) COLOR.png"	"False"	"True"	"D:\github\ron-english-sketches-grins\images\Sketches\grins2\Sever Fairy Landshark Grin Front (Mickey Fin) COLOR.png"	"False"	"2026-05-08 07:02:47"
"Sever Fairy Landshark Grin Front (Mickey Fin) ORIGINAL.jpg"	"0.074"	"D:\github\ron-english-sketches-grins\images\Sketches\grins\Sever Fairy Landshark Grin Front (Mickey Fin) ORIGINAL.jpg"	"False"	"True"	"D:\github\ron-english-sketches-grins\images\Sketches\grins2\Sever Fairy Landshark Grin Front (Mickey Fin) ORIGINAL.jpg"	"False"	"2026-05-07 18:55:22"
"Sever Fairy Landshark Grin ORIGINAL COLOR.jpg"	"0.069"	"D:\github\ron-english-sketches-grins\images\Sketches\grins\Sever Fairy Landshark Grin ORIGINAL COLOR.jpg"	"False"	"True"	"D:\github\ron-english-sketches-grins\images\Sketches\grins2\Sever Fairy Landshark Grin ORIGINAL COLOR.jpg"	"False"	"2026-05-08 06:07:11"
"Sever Fairy Landshark Grin three quarters COLOR.jpg"	"0.183"	"D:\github\ron-english-sketches-grins\images\Sketches\grins\Sever Fairy Landshark Grin three quarters COLOR.jpg"	"False"	"True"	"D:\github\ron-english-sketches-grins\images\Sketches\grins2\Sever Fairy Landshark Grin three quarters COLOR.jpg"	"False"	"2026-05-07 18:38:40"
"Sever Fairy Landshark Grin three quarters ORIGINAL.jpg"	"0.212"	"D:\github\ron-english-sketches-grins\images\Sketches\grins\Sever Fairy Landshark Grin three quarters ORIGINAL.jpg"	"False"	"True"	"D:\github\ron-english-sketches-grins\images\Sketches\grins2\Sever Fairy Landshark Grin three quarters ORIGINAL.jpg"	"False"	"2026-05-07 18:53:53"
"Sever Fairy Landshark Grin three quarters png.jpg"	"0.323"	"D:\github\ron-english-sketches-grins\images\Sketches\grins\Sever Fairy Landshark Grin three quarters png.jpg"	"False"	"True"	"D:\github\ron-english-sketches-grins\images\Sketches\grins2\Sever Fairy Landshark Grin three quarters png.jpg"	"False"	"2026-05-08 06:36:52"
"Shark Grin B&W.jpg"	"0.35"	"D:\github\ron-english-sketches-grins\images\Sketches\grins\Shark Grin B&W.jpg"	"False"	"True"	"D:\github\ron-english-sketches-grins\images\Sketches\grins2\Shark Grin B&W.jpg"	"False"	"2026-05-08 06:52:45"
"Shark Grin COLOR.jpg"	"0.05"	"D:\github\ron-english-sketches-grins\images\Sketches\grins\Shark Grin COLOR.jpg"	"False"	"True"	"D:\github\ron-english-sketches-grins\images\Sketches\grins2\Shark Grin COLOR.jpg"	"False"	"2026-05-07 18:36:35"
"Shark Grin Hotrod B&W.jpg"	"0.168"	"D:\github\ron-english-sketches-grins\images\Sketches\grins\Shark Grin Hotrod B&W.jpg"	"False"	"True"	"D:\github\ron-english-sketches-grins\images\Sketches\grins2\Shark Grin Hotrod B&W.jpg"	"False"	"2026-05-07 18:38:40"
"Shark Grin Hotrod COLOR.jpg"	"0.219"	"D:\github\ron-english-sketches-grins\images\Sketches\grins\Shark Grin Hotrod COLOR.jpg"	"False"	"True"	"D:\github\ron-english-sketches-grins\images\Sketches\grins2\Shark Grin Hotrod COLOR.jpg"	"False"	"2026-05-08 06:36:59"
"Shark Grin Hotrod ORIGINAL.jpg"	"0.098"	"D:\github\ron-english-sketches-grins\images\Sketches\grins\Shark Grin Hotrod ORIGINAL.jpg"	"False"	"True"	"D:\github\ron-english-sketches-grins\images\Sketches\grins2\Shark Grin Hotrod ORIGINAL.jpg"	"False"	"2026-05-07 18:37:32"
"Shark Grin ORIGINAL COLOR.jpg"	"0.199"	"D:\github\ron-english-sketches-grins\images\Sketches\grins\Shark Grin ORIGINAL COLOR.jpg"	"False"	"True"	"D:\github\ron-english-sketches-grins\images\Sketches\grins2\Shark Grin ORIGINAL COLOR.jpg"	"False"	"2026-05-07 18:49:49"
"Shark Grin ORIGINAL.jpg"	"0.201"	"D:\github\ron-english-sketches-grins\images\Sketches\grins\Shark Grin ORIGINAL.jpg"	"False"	"True"	"D:\github\ron-english-sketches-grins\images\Sketches\grins2\Shark Grin ORIGINAL.jpg"	"False"	"2026-05-07 18:29:17"
"Shark Man Grin B&W.jpg"	"0.058"	"D:\github\ron-english-sketches-grins\images\Sketches\grins\Shark Man Grin B&W.jpg"	"False"	"True"	"D:\github\ron-english-sketches-grins\images\Sketches\grins2\Shark Man Grin B&W.jpg"	"False"	"2026-05-08 06:12:29"
"Shark Man Grin COLOR.jpg"	"0.269"	"D:\github\ron-english-sketches-grins\images\Sketches\grins\Shark Man Grin COLOR.jpg"	"False"	"True"	"D:\github\ron-english-sketches-grins\images\Sketches\grins2\Shark Man Grin COLOR.jpg"	"False"	"2026-05-07 16:38:35"
"Shark Man Grin ORIGINAL.jpg"	"0.117"	"D:\github\ron-english-sketches-grins\images\Sketches\grins\Shark Man Grin ORIGINAL.jpg"	"False"	"True"	"D:\github\ron-english-sketches-grins\images\Sketches\grins2\Shark Man Grin ORIGINAL.jpg"	"False"	"2026-05-07 18:38:40"
"sharkhead grin front ORIGINAL.jpg"	"0.175"	"D:\github\ron-english-sketches-grins\images\Sketches\grins\sharkhead grin front ORIGINAL.jpg"	"False"	"True"	"D:\github\ron-english-sketches-grins\images\Sketches\grins2\sharkhead grin front ORIGINAL.jpg"	"False"	"2026-05-24 18:19:08"
"sharkhead grin side ORIGINAL.jpg"	"0.129"	"D:\github\ron-english-sketches-grins\images\Sketches\grins\sharkhead grin side ORIGINAL.jpg"	"False"	"True"	"D:\github\ron-english-sketches-grins\images\Sketches\grins2\sharkhead grin side ORIGINAL.jpg"	"False"	"2026-05-24 18:19:09"
"Simpsons Family Grins 1 ORIGINAL.jpg"	"0.095"	"D:\github\ron-english-sketches-grins\images\Sketches\grins\Simpsons Family Grins 1 ORIGINAL.jpg"	"False"	"True"	"D:\github\ron-english-sketches-grins\images\Sketches\grins2\Simpsons Family Grins 1 ORIGINAL.jpg"	"False"	"2026-05-07 18:56:43"
"Simpsons Family Grins 2 ORIGINAL.jpg"	"0.226"	"D:\github\ron-english-sketches-grins\images\Sketches\grins\Simpsons Family Grins 2 ORIGINAL.jpg"	"False"	"True"	"D:\github\ron-english-sketches-grins\images\Sketches\grins2\Simpsons Family Grins 2 ORIGINAL.jpg"	"False"	"2026-05-07 18:52:24"
"Skeleton Grin front B&W.jpg"	"0.471"	"D:\github\ron-english-sketches-grins\images\Sketches\grins\Skeleton Grin front B&W.jpg"	"False"	"True"	"D:\github\ron-english-sketches-grins\images\Sketches\grins2\Skeleton Grin front B&W.jpg"	"False"	"2026-05-08 06:53:03"
"Skeleton Grin front COLOR.jpg"	"0.15"	"D:\github\ron-english-sketches-grins\images\Sketches\grins\Skeleton Grin front COLOR.jpg"	"False"	"True"	"D:\github\ron-english-sketches-grins\images\Sketches\grins2\Skeleton Grin front COLOR.jpg"	"False"	"2026-05-07 18:38:40"
"Skeleton Grin front ORIGINAL.jpg"	"0.095"	"D:\github\ron-english-sketches-grins\images\Sketches\grins\Skeleton Grin front ORIGINAL.jpg"	"False"	"True"	"D:\github\ron-english-sketches-grins\images\Sketches\grins2\Skeleton Grin front ORIGINAL.jpg"	"False"	"2026-05-07 18:46:44"
"Skeleton Grin side B&W.jpg"	"0.397"	"D:\github\ron-english-sketches-grins\images\Sketches\grins\Skeleton Grin side B&W.jpg"	"False"	"True"	"D:\github\ron-english-sketches-grins\images\Sketches\grins2\Skeleton Grin side B&W.jpg"	"False"	"2026-05-08 06:53:03"
"Skeleton Grin side COLOR.jpg"	"0.127"	"D:\github\ron-english-sketches-grins\images\Sketches\grins\Skeleton Grin side COLOR.jpg"	"False"	"True"	"D:\github\ron-english-sketches-grins\images\Sketches\grins2\Skeleton Grin side COLOR.jpg"	"False"	"2026-05-07 18:38:40"
"Skeleton Grin side ORIGINAL.jpg"	"0.064"	"D:\github\ron-english-sketches-grins\images\Sketches\grins\Skeleton Grin side ORIGINAL.jpg"	"False"	"True"	"D:\github\ron-english-sketches-grins\images\Sketches\grins2\Skeleton Grin side ORIGINAL.jpg"	"False"	"2026-05-07 18:36:35"
"Slo Moe Grin Portrait B&W.jpg"	"0.062"	"D:\github\ron-english-sketches-grins\images\Sketches\grins\Slo Moe Grin Portrait B&W.jpg"	"False"	"True"	"D:\github\ron-english-sketches-grins\images\Sketches\grins2\Slo Moe Grin Portrait B&W.jpg"	"False"	"2026-05-08 07:05:25"
"Slo Moe Grin portrait closeup ORIGINAL.jpg"	"0.074"	"D:\github\ron-english-sketches-grins\images\Sketches\grins\Slo Moe Grin portrait closeup ORIGINAL.jpg"	"False"	"True"	"D:\github\ron-english-sketches-grins\images\Sketches\grins2\Slo Moe Grin portrait closeup ORIGINAL.jpg"	"False"	"2026-05-07 18:55:22"
"Slo Moe Grin Portrait COLOR.jpg"	"0.181"	"D:\github\ron-english-sketches-grins\images\Sketches\grins\Slo Moe Grin Portrait COLOR.jpg"	"False"	"True"	"D:\github\ron-english-sketches-grins\images\Sketches\grins2\Slo Moe Grin Portrait COLOR.jpg"	"False"	"2026-05-07 15:43:12"
"Slo Moe Grin portrait ORIGINAL.jpg"	"0.278"	"D:\github\ron-english-sketches-grins\images\Sketches\grins\Slo Moe Grin portrait ORIGINAL.jpg"	"False"	"True"	"D:\github\ron-english-sketches-grins\images\Sketches\grins2\Slo Moe Grin portrait ORIGINAL.jpg"	"False"	"2026-05-07 18:58:01"
"Slow Moe Grin B&W.jpg"	"0.356"	"D:\github\ron-english-sketches-grins\images\Sketches\grins\Slow Moe Grin B&W.jpg"	"False"	"True"	"D:\github\ron-english-sketches-grins\images\Sketches\grins2\Slow Moe Grin B&W.jpg"	"False"	"2026-05-08 06:52:45"
"Slow Moe Grin COLOR.jpg"	"0.127"	"D:\github\ron-english-sketches-grins\images\Sketches\grins\Slow Moe Grin COLOR.jpg"	"False"	"True"	"D:\github\ron-english-sketches-grins\images\Sketches\grins2\Slow Moe Grin COLOR.jpg"	"False"	"2026-05-07 18:58:01"
"Slushsquatch Grin B&W.jpg"	"0.279"	"D:\github\ron-english-sketches-grins\images\Sketches\grins\Slushsquatch Grin B&W.jpg"	"False"	"True"	"D:\github\ron-english-sketches-grins\images\Sketches\grins2\Slushsquatch Grin B&W.jpg"	"False"	"2026-05-08 06:36:59"
"Slushsquatch Grin COLOR.jpg"	"0.393"	"D:\github\ron-english-sketches-grins\images\Sketches\grins\Slushsquatch Grin COLOR.jpg"	"False"	"True"	"D:\github\ron-english-sketches-grins\images\Sketches\grins2\Slushsquatch Grin COLOR.jpg"	"False"	"2026-05-08 06:53:03"
"Slushsquatch Grin ORIGINAL.jpg"	"0.246"	"D:\github\ron-english-sketches-grins\images\Sketches\grins\Slushsquatch Grin ORIGINAL.jpg"	"False"	"True"	"D:\github\ron-english-sketches-grins\images\Sketches\grins2\Slushsquatch Grin ORIGINAL.jpg"	"False"	"2026-05-07 18:53:53"
"Smack, Crack, Pop Grin B&W.jpg"	"0.458"	"D:\github\ron-english-sketches-grins\images\Sketches\grins\Smack, Crack, Pop Grin B&W.jpg"	"False"	"True"	"D:\github\ron-english-sketches-grins\images\Sketches\grins2\Smack, Crack, Pop Grin B&W.jpg"	"False"	"2026-05-08 06:52:54"
"Smack, Crack, Pop Grin COLOR.jpg"	"0.354"	"D:\github\ron-english-sketches-grins\images\Sketches\grins\Smack, Crack, Pop Grin COLOR.jpg"	"False"	"True"	"D:\github\ron-english-sketches-grins\images\Sketches\grins2\Smack, Crack, Pop Grin COLOR.jpg"	"False"	"2026-05-08 06:52:45"
"Smack, Crack, Pop Grin ORIGINAL.jpg"	"0.115"	"D:\github\ron-english-sketches-grins\images\Sketches\grins\Smack, Crack, Pop Grin ORIGINAL.jpg"	"False"	"True"	"D:\github\ron-english-sketches-grins\images\Sketches\grins2\Smack, Crack, Pop Grin ORIGINAL.jpg"	"False"	"2026-05-07 18:36:35"
"Smiley Face Dog Grin Newcastle B&W.jpg"	"0.378"	"D:\github\ron-english-sketches-grins\images\Sketches\grins\Smiley Face Dog Grin Newcastle B&W.jpg"	"False"	"True"	"D:\github\ron-english-sketches-grins\images\Sketches\grins2\Smiley Face Dog Grin Newcastle B&W.jpg"	"False"	"2026-05-08 06:52:45"
"Smiley Face Dog Grin Newcastle ORIGINAL.jpg"	"0.051"	"D:\github\ron-english-sketches-grins\images\Sketches\grins\Smiley Face Dog Grin Newcastle ORIGINAL.jpg"	"False"	"True"	"D:\github\ron-english-sketches-grins\images\Sketches\grins2\Smiley Face Dog Grin Newcastle ORIGINAL.jpg"	"False"	"2026-05-07 18:56:43"
"Smoking Grin B&W.jpg"	"0.381"	"D:\github\ron-english-sketches-grins\images\Sketches\grins\Smoking Grin B&W.jpg"	"False"	"True"	"D:\github\ron-english-sketches-grins\images\Sketches\grins2\Smoking Grin B&W.jpg"	"False"	"2026-05-08 06:52:54"
"Smoking Grin COLOR.jpg"	"0.398"	"D:\github\ron-english-sketches-grins\images\Sketches\grins\Smoking Grin COLOR.jpg"	"False"	"True"	"D:\github\ron-english-sketches-grins\images\Sketches\grins2\Smoking Grin COLOR.jpg"	"False"	"2026-05-08 06:52:54"
"Smoking Grin ORIGINAL COLOR.jpg"	"0.217"	"D:\github\ron-english-sketches-grins\images\Sketches\grins\Smoking Grin ORIGINAL COLOR.jpg"	"False"	"True"	"D:\github\ron-english-sketches-grins\images\Sketches\grins2\Smoking Grin ORIGINAL COLOR.jpg"	"False"	"2026-05-08 06:09:39"
"Smoking Grin ORIGINAL.jpg"	"0.301"	"D:\github\ron-english-sketches-grins\images\Sketches\grins\Smoking Grin ORIGINAL.jpg"	"False"	"True"	"D:\github\ron-english-sketches-grins\images\Sketches\grins2\Smoking Grin ORIGINAL.jpg"	"False"	"2026-05-07 18:55:22"
"Smurf Grin B&W.jpg"	"0.293"	"D:\github\ron-english-sketches-grins\images\Sketches\grins\Smurf Grin B&W.jpg"	"False"	"True"	"D:\github\ron-english-sketches-grins\images\Sketches\grins2\Smurf Grin B&W.jpg"	"False"	"2026-05-08 06:36:52"
"Smurf Grin COLOR.jpg"	"0.493"	"D:\github\ron-english-sketches-grins\images\Sketches\grins\Smurf Grin COLOR.jpg"	"False"	"True"	"D:\github\ron-english-sketches-grins\images\Sketches\grins2\Smurf Grin COLOR.jpg"	"False"	"2026-05-08 06:53:03"
"Smurf Grin ORIGINAL COLOR.jpg"	"0.345"	"D:\github\ron-english-sketches-grins\images\Sketches\grins\Smurf Grin ORIGINAL COLOR.jpg"	"False"	"True"	"D:\github\ron-english-sketches-grins\images\Sketches\grins2\Smurf Grin ORIGINAL COLOR.jpg"	"False"	"2026-05-07 16:21:36"
"Smurf Grin ORIGINAL.jpg"	"0.221"	"D:\github\ron-english-sketches-grins\images\Sketches\grins\Smurf Grin ORIGINAL.jpg"	"False"	"True"	"D:\github\ron-english-sketches-grins\images\Sketches\grins2\Smurf Grin ORIGINAL.jpg"	"False"	"2026-05-07 18:38:40"
"Smurfette Grin B&W.jpg"	"0.422"	"D:\github\ron-english-sketches-grins\images\Sketches\grins\Smurfette Grin B&W.jpg"	"False"	"True"	"D:\github\ron-english-sketches-grins\images\Sketches\grins2\Smurfette Grin B&W.jpg"	"False"	"2026-05-08 06:52:54"
"Smurfette Grin COLOR.jpg"	"0.345"	"D:\github\ron-english-sketches-grins\images\Sketches\grins\Smurfette Grin COLOR.jpg"	"False"	"True"	"D:\github\ron-english-sketches-grins\images\Sketches\grins2\Smurfette Grin COLOR.jpg"	"False"	"2026-05-07 18:46:44"
"Smurfette Grin ORIGINAL COLOR.jpg"	"0.176"	"D:\github\ron-english-sketches-grins\images\Sketches\grins\Smurfette Grin ORIGINAL COLOR.jpg"	"False"	"True"	"D:\github\ron-english-sketches-grins\images\Sketches\grins2\Smurfette Grin ORIGINAL COLOR.jpg"	"False"	"2026-05-08 06:36:23"
"Smurfette Grin ORIGINAL.jpg"	"0.316"	"D:\github\ron-english-sketches-grins\images\Sketches\grins\Smurfette Grin ORIGINAL.jpg"	"False"	"True"	"D:\github\ron-english-sketches-grins\images\Sketches\grins2\Smurfette Grin ORIGINAL.jpg"	"False"	"2026-05-07 18:52:24"
"Snoopy Grin back B&W.jpg"	"0.301"	"D:\github\ron-english-sketches-grins\images\Sketches\grins\Snoopy Grin back B&W.jpg"	"False"	"True"	"D:\github\ron-english-sketches-grins\images\Sketches\grins2\Snoopy Grin back B&W.jpg"	"False"	"2026-05-08 06:36:52"
"Snoopy Grin back COLOR.jpg"	"0.283"	"D:\github\ron-english-sketches-grins\images\Sketches\grins\Snoopy Grin back COLOR.jpg"	"False"	"True"	"D:\github\ron-english-sketches-grins\images\Sketches\grins2\Snoopy Grin back COLOR.jpg"	"False"	"2026-05-08 06:36:52"
"Snoopy Grin back ORIGINAL.jpg"	"0.138"	"D:\github\ron-english-sketches-grins\images\Sketches\grins\Snoopy Grin back ORIGINAL.jpg"	"False"	"True"	"D:\github\ron-english-sketches-grins\images\Sketches\grins2\Snoopy Grin back ORIGINAL.jpg"	"False"	"2026-05-07 18:56:43"
"Snoopy Grin COLOR.jpg"	"0.31"	"D:\github\ron-english-sketches-grins\images\Sketches\grins\Snoopy Grin COLOR.jpg"	"False"	"True"	"D:\github\ron-english-sketches-grins\images\Sketches\grins2\Snoopy Grin COLOR.jpg"	"False"	"2026-05-08 06:53:03"
"Snoopy Grin front B&W.jpg"	"0.428"	"D:\github\ron-english-sketches-grins\images\Sketches\grins\Snoopy Grin front B&W.jpg"	"False"	"True"	"D:\github\ron-english-sketches-grins\images\Sketches\grins2\Snoopy Grin front B&W.jpg"	"False"	"2026-05-08 06:52:45"
"Snoopy Grin front COLOR.jpg"	"0.146"	"D:\github\ron-english-sketches-grins\images\Sketches\grins\Snoopy Grin front COLOR.jpg"	"False"	"True"	"D:\github\ron-english-sketches-grins\images\Sketches\grins2\Snoopy Grin front COLOR.jpg"	"False"	"2026-05-07 18:58:01"
"Snoopy Grin front ORIGINAL.jpg"	"0.159"	"D:\github\ron-english-sketches-grins\images\Sketches\grins\Snoopy Grin front ORIGINAL.jpg"	"False"	"True"	"D:\github\ron-english-sketches-grins\images\Sketches\grins2\Snoopy Grin front ORIGINAL.jpg"	"False"	"2026-05-07 18:49:49"
"Snoopy Grin ORIGINAL COLOR.jpg"	"0.107"	"D:\github\ron-english-sketches-grins\images\Sketches\grins\Snoopy Grin ORIGINAL COLOR.jpg"	"False"	"True"	"D:\github\ron-english-sketches-grins\images\Sketches\grins2\Snoopy Grin ORIGINAL COLOR.jpg"	"False"	"2026-05-08 06:12:28"
"Snoopy Grin ORIGINAL.jpg"	"0.19"	"D:\github\ron-english-sketches-grins\images\Sketches\grins\Snoopy Grin ORIGINAL.jpg"	"False"	"True"	"D:\github\ron-english-sketches-grins\images\Sketches\grins2\Snoopy Grin ORIGINAL.jpg"	"False"	"2026-05-07 18:49:49"
"Snoopy Traditional Grin B&W.jpg"	"0.491"	"D:\github\ron-english-sketches-grins\images\Sketches\grins\Snoopy Traditional Grin B&W.jpg"	"False"	"True"	"D:\github\ron-english-sketches-grins\images\Sketches\grins2\Snoopy Traditional Grin B&W.jpg"	"False"	"2026-05-07 18:53:53"
"Snoopy Traditional Grin COLOR.jpg"	"0.151"	"D:\github\ron-english-sketches-grins\images\Sketches\grins\Snoopy Traditional Grin COLOR.jpg"	"False"	"True"	"D:\github\ron-english-sketches-grins\images\Sketches\grins2\Snoopy Traditional Grin COLOR.jpg"	"False"	"2026-05-07 18:58:01"
"Snoopy Traditional Grin ORIGINAL.jpg"	"0.16"	"D:\github\ron-english-sketches-grins\images\Sketches\grins\Snoopy Traditional Grin ORIGINAL.jpg"	"False"	"True"	"D:\github\ron-english-sketches-grins\images\Sketches\grins2\Snoopy Traditional Grin ORIGINAL.jpg"	"False"	"2026-05-07 18:38:40"
"Soccer Ball Grin ORIGINAL COLOR.jpg"	"0.25"	"D:\github\ron-english-sketches-grins\images\Sketches\grins\Soccer Ball Grin ORIGINAL COLOR.jpg"	"False"	"True"	"D:\github\ron-english-sketches-grins\images\Sketches\grins2\Soccer Ball Grin ORIGINAL COLOR.jpg"	"False"	"2026-05-07 18:49:49"
"Sock Monkey Grin card.jpg"	"0.142"	"D:\github\ron-english-sketches-grins\images\Sketches\grins\Sock Monkey Grin card.jpg"	"False"	"True"	"D:\github\ron-english-sketches-grins\images\Sketches\grins2\Sock Monkey Grin card.jpg"	"False"	"2026-03-21 07:28:08"
"Sock Monkey Grin COLOR.jpg"	"0.332"	"D:\github\ron-english-sketches-grins\images\Sketches\grins\Sock Monkey Grin COLOR.jpg"	"False"	"True"	"D:\github\ron-english-sketches-grins\images\Sketches\grins2\Sock Monkey Grin COLOR.jpg"	"False"	"2026-05-08 06:36:15"
"Sock Monkey Grin ORIGINAL COLOR 2.jpg"	"0.064"	"D:\github\ron-english-sketches-grins\images\Sketches\grins\Sock Monkey Grin ORIGINAL COLOR 2.jpg"	"False"	"True"	"D:\github\ron-english-sketches-grins\images\Sketches\grins2\Sock Monkey Grin ORIGINAL COLOR 2.jpg"	"False"	"2026-05-07 18:49:49"
"Sock Monkey Grin ORIGINAL.jpg"	"0.207"	"D:\github\ron-english-sketches-grins\images\Sketches\grins\Sock Monkey Grin ORIGINAL.jpg"	"False"	"True"	"D:\github\ron-english-sketches-grins\images\Sketches\grins2\Sock Monkey Grin ORIGINAL.jpg"	"False"	"2026-05-07 18:38:40"
"Sonic Grin B&W.jpg"	"0.149"	"D:\github\ron-english-sketches-grins\images\Sketches\grins\Sonic Grin B&W.jpg"	"False"	"True"	"D:\github\ron-english-sketches-grins\images\Sketches\grins2\Sonic Grin B&W.jpg"	"False"	"2026-05-07 18:37:32"
"Sonic Grin COLOR.jpg"	"0.321"	"D:\github\ron-english-sketches-grins\images\Sketches\grins\Sonic Grin COLOR.jpg"	"False"	"True"	"D:\github\ron-english-sketches-grins\images\Sketches\grins2\Sonic Grin COLOR.jpg"	"False"	"2026-05-08 06:36:39"
"Sonic Grin ORIGINAL.jpg"	"0.109"	"D:\github\ron-english-sketches-grins\images\Sketches\grins\Sonic Grin ORIGINAL.jpg"	"False"	"True"	"D:\github\ron-english-sketches-grins\images\Sketches\grins2\Sonic Grin ORIGINAL.jpg"	"False"	"2026-05-07 18:36:35"
"Space Shark Grin front COLOR.jpg"	"0.095"	"D:\github\ron-english-sketches-grins\images\Sketches\grins\Space Shark Grin front COLOR.jpg"	"False"	"True"	"D:\github\ron-english-sketches-grins\images\Sketches\grins2\Space Shark Grin front COLOR.jpg"	"False"	"2026-05-07 18:36:35"
"Space Shark Grin ORIGINAL COLOR.jpg"	"0.088"	"D:\github\ron-english-sketches-grins\images\Sketches\grins\Space Shark Grin ORIGINAL COLOR.jpg"	"False"	"True"	"D:\github\ron-english-sketches-grins\images\Sketches\grins2\Space Shark Grin ORIGINAL COLOR.jpg"	"False"	"2026-05-07 18:38:40"
"Space Shark Grin ORIGINAL.jpg"	"0.082"	"D:\github\ron-english-sketches-grins\images\Sketches\grins\Space Shark Grin ORIGINAL.jpg"	"False"	"True"	"D:\github\ron-english-sketches-grins\images\Sketches\grins2\Space Shark Grin ORIGINAL.jpg"	"False"	"2026-05-08 06:35:59"
"Spaz Grin ORIGINAL COLOR.jpg"	"0.212"	"D:\github\ron-english-sketches-grins\images\Sketches\grins\Spaz Grin ORIGINAL COLOR.jpg"	"False"	"True"	"D:\github\ron-english-sketches-grins\images\Sketches\grins2\Spaz Grin ORIGINAL COLOR.jpg"	"False"	"2026-05-08 06:36:23"
"Spaz Grin ORIGINAL.jpg"	"0.171"	"D:\github\ron-english-sketches-grins\images\Sketches\grins\Spaz Grin ORIGINAL.jpg"	"False"	"True"	"D:\github\ron-english-sketches-grins\images\Sketches\grins2\Spaz Grin ORIGINAL.jpg"	"False"	"2026-05-07 15:44:01"
"Speak More Evil Grin B&W.jpg"	"0.35"	"D:\github\ron-english-sketches-grins\images\Sketches\grins\Speak More Evil Grin B&W.jpg"	"False"	"True"	"D:\github\ron-english-sketches-grins\images\Sketches\grins2\Speak More Evil Grin B&W.jpg"	"False"	"2026-05-08 06:52:45"
"Speak More Evil Grin COLOR.jpg"	"0.194"	"D:\github\ron-english-sketches-grins\images\Sketches\grins\Speak More Evil Grin COLOR.jpg"	"False"	"True"	"D:\github\ron-english-sketches-grins\images\Sketches\grins2\Speak More Evil Grin COLOR.jpg"	"False"	"2026-05-07 19:03:08"
"Speak More Evil Grin ORIGINAL.jpg"	"0.133"	"D:\github\ron-english-sketches-grins\images\Sketches\grins\Speak More Evil Grin ORIGINAL.jpg"	"False"	"True"	"D:\github\ron-english-sketches-grins\images\Sketches\grins2\Speak More Evil Grin ORIGINAL.jpg"	"False"	"2026-05-07 15:45:00"
"Speak More Evil Grin side ORIGINAL.jpg"	"0.117"	"D:\github\ron-english-sketches-grins\images\Sketches\grins\Speak More Evil Grin side ORIGINAL.jpg"	"False"	"True"	"D:\github\ron-english-sketches-grins\images\Sketches\grins2\Speak More Evil Grin side ORIGINAL.jpg"	"False"	"2026-05-07 18:38:40"
"Spitting Grin B&W.jpg"	"0.243"	"D:\github\ron-english-sketches-grins\images\Sketches\grins\Spitting Grin B&W.jpg"	"False"	"True"	"D:\github\ron-english-sketches-grins\images\Sketches\grins2\Spitting Grin B&W.jpg"	"False"	"2026-05-08 06:53:03"
"Spitting Grin COLOR.jpg"	"0.408"	"D:\github\ron-english-sketches-grins\images\Sketches\grins\Spitting Grin COLOR.jpg"	"False"	"True"	"D:\github\ron-english-sketches-grins\images\Sketches\grins2\Spitting Grin COLOR.jpg"	"False"	"2026-05-08 06:52:45"
"Spongebob Grin B&W.jpg"	"0.428"	"D:\github\ron-english-sketches-grins\images\Sketches\grins\Spongebob Grin B&W.jpg"	"False"	"True"	"D:\github\ron-english-sketches-grins\images\Sketches\grins2\Spongebob Grin B&W.jpg"	"False"	"2026-05-08 06:52:54"
"Spongebob Grin COLOR.jpg"	"0.198"	"D:\github\ron-english-sketches-grins\images\Sketches\grins\Spongebob Grin COLOR.jpg"	"False"	"True"	"D:\github\ron-english-sketches-grins\images\Sketches\grins2\Spongebob Grin COLOR.jpg"	"False"	"2026-05-07 19:03:08"
"Spongebob Grin in Waves B&W.jpg"	"0.503"	"D:\github\ron-english-sketches-grins\images\Sketches\grins\Spongebob Grin in Waves B&W.jpg"	"False"	"True"	"D:\github\ron-english-sketches-grins\images\Sketches\grins2\Spongebob Grin in Waves B&W.jpg"	"False"	"2026-05-07 18:53:53"
"Spongebob Grin in Waves COLOR.jpg"	"0.242"	"D:\github\ron-english-sketches-grins\images\Sketches\grins\Spongebob Grin in Waves COLOR.jpg"	"False"	"True"	"D:\github\ron-english-sketches-grins\images\Sketches\grins2\Spongebob Grin in Waves COLOR.jpg"	"False"	"2026-05-07 18:38:40"
"Spongebob Grin in Waves ORIGINAL.jpg"	"0.205"	"D:\github\ron-english-sketches-grins\images\Sketches\grins\Spongebob Grin in Waves ORIGINAL.jpg"	"False"	"True"	"D:\github\ron-english-sketches-grins\images\Sketches\grins2\Spongebob Grin in Waves ORIGINAL.jpg"	"False"	"2026-05-07 18:38:39"
"Spongebob Grin ORIGINAL COLOR.jpg"	"0.078"	"D:\github\ron-english-sketches-grins\images\Sketches\grins\Spongebob Grin ORIGINAL COLOR.jpg"	"False"	"True"	"D:\github\ron-english-sketches-grins\images\Sketches\grins2\Spongebob Grin ORIGINAL COLOR.jpg"	"False"	"2026-05-08 06:36:38"
"Spongebob Grin ORIGINAL.jpg"	"0.459"	"D:\github\ron-english-sketches-grins\images\Sketches\grins\Spongebob Grin ORIGINAL.jpg"	"False"	"True"	"D:\github\ron-english-sketches-grins\images\Sketches\grins2\Spongebob Grin ORIGINAL.jpg"	"False"	"2026-05-07 18:58:01"
"Squirrel Squirt Grin B&W.jpg"	"0.232"	"D:\github\ron-english-sketches-grins\images\Sketches\grins\Squirrel Squirt Grin B&W.jpg"	"False"	"True"	"D:\github\ron-english-sketches-grins\images\Sketches\grins2\Squirrel Squirt Grin B&W.jpg"	"False"	"2026-05-08 06:53:02"
"Squirrel Squirt Grin COLOR.jpg"	"0.181"	"D:\github\ron-english-sketches-grins\images\Sketches\grins\Squirrel Squirt Grin COLOR.jpg"	"False"	"True"	"D:\github\ron-english-sketches-grins\images\Sketches\grins2\Squirrel Squirt Grin COLOR.jpg"	"False"	"2026-05-07 18:38:40"
"squirrel squirt grin head - B&W - trace girl - png.jpg"	"0.269"	"D:\github\ron-english-sketches-grins\images\Sketches\grins\squirrel squirt grin head - B&W - trace girl - png.jpg"	"False"	"True"	"D:\github\ron-english-sketches-grins\images\Sketches\grins2\squirrel squirt grin head - B&W - trace girl - png.jpg"	"False"	"2026-05-08 06:53:03"
"Squirrel Squirt Grin Head COLOR.jpg"	"0.186"	"D:\github\ron-english-sketches-grins\images\Sketches\grins\Squirrel Squirt Grin Head COLOR.jpg"	"False"	"True"	"D:\github\ron-english-sketches-grins\images\Sketches\grins2\Squirrel Squirt Grin Head COLOR.jpg"	"False"	"2026-05-07 18:37:32"
"Squirrel Squirt Grin Head ORIGINAL.jpg"	"0.089"	"D:\github\ron-english-sketches-grins\images\Sketches\grins\Squirrel Squirt Grin Head ORIGINAL.jpg"	"False"	"True"	"D:\github\ron-english-sketches-grins\images\Sketches\grins2\Squirrel Squirt Grin Head ORIGINAL.jpg"	"False"	"2026-05-07 18:58:01"
"Staples Pigeon Grin front B&W.jpg"	"0.412"	"D:\github\ron-english-sketches-grins\images\Sketches\grins\Staples Pigeon Grin front B&W.jpg"	"False"	"True"	"D:\github\ron-english-sketches-grins\images\Sketches\grins2\Staples Pigeon Grin front B&W.jpg"	"False"	"2026-05-08 06:52:45"
"Staples Pigeon Grin front COLOR.jpg"	"0.495"	"D:\github\ron-english-sketches-grins\images\Sketches\grins\Staples Pigeon Grin front COLOR.jpg"	"False"	"True"	"D:\github\ron-english-sketches-grins\images\Sketches\grins2\Staples Pigeon Grin front COLOR.jpg"	"False"	"2026-05-08 06:52:45"
"Staples Pigeon Grin front ORIGINAL.jpg"	"0.076"	"D:\github\ron-english-sketches-grins\images\Sketches\grins\Staples Pigeon Grin front ORIGINAL.jpg"	"False"	"True"	"D:\github\ron-english-sketches-grins\images\Sketches\grins2\Staples Pigeon Grin front ORIGINAL.jpg"	"False"	"2026-05-07 18:58:01"
"Staples Pigeon Grin side B&W.jpg"	"0.446"	"D:\github\ron-english-sketches-grins\images\Sketches\grins\Staples Pigeon Grin side B&W.jpg"	"False"	"True"	"D:\github\ron-english-sketches-grins\images\Sketches\grins2\Staples Pigeon Grin side B&W.jpg"	"False"	"2026-05-08 06:52:45"
"Staples Pigeon Grin side COLOR.jpg"	"0.158"	"D:\github\ron-english-sketches-grins\images\Sketches\grins\Staples Pigeon Grin side COLOR.jpg"	"False"	"True"	"D:\github\ron-english-sketches-grins\images\Sketches\grins2\Staples Pigeon Grin side COLOR.jpg"	"False"	"2026-05-07 18:38:40"
"Staples Pigeon Grin side ORIGINAL.jpg"	"0.079"	"D:\github\ron-english-sketches-grins\images\Sketches\grins\Staples Pigeon Grin side ORIGINAL.jpg"	"False"	"True"	"D:\github\ron-english-sketches-grins\images\Sketches\grins2\Staples Pigeon Grin side ORIGINAL.jpg"	"False"	"2026-05-07 18:36:35"
"Starskull Trooper Grin B&W.jpg"	"0.427"	"D:\github\ron-english-sketches-grins\images\Sketches\grins\Starskull Trooper Grin B&W.jpg"	"False"	"True"	"D:\github\ron-english-sketches-grins\images\Sketches\grins2\Starskull Trooper Grin B&W.jpg"	"False"	"2026-05-08 06:52:54"
"Starskull Trooper Grin COLOR.jpg"	"0.291"	"D:\github\ron-english-sketches-grins\images\Sketches\grins\Starskull Trooper Grin COLOR.jpg"	"False"	"True"	"D:\github\ron-english-sketches-grins\images\Sketches\grins2\Starskull Trooper Grin COLOR.jpg"	"False"	"2026-05-08 06:36:38"
"Starskull Trooper Grin ORIGINAL.jpeg"	"0.268"	"D:\github\ron-english-sketches-grins\images\Sketches\grins\Starskull Trooper Grin ORIGINAL.jpeg"	"False"	"True"	"D:\github\ron-english-sketches-grins\images\Sketches\grins2\Starskull Trooper Grin ORIGINAL.jpeg"	"False"	"2026-05-07 18:38:40"
"Stewie Grin B&W.jpg"	"0.319"	"D:\github\ron-english-sketches-grins\images\Sketches\grins\Stewie Grin B&W.jpg"	"False"	"True"	"D:\github\ron-english-sketches-grins\images\Sketches\grins2\Stewie Grin B&W.jpg"	"False"	"2026-05-08 06:36:52"
"Stewie Grin COLOR.jpg"	"0.38"	"D:\github\ron-english-sketches-grins\images\Sketches\grins\Stewie Grin COLOR.jpg"	"False"	"True"	"D:\github\ron-english-sketches-grins\images\Sketches\grins2\Stewie Grin COLOR.jpg"	"False"	"2026-05-08 06:52:54"
"Stewie Grin ORIGINAL.jpg"	"0.085"	"D:\github\ron-english-sketches-grins\images\Sketches\grins\Stewie Grin ORIGINAL.jpg"	"False"	"True"	"D:\github\ron-english-sketches-grins\images\Sketches\grins2\Stewie Grin ORIGINAL.jpg"	"False"	"2026-05-07 18:52:24"
"Stitch Grin B&W.jpg"	"0.122"	"D:\github\ron-english-sketches-grins\images\Sketches\grins\Stitch Grin B&W.jpg"	"False"	"True"	"D:\github\ron-english-sketches-grins\images\Sketches\grins2\Stitch Grin B&W.jpg"	"False"	"2026-05-07 18:38:40"
"Stitch Grin COLOR.jpg"	"0.434"	"D:\github\ron-english-sketches-grins\images\Sketches\grins\Stitch Grin COLOR.jpg"	"False"	"True"	"D:\github\ron-english-sketches-grins\images\Sketches\grins2\Stitch Grin COLOR.jpg"	"False"	"2026-05-08 06:52:54"
"Stitch Grin ORIGINAL COLOR.jpg"	"0.129"	"D:\github\ron-english-sketches-grins\images\Sketches\grins\Stitch Grin ORIGINAL COLOR.jpg"	"False"	"True"	"D:\github\ron-english-sketches-grins\images\Sketches\grins2\Stitch Grin ORIGINAL COLOR.jpg"	"False"	"2026-05-08 06:36:15"
"Stitch Grin ORIGINAL.jpg"	"0.141"	"D:\github\ron-english-sketches-grins\images\Sketches\grins\Stitch Grin ORIGINAL.jpg"	"False"	"True"	"D:\github\ron-english-sketches-grins\images\Sketches\grins2\Stitch Grin ORIGINAL.jpg"	"False"	"2026-05-07 18:37:32"
"Stormtrooper Grin B&W.jpg"	"0.293"	"D:\github\ron-english-sketches-grins\images\Sketches\grins\Stormtrooper Grin B&W.jpg"	"False"	"True"	"D:\github\ron-english-sketches-grins\images\Sketches\grins2\Stormtrooper Grin B&W.jpg"	"False"	"2026-05-08 06:53:03"
"Stormtrooper Grin COLOR.jpg"	"0.439"	"D:\github\ron-english-sketches-grins\images\Sketches\grins\Stormtrooper Grin COLOR.jpg"	"False"	"True"	"D:\github\ron-english-sketches-grins\images\Sketches\grins2\Stormtrooper Grin COLOR.jpg"	"False"	"2026-05-08 06:53:03"
"Stormtrooper Grin ORIGINAL.jpg"	"0.233"	"D:\github\ron-english-sketches-grins\images\Sketches\grins\Stormtrooper Grin ORIGINAL.jpg"	"False"	"True"	"D:\github\ron-english-sketches-grins\images\Sketches\grins2\Stormtrooper Grin ORIGINAL.jpg"	"False"	"2026-05-07 18:53:54"
"Street Fighter Guile Grin B&W.jpg"	"0.131"	"D:\github\ron-english-sketches-grins\images\Sketches\grins\Street Fighter Guile Grin B&W.jpg"	"False"	"True"	"D:\github\ron-english-sketches-grins\images\Sketches\grins2\Street Fighter Guile Grin B&W.jpg"	"False"	"2026-05-07 18:38:40"
"Street Fighter Guile Grin COLOR.jpg"	"0.382"	"D:\github\ron-english-sketches-grins\images\Sketches\grins\Street Fighter Guile Grin COLOR.jpg"	"False"	"True"	"D:\github\ron-english-sketches-grins\images\Sketches\grins2\Street Fighter Guile Grin COLOR.jpg"	"False"	"2026-05-08 06:52:54"
"Street Fighter Guile Grin ORIGINAL.jpg"	"0.629"	"D:\github\ron-english-sketches-grins\images\Sketches\grins\Street Fighter Guile Grin ORIGINAL.jpg"	"False"	"True"	"D:\github\ron-english-sketches-grins\images\Sketches\grins2\Street Fighter Guile Grin ORIGINAL.jpg"	"False"	"2026-05-07 18:58:01"
"Sugar Clown Grin B&W.jpg"	"0.338"	"D:\github\ron-english-sketches-grins\images\Sketches\grins\Sugar Clown Grin B&W.jpg"	"False"	"True"	"D:\github\ron-english-sketches-grins\images\Sketches\grins2\Sugar Clown Grin B&W.jpg"	"False"	"2026-05-08 06:52:45"
"Sugar Clown Grin back B&W.jpg"	"0.43"	"D:\github\ron-english-sketches-grins\images\Sketches\grins\Sugar Clown Grin back B&W.jpg"	"False"	"True"	"D:\github\ron-english-sketches-grins\images\Sketches\grins2\Sugar Clown Grin back B&W.jpg"	"False"	"2026-05-08 06:52:54"
"Sugar Clown Grin back COLOR.jpg"	"0.299"	"D:\github\ron-english-sketches-grins\images\Sketches\grins\Sugar Clown Grin back COLOR.jpg"	"False"	"True"	"D:\github\ron-english-sketches-grins\images\Sketches\grins2\Sugar Clown Grin back COLOR.jpg"	"False"	"2026-05-08 06:53:02"
"Sugar Clown Grin back ORIGINAL.jpg"	"0.257"	"D:\github\ron-english-sketches-grins\images\Sketches\grins\Sugar Clown Grin back ORIGINAL.jpg"	"False"	"True"	"D:\github\ron-english-sketches-grins\images\Sketches\grins2\Sugar Clown Grin back ORIGINAL.jpg"	"False"	"2026-05-07 18:56:43"
"Sugar Clown Grin COLOR.jpg"	"0.185"	"D:\github\ron-english-sketches-grins\images\Sketches\grins\Sugar Clown Grin COLOR.jpg"	"False"	"True"	"D:\github\ron-english-sketches-grins\images\Sketches\grins2\Sugar Clown Grin COLOR.jpg"	"False"	"2026-05-07 19:03:08"
"Sugar Clown Grin left side COLOR.jpg"	"0.442"	"D:\github\ron-english-sketches-grins\images\Sketches\grins\Sugar Clown Grin left side COLOR.jpg"	"False"	"True"	"D:\github\ron-english-sketches-grins\images\Sketches\grins2\Sugar Clown Grin left side COLOR.jpg"	"False"	"2026-05-08 06:52:45"
"Sugar Clown Grin left side ORIGINAL.jpg"	"0.293"	"D:\github\ron-english-sketches-grins\images\Sketches\grins\Sugar Clown Grin left side ORIGINAL.jpg"	"False"	"True"	"D:\github\ron-english-sketches-grins\images\Sketches\grins2\Sugar Clown Grin left side ORIGINAL.jpg"	"False"	"2026-05-07 18:56:43"
"Sugar Clown Grin ORIGINAL.jpg"	"0.305"	"D:\github\ron-english-sketches-grins\images\Sketches\grins\Sugar Clown Grin ORIGINAL.jpg"	"False"	"True"	"D:\github\ron-english-sketches-grins\images\Sketches\grins2\Sugar Clown Grin ORIGINAL.jpg"	"False"	"2026-05-07 18:56:43"
"Sugar Clown Grin right side B&W.jpg"	"0.266"	"D:\github\ron-english-sketches-grins\images\Sketches\grins\Sugar Clown Grin right side B&W.jpg"	"False"	"True"	"D:\github\ron-english-sketches-grins\images\Sketches\grins2\Sugar Clown Grin right side B&W.jpg"	"False"	"2026-05-08 06:53:02"
"Sugar Clown Grin right side COLOR.jpg"	"0.386"	"D:\github\ron-english-sketches-grins\images\Sketches\grins\Sugar Clown Grin right side COLOR.jpg"	"False"	"True"	"D:\github\ron-english-sketches-grins\images\Sketches\grins2\Sugar Clown Grin right side COLOR.jpg"	"False"	"2026-05-08 06:52:45"
"Sugar Clown Grin right side ORIGINAL.jpg"	"0.282"	"D:\github\ron-english-sketches-grins\images\Sketches\grins\Sugar Clown Grin right side ORIGINAL.jpg"	"False"	"True"	"D:\github\ron-english-sketches-grins\images\Sketches\grins2\Sugar Clown Grin right side ORIGINAL.jpg"	"False"	"2026-05-07 18:56:43"
"Sugar Diabetic Bear Grin B&W.jpg"	"0.433"	"D:\github\ron-english-sketches-grins\images\Sketches\grins\Sugar Diabetic Bear Grin B&W.jpg"	"False"	"True"	"D:\github\ron-english-sketches-grins\images\Sketches\grins2\Sugar Diabetic Bear Grin B&W.jpg"	"False"	"2026-05-08 06:52:54"
"Sugar Diabetic Bear Grin COLOR.jpg"	"0.345"	"D:\github\ron-english-sketches-grins\images\Sketches\grins\Sugar Diabetic Bear Grin COLOR.jpg"	"False"	"True"	"D:\github\ron-english-sketches-grins\images\Sketches\grins2\Sugar Diabetic Bear Grin COLOR.jpg"	"False"	"2026-05-07 18:56:43"
"Sugar Diabetic Bear Grin ORIGINAL.jpg"	"0.294"	"D:\github\ron-english-sketches-grins\images\Sketches\grins\Sugar Diabetic Bear Grin ORIGINAL.jpg"	"False"	"True"	"D:\github\ron-english-sketches-grins\images\Sketches\grins2\Sugar Diabetic Bear Grin ORIGINAL.jpg"	"False"	"2026-05-07 19:03:08"
"Sugar Smack Grin B&W.jpg"	"0.279"	"D:\github\ron-english-sketches-grins\images\Sketches\grins\Sugar Smack Grin B&W.jpg"	"False"	"True"	"D:\github\ron-english-sketches-grins\images\Sketches\grins2\Sugar Smack Grin B&W.jpg"	"False"	"2026-05-08 06:36:59"
"Sugar Smack Grin COLOR.jpg"	"0.297"	"D:\github\ron-english-sketches-grins\images\Sketches\grins\Sugar Smack Grin COLOR.jpg"	"False"	"True"	"D:\github\ron-english-sketches-grins\images\Sketches\grins2\Sugar Smack Grin COLOR.jpg"	"False"	"2026-05-08 06:36:59"
"Sugar Smack Grin ORIGINAL.jpg"	"0.315"	"D:\github\ron-english-sketches-grins\images\Sketches\grins\Sugar Smack Grin ORIGINAL.jpg"	"False"	"True"	"D:\github\ron-english-sketches-grins\images\Sketches\grins2\Sugar Smack Grin ORIGINAL.jpg"	"False"	"2026-05-07 18:38:40"
"Surf Girl Grin B&W.png"	"0.326"	"D:\github\ron-english-sketches-grins\images\Sketches\grins\Surf Girl Grin B&W.png"	"False"	"True"	"D:\github\ron-english-sketches-grins\images\Sketches\grins2\Surf Girl Grin B&W.png"	"False"	"2026-03-21 07:20:51"
"Surf Girl Grin ORIGINAL COLOR 2.jpg"	"0.203"	"D:\github\ron-english-sketches-grins\images\Sketches\grins\Surf Girl Grin ORIGINAL COLOR 2.jpg"	"False"	"True"	"D:\github\ron-english-sketches-grins\images\Sketches\grins2\Surf Girl Grin ORIGINAL COLOR 2.jpg"	"False"	"2026-05-08 06:35:13"
"Surf Girl Grin ORIGINAL COLOR.jpg"	"0.094"	"D:\github\ron-english-sketches-grins\images\Sketches\grins\Surf Girl Grin ORIGINAL COLOR.jpg"	"False"	"True"	"D:\github\ron-english-sketches-grins\images\Sketches\grins2\Surf Girl Grin ORIGINAL COLOR.jpg"	"False"	"2026-05-08 06:12:28"
"Surf Girl Grin ORIGINAL.jpg"	"0.083"	"D:\github\ron-english-sketches-grins\images\Sketches\grins\Surf Girl Grin ORIGINAL.jpg"	"False"	"True"	"D:\github\ron-english-sketches-grins\images\Sketches\grins2\Surf Girl Grin ORIGINAL.jpg"	"False"	"2026-05-07 18:55:22"
"Taz Grin B&W.jpg"	"0.391"	"D:\github\ron-english-sketches-grins\images\Sketches\grins\Taz Grin B&W.jpg"	"False"	"True"	"D:\github\ron-english-sketches-grins\images\Sketches\grins2\Taz Grin B&W.jpg"	"False"	"2026-05-08 06:52:54"
"Taz Grin circle B&W.jpg"	"0.222"	"D:\github\ron-english-sketches-grins\images\Sketches\grins\Taz Grin circle B&W.jpg"	"False"	"True"	"D:\github\ron-english-sketches-grins\images\Sketches\grins2\Taz Grin circle B&W.jpg"	"False"	"2026-05-07 18:37:32"
"Taz Grin circle COLOR.jpg"	"0.316"	"D:\github\ron-english-sketches-grins\images\Sketches\grins\Taz Grin circle COLOR.jpg"	"False"	"True"	"D:\github\ron-english-sketches-grins\images\Sketches\grins2\Taz Grin circle COLOR.jpg"	"False"	"2026-05-08 06:36:15"
"Taz Grin COLOR.jpg"	"0.284"	"D:\github\ron-english-sketches-grins\images\Sketches\grins\Taz Grin COLOR.jpg"	"False"	"True"	"D:\github\ron-english-sketches-grins\images\Sketches\grins2\Taz Grin COLOR.jpg"	"False"	"2026-05-08 06:36:39"
"Taz Grin Flower Face ORIGINAL.jpg"	"0.053"	"D:\github\ron-english-sketches-grins\images\Sketches\grins\Taz Grin Flower Face ORIGINAL.jpg"	"False"	"True"	"D:\github\ron-english-sketches-grins\images\Sketches\grins2\Taz Grin Flower Face ORIGINAL.jpg"	"False"	"2026-05-08 05:41:18"
"Taz Grin Flower Face.jpg"	"0.053"	"D:\github\ron-english-sketches-grins\images\Sketches\grins\Taz Grin Flower Face.jpg"	"False"	"True"	"D:\github\ron-english-sketches-grins\images\Sketches\grins2\Taz Grin Flower Face.jpg"	"False"	"2026-03-21 07:27:04"
"Taz Grin ORIGINAL.jpg"	"0.316"	"D:\github\ron-english-sketches-grins\images\Sketches\grins\Taz Grin ORIGINAL.jpg"	"False"	"True"	"D:\github\ron-english-sketches-grins\images\Sketches\grins2\Taz Grin ORIGINAL.jpg"	"False"	"2026-05-07 18:49:49"
"Techno Kitten Grin B&W.jpg"	"0.246"	"D:\github\ron-english-sketches-grins\images\Sketches\grins\Techno Kitten Grin B&W.jpg"	"False"	"True"	"D:\github\ron-english-sketches-grins\images\Sketches\grins2\Techno Kitten Grin B&W.jpg"	"False"	"2026-05-08 06:36:52"
"Techno Kitten Grin COLOR.jpg"	"0.398"	"D:\github\ron-english-sketches-grins\images\Sketches\grins\Techno Kitten Grin COLOR.jpg"	"False"	"True"	"D:\github\ron-english-sketches-grins\images\Sketches\grins2\Techno Kitten Grin COLOR.jpg"	"False"	"2026-05-08 06:53:03"
"Techno Kitten Grin ORIGINAL.jpg"	"0.318"	"D:\github\ron-english-sketches-grins\images\Sketches\grins\Techno Kitten Grin ORIGINAL.jpg"	"False"	"True"	"D:\github\ron-english-sketches-grins\images\Sketches\grins2\Techno Kitten Grin ORIGINAL.jpg"	"False"	"2026-05-07 19:03:08"
"Teddy Bear Grin COLOR.png"	"0.313"	"D:\github\ron-english-sketches-grins\images\Sketches\grins\Teddy Bear Grin COLOR.png"	"False"	"True"	"D:\github\ron-english-sketches-grins\images\Sketches\grins2\Teddy Bear Grin COLOR.png"	"False"	"2026-03-21 07:22:34"
"Teddy Bear Grin ORIGINAL COLOR.jpg"	"0.098"	"D:\github\ron-english-sketches-grins\images\Sketches\grins\Teddy Bear Grin ORIGINAL COLOR.jpg"	"False"	"True"	"D:\github\ron-english-sketches-grins\images\Sketches\grins2\Teddy Bear Grin ORIGINAL COLOR.jpg"	"False"	"2026-05-08 06:36:39"
"Teddy Bear Grin ORIGINAL.jpg"	"0.178"	"D:\github\ron-english-sketches-grins\images\Sketches\grins\Teddy Bear Grin ORIGINAL.jpg"	"False"	"True"	"D:\github\ron-english-sketches-grins\images\Sketches\grins2\Teddy Bear Grin ORIGINAL.jpg"	"False"	"2026-05-07 18:38:40"
"Teddy Bear Grin Standing B&W.jpg"	"0.498"	"D:\github\ron-english-sketches-grins\images\Sketches\grins\Teddy Bear Grin Standing B&W.jpg"	"False"	"True"	"D:\github\ron-english-sketches-grins\images\Sketches\grins2\Teddy Bear Grin Standing B&W.jpg"	"False"	"2026-05-08 06:53:03"
"Teddy Bear Grin Standing card.png"	"0.208"	"D:\github\ron-english-sketches-grins\images\Sketches\grins\Teddy Bear Grin Standing card.png"	"False"	"True"	"D:\github\ron-english-sketches-grins\images\Sketches\grins2\Teddy Bear Grin Standing card.png"	"False"	"2026-03-21 07:28:52"
"Teddy Bear Grin Standing COLOR.jpg"	"0.414"	"D:\github\ron-english-sketches-grins\images\Sketches\grins\Teddy Bear Grin Standing COLOR.jpg"	"False"	"True"	"D:\github\ron-english-sketches-grins\images\Sketches\grins2\Teddy Bear Grin Standing COLOR.jpg"	"False"	"2026-05-08 06:52:54"
"Teddy Bear Grin Standing ORIGINAL COLOR.jpg"	"0.064"	"D:\github\ron-english-sketches-grins\images\Sketches\grins\Teddy Bear Grin Standing ORIGINAL COLOR.jpg"	"False"	"True"	"D:\github\ron-english-sketches-grins\images\Sketches\grins2\Teddy Bear Grin Standing ORIGINAL COLOR.jpg"	"False"	"2026-05-07 18:49:49"
"Telegrinnie B&W.jpg"	"0.338"	"D:\github\ron-english-sketches-grins\images\Sketches\grins\Telegrinnie B&W.jpg"	"False"	"True"	"D:\github\ron-english-sketches-grins\images\Sketches\grins2\Telegrinnie B&W.jpg"	"False"	"2026-05-08 06:36:39"
"Telegrinnie COLOR.jpg"	"0.188"	"D:\github\ron-english-sketches-grins\images\Sketches\grins\Telegrinnie COLOR.jpg"	"False"	"True"	"D:\github\ron-english-sketches-grins\images\Sketches\grins2\Telegrinnie COLOR.jpg"	"False"	"2026-05-07 19:03:08"
"Telegrinnie ORIGINAL COLOR.jpg"	"0.062"	"D:\github\ron-english-sketches-grins\images\Sketches\grins\Telegrinnie ORIGINAL COLOR.jpg"	"False"	"True"	"D:\github\ron-english-sketches-grins\images\Sketches\grins2\Telegrinnie ORIGINAL COLOR.jpg"	"False"	"2026-05-08 06:36:39"
"Telegrinnie ORIGINAL.jpg"	"0.092"	"D:\github\ron-english-sketches-grins\images\Sketches\grins\Telegrinnie ORIGINAL.jpg"	"False"	"True"	"D:\github\ron-english-sketches-grins\images\Sketches\grins2\Telegrinnie ORIGINAL.jpg"	"False"	"2026-05-07 18:58:01"
"Telegrinnie side B&W.jpg"	"0.087"	"D:\github\ron-english-sketches-grins\images\Sketches\grins\Telegrinnie side B&W.jpg"	"False"	"True"	"D:\github\ron-english-sketches-grins\images\Sketches\grins2\Telegrinnie side B&W.jpg"	"False"	"2026-05-07 18:38:39"
"Telegrinnie side COLOR.jpg"	"0.188"	"D:\github\ron-english-sketches-grins\images\Sketches\grins\Telegrinnie side COLOR.jpg"	"False"	"True"	"D:\github\ron-english-sketches-grins\images\Sketches\grins2\Telegrinnie side COLOR.jpg"	"False"	"2026-05-07 19:03:08"
"Telegrinnie side ORIGINAL.jpg"	"0.426"	"D:\github\ron-english-sketches-grins\images\Sketches\grins\Telegrinnie side ORIGINAL.jpg"	"False"	"True"	"D:\github\ron-english-sketches-grins\images\Sketches\grins2\Telegrinnie side ORIGINAL.jpg"	"False"	"2026-03-21 07:24:46"
"Teletubby Grin Flying B&W.jpg"	"0.373"	"D:\github\ron-english-sketches-grins\images\Sketches\grins\Teletubby Grin Flying B&W.jpg"	"False"	"True"	"D:\github\ron-english-sketches-grins\images\Sketches\grins2\Teletubby Grin Flying B&W.jpg"	"False"	"2026-05-08 06:52:54"
"Teletubby Grin Flying COLOR.jpg"	"0.43"	"D:\github\ron-english-sketches-grins\images\Sketches\grins\Teletubby Grin Flying COLOR.jpg"	"False"	"True"	"D:\github\ron-english-sketches-grins\images\Sketches\grins2\Teletubby Grin Flying COLOR.jpg"	"False"	"2026-05-08 06:52:54"
"Teletubby Grin Flying ORIGINAL.jpg"	"0.252"	"D:\github\ron-english-sketches-grins\images\Sketches\grins\Teletubby Grin Flying ORIGINAL.jpg"	"False"	"True"	"D:\github\ron-english-sketches-grins\images\Sketches\grins2\Teletubby Grin Flying ORIGINAL.jpg"	"False"	"2026-05-07 18:38:39"
"three-eyed monster grin ORIGINAL.jpg"	"0.205"	"D:\github\ron-english-sketches-grins\images\Sketches\grins\three-eyed monster grin ORIGINAL.jpg"	"False"	"True"	"D:\github\ron-english-sketches-grins\images\Sketches\grins2\three-eyed monster grin ORIGINAL.jpg"	"False"	"2026-05-24 18:19:09"
"Tiger Grin 2 ORIGINAL colorway 1.jpg"	"0.187"	"D:\github\ron-english-sketches-grins\images\Sketches\grins\Tiger Grin 2 ORIGINAL colorway 1.jpg"	"False"	"True"	"D:\github\ron-english-sketches-grins\images\Sketches\grins2\Tiger Grin 2 ORIGINAL colorway 1.jpg"	"False"	"2026-05-08 06:07:11"
"Tiger Grin 2 ORIGINAL colorway 2.jpg"	"0.182"	"D:\github\ron-english-sketches-grins\images\Sketches\grins\Tiger Grin 2 ORIGINAL colorway 2.jpg"	"False"	"True"	"D:\github\ron-english-sketches-grins\images\Sketches\grins2\Tiger Grin 2 ORIGINAL colorway 2.jpg"	"False"	"2026-05-08 06:07:11"
"Tiger Grin 2 ORIGINAL.jpg"	"0.307"	"D:\github\ron-english-sketches-grins\images\Sketches\grins\Tiger Grin 2 ORIGINAL.jpg"	"False"	"True"	"D:\github\ron-english-sketches-grins\images\Sketches\grins2\Tiger Grin 2 ORIGINAL.jpg"	"False"	"2026-05-07 18:38:40"
"Tiger Grin ORIGINAL COLOR.jpg"	"0.151"	"D:\github\ron-english-sketches-grins\images\Sketches\grins\Tiger Grin ORIGINAL COLOR.jpg"	"False"	"True"	"D:\github\ron-english-sketches-grins\images\Sketches\grins2\Tiger Grin ORIGINAL COLOR.jpg"	"False"	"2026-05-07 18:38:40"
"Tiger Grin ORIGINAL.jpg"	"0.105"	"D:\github\ron-english-sketches-grins\images\Sketches\grins\Tiger Grin ORIGINAL.jpg"	"False"	"True"	"D:\github\ron-english-sketches-grins\images\Sketches\grins2\Tiger Grin ORIGINAL.jpg"	"False"	"2026-05-07 18:38:40"
"Tiger Sphinx B&W.jpg"	"0.391"	"D:\github\ron-english-sketches-grins\images\Sketches\grins\Tiger Sphinx B&W.jpg"	"False"	"True"	"D:\github\ron-english-sketches-grins\images\Sketches\grins2\Tiger Sphinx B&W.jpg"	"False"	"2026-05-08 06:52:54"
"Tiger Sphinx Grin ORIGINAL COLOR.jpg"	"0.302"	"D:\github\ron-english-sketches-grins\images\Sketches\grins\Tiger Sphinx Grin ORIGINAL COLOR.jpg"	"False"	"True"	"D:\github\ron-english-sketches-grins\images\Sketches\grins2\Tiger Sphinx Grin ORIGINAL COLOR.jpg"	"False"	"2026-05-07 18:38:39"
"Tiger Sphinx Grin ORIGINAL.jpg"	"0.133"	"D:\github\ron-english-sketches-grins\images\Sketches\grins\Tiger Sphinx Grin ORIGINAL.jpg"	"False"	"True"	"D:\github\ron-english-sketches-grins\images\Sketches\grins2\Tiger Sphinx Grin ORIGINAL.jpg"	"False"	"2026-05-10 05:28:07"
"Tiger Sphinx Side B&W.jpg"	"0.197"	"D:\github\ron-english-sketches-grins\images\Sketches\grins\Tiger Sphinx Side B&W.jpg"	"False"	"True"	"D:\github\ron-english-sketches-grins\images\Sketches\grins2\Tiger Sphinx Side B&W.jpg"	"False"	"2026-05-07 18:58:01"
"Tiger Sphinx side COLOR.jpg"	"0.407"	"D:\github\ron-english-sketches-grins\images\Sketches\grins\Tiger Sphinx side COLOR.jpg"	"False"	"True"	"D:\github\ron-english-sketches-grins\images\Sketches\grins2\Tiger Sphinx side COLOR.jpg"	"False"	"2026-05-08 06:52:54"
"Tiger Sphinx Side ORIGINAL.jpg"	"0.073"	"D:\github\ron-english-sketches-grins\images\Sketches\grins\Tiger Sphinx Side ORIGINAL.jpg"	"False"	"True"	"D:\github\ron-english-sketches-grins\images\Sketches\grins2\Tiger Sphinx Side ORIGINAL.jpg"	"False"	"2026-05-07 18:55:22"
"Timid Shark Grin B&W.jpg"	"0.128"	"D:\github\ron-english-sketches-grins\images\Sketches\grins\Timid Shark Grin B&W.jpg"	"False"	"True"	"D:\github\ron-english-sketches-grins\images\Sketches\grins2\Timid Shark Grin B&W.jpg"	"False"	"2026-05-07 18:56:43"
"Timid Shark Grin COLOR.jpg"	"0.476"	"D:\github\ron-english-sketches-grins\images\Sketches\grins\Timid Shark Grin COLOR.jpg"	"False"	"True"	"D:\github\ron-english-sketches-grins\images\Sketches\grins2\Timid Shark Grin COLOR.jpg"	"False"	"2026-05-08 06:52:54"
"Timid Shark Grin ORIGINAL.jpg"	"0.158"	"D:\github\ron-english-sketches-grins\images\Sketches\grins\Timid Shark Grin ORIGINAL.jpg"	"False"	"True"	"D:\github\ron-english-sketches-grins\images\Sketches\grins2\Timid Shark Grin ORIGINAL.jpg"	"False"	"2026-05-07 19:03:08"
"Timmy Turner Grin B&W.jpg"	"0.137"	"D:\github\ron-english-sketches-grins\images\Sketches\grins\Timmy Turner Grin B&W.jpg"	"False"	"True"	"D:\github\ron-english-sketches-grins\images\Sketches\grins2\Timmy Turner Grin B&W.jpg"	"False"	"2026-05-07 18:38:39"
"Timmy Turner Grin COLOR.jpg"	"0.378"	"D:\github\ron-english-sketches-grins\images\Sketches\grins\Timmy Turner Grin COLOR.jpg"	"False"	"True"	"D:\github\ron-english-sketches-grins\images\Sketches\grins2\Timmy Turner Grin COLOR.jpg"	"False"	"2026-05-08 06:52:54"
"Timmy Turner Grin ORIGINAL.jpg"	"0.247"	"D:\github\ron-english-sketches-grins\images\Sketches\grins\Timmy Turner Grin ORIGINAL.jpg"	"False"	"True"	"D:\github\ron-english-sketches-grins\images\Sketches\grins2\Timmy Turner Grin ORIGINAL.jpg"	"False"	"2026-05-07 18:37:32"
"Tmnt Leonardo Grin B&W.jpg"	"0.408"	"D:\github\ron-english-sketches-grins\images\Sketches\grins\Tmnt Leonardo Grin B&W.jpg"	"False"	"True"	"D:\github\ron-english-sketches-grins\images\Sketches\grins2\Tmnt Leonardo Grin B&W.jpg"	"False"	"2026-05-08 06:52:45"
"Tmnt Leonardo Grin COLOR.jpg"	"0.141"	"D:\github\ron-english-sketches-grins\images\Sketches\grins\Tmnt Leonardo Grin COLOR.jpg"	"False"	"True"	"D:\github\ron-english-sketches-grins\images\Sketches\grins2\Tmnt Leonardo Grin COLOR.jpg"	"False"	"2026-05-07 18:58:01"
"Tmnt Leonardo Grin ORIGINAL.jpg"	"0.062"	"D:\github\ron-english-sketches-grins\images\Sketches\grins\Tmnt Leonardo Grin ORIGINAL.jpg"	"False"	"True"	"D:\github\ron-english-sketches-grins\images\Sketches\grins2\Tmnt Leonardo Grin ORIGINAL.jpg"	"False"	"2026-05-07 18:56:43"
"Tmnt Michelangelo Grin B&W.jpg"	"0.153"	"D:\github\ron-english-sketches-grins\images\Sketches\grins\Tmnt Michelangelo Grin B&W.jpg"	"False"	"True"	"D:\github\ron-english-sketches-grins\images\Sketches\grins2\Tmnt Michelangelo Grin B&W.jpg"	"False"	"2026-05-07 18:37:32"
"Tmnt Michelangelo Grin COLOR.jpg"	"0.298"	"D:\github\ron-english-sketches-grins\images\Sketches\grins\Tmnt Michelangelo Grin COLOR.jpg"	"False"	"True"	"D:\github\ron-english-sketches-grins\images\Sketches\grins2\Tmnt Michelangelo Grin COLOR.jpg"	"False"	"2026-05-08 06:53:02"
"Tmnt Michelangelo Grin ORIGINAL.jpg"	"0.05"	"D:\github\ron-english-sketches-grins\images\Sketches\grins\Tmnt Michelangelo Grin ORIGINAL.jpg"	"False"	"True"	"D:\github\ron-english-sketches-grins\images\Sketches\grins2\Tmnt Michelangelo Grin ORIGINAL.jpg"	"False"	"2026-05-07 18:56:43"
"Tmnt Raphael Grin B&W.jpg"	"0.3"	"D:\github\ron-english-sketches-grins\images\Sketches\grins\Tmnt Raphael Grin B&W.jpg"	"False"	"True"	"D:\github\ron-english-sketches-grins\images\Sketches\grins2\Tmnt Raphael Grin B&W.jpg"	"False"	"2026-05-08 06:53:03"
"Tmnt Raphael Grin COLOR.jpg"	"0.142"	"D:\github\ron-english-sketches-grins\images\Sketches\grins\Tmnt Raphael Grin COLOR.jpg"	"False"	"True"	"D:\github\ron-english-sketches-grins\images\Sketches\grins2\Tmnt Raphael Grin COLOR.jpg"	"False"	"2026-05-07 18:58:01"
"Tmnt Raphael Grin ORIGINAL.jpg"	"0.06"	"D:\github\ron-english-sketches-grins\images\Sketches\grins\Tmnt Raphael Grin ORIGINAL.jpg"	"False"	"True"	"D:\github\ron-english-sketches-grins\images\Sketches\grins2\Tmnt Raphael Grin ORIGINAL.jpg"	"False"	"2026-05-07 18:55:22"
"Tom N Jerry Grins ORIGINAL COLOR.jpg"	"0.362"	"D:\github\ron-english-sketches-grins\images\Sketches\grins\Tom N Jerry Grins ORIGINAL COLOR.jpg"	"False"	"True"	"D:\github\ron-english-sketches-grins\images\Sketches\grins2\Tom N Jerry Grins ORIGINAL COLOR.jpg"	"False"	"2026-05-07 18:58:01"
"Tom N Jerry Grins ORIGINAL.jpg"	"0.102"	"D:\github\ron-english-sketches-grins\images\Sketches\grins\Tom N Jerry Grins ORIGINAL.jpg"	"False"	"True"	"D:\github\ron-english-sketches-grins\images\Sketches\grins2\Tom N Jerry Grins ORIGINAL.jpg"	"False"	"2026-05-07 18:38:40"
"Tony Grin ORIGINAL COLOR.jpg"	"0.166"	"D:\github\ron-english-sketches-grins\images\Sketches\grins\Tony Grin ORIGINAL COLOR.jpg"	"False"	"True"	"D:\github\ron-english-sketches-grins\images\Sketches\grins2\Tony Grin ORIGINAL COLOR.jpg"	"False"	"2026-05-08 06:36:23"
"Tony Tiger Grin 1 B&W.jpg"	"0.361"	"D:\github\ron-english-sketches-grins\images\Sketches\grins\Tony Tiger Grin 1 B&W.jpg"	"False"	"True"	"D:\github\ron-english-sketches-grins\images\Sketches\grins2\Tony Tiger Grin 1 B&W.jpg"	"False"	"2026-05-08 06:52:54"
"Tony Tiger Grin 1 COLOR.jpg"	"0.29"	"D:\github\ron-english-sketches-grins\images\Sketches\grins\Tony Tiger Grin 1 COLOR.jpg"	"False"	"True"	"D:\github\ron-english-sketches-grins\images\Sketches\grins2\Tony Tiger Grin 1 COLOR.jpg"	"False"	"2026-05-08 06:36:45"
"Tony Tiger Grin 1 ORIGINAL COLOR.jpg"	"0.222"	"D:\github\ron-english-sketches-grins\images\Sketches\grins\Tony Tiger Grin 1 ORIGINAL COLOR.jpg"	"False"	"True"	"D:\github\ron-english-sketches-grins\images\Sketches\grins2\Tony Tiger Grin 1 ORIGINAL COLOR.jpg"	"False"	"2026-05-08 06:36:23"
"Tony Tiger Grin 1 ORIGINAL.jpg"	"0.286"	"D:\github\ron-english-sketches-grins\images\Sketches\grins\Tony Tiger Grin 1 ORIGINAL.jpg"	"False"	"True"	"D:\github\ron-english-sketches-grins\images\Sketches\grins2\Tony Tiger Grin 1 ORIGINAL.jpg"	"False"	"2026-05-07 18:38:40"
"Tony Tiger Grin 2 B&W.jpg"	"0.436"	"D:\github\ron-english-sketches-grins\images\Sketches\grins\Tony Tiger Grin 2 B&W.jpg"	"False"	"True"	"D:\github\ron-english-sketches-grins\images\Sketches\grins2\Tony Tiger Grin 2 B&W.jpg"	"False"	"2026-05-08 06:52:54"
"Tony Tiger Grin 2 COLOR.jpg"	"0.142"	"D:\github\ron-english-sketches-grins\images\Sketches\grins\Tony Tiger Grin 2 COLOR.jpg"	"False"	"True"	"D:\github\ron-english-sketches-grins\images\Sketches\grins2\Tony Tiger Grin 2 COLOR.jpg"	"False"	"2026-05-07 18:56:43"
"Tony Tiger Grin 2 ORIGINAL.jpg"	"0.29"	"D:\github\ron-english-sketches-grins\images\Sketches\grins\Tony Tiger Grin 2 ORIGINAL.jpg"	"False"	"True"	"D:\github\ron-english-sketches-grins\images\Sketches\grins2\Tony Tiger Grin 2 ORIGINAL.jpg"	"False"	"2026-05-07 18:38:40"
"Topcat Grin B&W.jpg"	"0.322"	"D:\github\ron-english-sketches-grins\images\Sketches\grins\Topcat Grin B&W.jpg"	"False"	"True"	"D:\github\ron-english-sketches-grins\images\Sketches\grins2\Topcat Grin B&W.jpg"	"False"	"2026-05-08 06:36:59"
"Topcat Grin COLOR.jpg"	"0.297"	"D:\github\ron-english-sketches-grins\images\Sketches\grins\Topcat Grin COLOR.jpg"	"False"	"True"	"D:\github\ron-english-sketches-grins\images\Sketches\grins2\Topcat Grin COLOR.jpg"	"False"	"2026-05-08 06:36:52"
"Topcat Grin ORIGINAL.jpg"	"0.256"	"D:\github\ron-english-sketches-grins\images\Sketches\grins\Topcat Grin ORIGINAL.jpg"	"False"	"True"	"D:\github\ron-english-sketches-grins\images\Sketches\grins2\Topcat Grin ORIGINAL.jpg"	"False"	"2026-05-07 18:38:40"
"Trippy Grin B&W.jpg"	"0.226"	"D:\github\ron-english-sketches-grins\images\Sketches\grins\Trippy Grin B&W.jpg"	"False"	"True"	"D:\github\ron-english-sketches-grins\images\Sketches\grins2\Trippy Grin B&W.jpg"	"False"	"2026-05-07 18:38:40"
"Trippy Grin COLOR.jpg"	"0.364"	"D:\github\ron-english-sketches-grins\images\Sketches\grins\Trippy Grin COLOR.jpg"	"False"	"True"	"D:\github\ron-english-sketches-grins\images\Sketches\grins2\Trippy Grin COLOR.jpg"	"False"	"2026-05-08 06:52:54"
"Trippy Grin COLORWAY 1.png"	"0.176"	"D:\github\ron-english-sketches-grins\images\Sketches\grins\Trippy Grin COLORWAY 1.png"	"False"	"True"	"D:\github\ron-english-sketches-grins\images\Sketches\grins2\Trippy Grin COLORWAY 1.png"	"False"	"2026-03-21 07:23:08"
"Trippy Grin COLORWAY 2.png"	"0.223"	"D:\github\ron-english-sketches-grins\images\Sketches\grins\Trippy Grin COLORWAY 2.png"	"False"	"True"	"D:\github\ron-english-sketches-grins\images\Sketches\grins2\Trippy Grin COLORWAY 2.png"	"False"	"2026-03-21 07:23:08"
"Trippy Grin COLORWAY 3.png"	"0.172"	"D:\github\ron-english-sketches-grins\images\Sketches\grins\Trippy Grin COLORWAY 3.png"	"False"	"True"	"D:\github\ron-english-sketches-grins\images\Sketches\grins2\Trippy Grin COLORWAY 3.png"	"False"	"2026-03-21 07:23:08"
"Trippy Grin ORIGINAL.jpg"	"0.226"	"D:\github\ron-english-sketches-grins\images\Sketches\grins\Trippy Grin ORIGINAL.jpg"	"False"	"True"	"D:\github\ron-english-sketches-grins\images\Sketches\grins2\Trippy Grin ORIGINAL.jpg"	"False"	"2026-05-07 18:38:40"
"Tupac Grin B&W.jpg"	"0.445"	"D:\github\ron-english-sketches-grins\images\Sketches\grins\Tupac Grin B&W.jpg"	"False"	"True"	"D:\github\ron-english-sketches-grins\images\Sketches\grins2\Tupac Grin B&W.jpg"	"False"	"2026-05-08 06:52:54"
"Tupac Grin COLOR 1.jpg"	"0.471"	"D:\github\ron-english-sketches-grins\images\Sketches\grins\Tupac Grin COLOR 1.jpg"	"False"	"True"	"D:\github\ron-english-sketches-grins\images\Sketches\grins2\Tupac Grin COLOR 1.jpg"	"False"	"2026-03-21 07:25:44"
"Tupac Grin COLOR 2.jpg"	"0.449"	"D:\github\ron-english-sketches-grins\images\Sketches\grins\Tupac Grin COLOR 2.jpg"	"False"	"True"	"D:\github\ron-english-sketches-grins\images\Sketches\grins2\Tupac Grin COLOR 2.jpg"	"False"	"2026-03-21 07:25:44"
"Tupac Grin COLOR.jpg"	"0.341"	"D:\github\ron-english-sketches-grins\images\Sketches\grins\Tupac Grin COLOR.jpg"	"False"	"True"	"D:\github\ron-english-sketches-grins\images\Sketches\grins2\Tupac Grin COLOR.jpg"	"False"	"2026-05-07 18:46:44"
"Tupac Grin ORIGINAL 1.jpg"	"0.414"	"D:\github\ron-english-sketches-grins\images\Sketches\grins\Tupac Grin ORIGINAL 1.jpg"	"False"	"True"	"D:\github\ron-english-sketches-grins\images\Sketches\grins2\Tupac Grin ORIGINAL 1.jpg"	"False"	"2026-05-07 18:58:01"
"Tweetie Grin ORIGINAL COLOR.jpg"	"0.281"	"D:\github\ron-english-sketches-grins\images\Sketches\grins\Tweetie Grin ORIGINAL COLOR.jpg"	"False"	"True"	"D:\github\ron-english-sketches-grins\images\Sketches\grins2\Tweetie Grin ORIGINAL COLOR.jpg"	"False"	"2026-05-08 06:53:02"
"Tweetie Grin ORIGINAL.jpg"	"0.286"	"D:\github\ron-english-sketches-grins\images\Sketches\grins\Tweetie Grin ORIGINAL.jpg"	"False"	"True"	"D:\github\ron-english-sketches-grins\images\Sketches\grins2\Tweetie Grin ORIGINAL.jpg"	"False"	"2026-05-07 18:46:44"
"Two-Faced Rabbbit Grin back B&W.jpg"	"0.462"	"D:\github\ron-english-sketches-grins\images\Sketches\grins\Two-Faced Rabbbit Grin back B&W.jpg"	"False"	"True"	"D:\github\ron-english-sketches-grins\images\Sketches\grins2\Two-Faced Rabbbit Grin back B&W.jpg"	"False"	"2026-05-08 06:52:54"
"Two-Faced Rabbbit Grin back COLOR.jpg"	"0.385"	"D:\github\ron-english-sketches-grins\images\Sketches\grins\Two-Faced Rabbbit Grin back COLOR.jpg"	"False"	"True"	"D:\github\ron-english-sketches-grins\images\Sketches\grins2\Two-Faced Rabbbit Grin back COLOR.jpg"	"False"	"2026-05-08 06:53:03"
"Two-Faced Rabbbit Grin back ORIGINAL.jpg"	"0.293"	"D:\github\ron-english-sketches-grins\images\Sketches\grins\Two-Faced Rabbbit Grin back ORIGINAL.jpg"	"False"	"True"	"D:\github\ron-english-sketches-grins\images\Sketches\grins2\Two-Faced Rabbbit Grin back ORIGINAL.jpg"	"False"	"2026-03-21 07:28:38"
"Two-Faced Rabbbit Grin face B&W.jpg"	"0.197"	"D:\github\ron-english-sketches-grins\images\Sketches\grins\Two-Faced Rabbbit Grin face B&W.jpg"	"False"	"True"	"D:\github\ron-english-sketches-grins\images\Sketches\grins2\Two-Faced Rabbbit Grin face B&W.jpg"	"False"	"2026-05-07 18:38:40"
"Two-Faced Rabbbit Grin face COLOR.jpg"	"0.191"	"D:\github\ron-english-sketches-grins\images\Sketches\grins\Two-Faced Rabbbit Grin face COLOR.jpg"	"False"	"True"	"D:\github\ron-english-sketches-grins\images\Sketches\grins2\Two-Faced Rabbbit Grin face COLOR.jpg"	"False"	"2026-05-09 12:16:55"
"Two-Faced Rabbbit Grin face ORIGINAL.jpg"	"0.117"	"D:\github\ron-english-sketches-grins\images\Sketches\grins\Two-Faced Rabbbit Grin face ORIGINAL.jpg"	"False"	"True"	"D:\github\ron-english-sketches-grins\images\Sketches\grins2\Two-Faced Rabbbit Grin face ORIGINAL.jpg"	"False"	"2026-05-07 18:38:39"
"Two-Faced Rabbbit Grin front B&W.jpg"	"0.131"	"D:\github\ron-english-sketches-grins\images\Sketches\grins\Two-Faced Rabbbit Grin front B&W.jpg"	"False"	"True"	"D:\github\ron-english-sketches-grins\images\Sketches\grins2\Two-Faced Rabbbit Grin front B&W.jpg"	"False"	"2026-05-07 18:37:32"
"Two-Faced Rabbbit Grin front COLOR.jpg"	"0.149"	"D:\github\ron-english-sketches-grins\images\Sketches\grins\Two-Faced Rabbbit Grin front COLOR.jpg"	"False"	"True"	"D:\github\ron-english-sketches-grins\images\Sketches\grins2\Two-Faced Rabbbit Grin front COLOR.jpg"	"False"	"2026-05-07 18:38:39"
"Two-Faced Rabbbit Grin front ORIGINAL.jpg"	"0.428"	"D:\github\ron-english-sketches-grins\images\Sketches\grins\Two-Faced Rabbbit Grin front ORIGINAL.jpg"	"False"	"True"	"D:\github\ron-english-sketches-grins\images\Sketches\grins2\Two-Faced Rabbbit Grin front ORIGINAL.jpg"	"False"	"2026-03-21 07:28:43"
"Two-Faced Rabbbit Grin front version 2 B&W.jpg"	"0.256"	"D:\github\ron-english-sketches-grins\images\Sketches\grins\Two-Faced Rabbbit Grin front version 2 B&W.jpg"	"False"	"True"	"D:\github\ron-english-sketches-grins\images\Sketches\grins2\Two-Faced Rabbbit Grin front version 2 B&W.jpg"	"False"	"2026-05-07 18:58:01"
"Two-Faced Rabbbit Grin front version 2 COLOR.jpg"	"0.138"	"D:\github\ron-english-sketches-grins\images\Sketches\grins\Two-Faced Rabbbit Grin front version 2 COLOR.jpg"	"False"	"True"	"D:\github\ron-english-sketches-grins\images\Sketches\grins2\Two-Faced Rabbbit Grin front version 2 COLOR.jpg"	"False"	"2026-05-09 12:16:53"
"Two-Faced Rabbbit Grin front version 2 ORIGINAL.jpg"	"0.084"	"D:\github\ron-english-sketches-grins\images\Sketches\grins\Two-Faced Rabbbit Grin front version 2 ORIGINAL.jpg"	"False"	"True"	"D:\github\ron-english-sketches-grins\images\Sketches\grins2\Two-Faced Rabbbit Grin front version 2 ORIGINAL.jpg"	"False"	"2026-05-07 18:38:40"
"Two-Faced Rabbbit grin holding record B&W.jpg"	"0.132"	"D:\github\ron-english-sketches-grins\images\Sketches\grins\Two-Faced Rabbbit grin holding record B&W.jpg"	"False"	"True"	"D:\github\ron-english-sketches-grins\images\Sketches\grins2\Two-Faced Rabbbit grin holding record B&W.jpg"	"False"	"2026-05-07 18:37:32"
"Two-Faced Rabbbit grin holding record COLOR.jpg"	"0.131"	"D:\github\ron-english-sketches-grins\images\Sketches\grins\Two-Faced Rabbbit grin holding record COLOR.jpg"	"False"	"True"	"D:\github\ron-english-sketches-grins\images\Sketches\grins2\Two-Faced Rabbbit grin holding record COLOR.jpg"	"False"	"2026-05-09 12:16:58"
"Two-Faced Rabbbit grin holding record ORIGINAL.jpg"	"0.223"	"D:\github\ron-english-sketches-grins\images\Sketches\grins\Two-Faced Rabbbit grin holding record ORIGINAL.jpg"	"False"	"True"	"D:\github\ron-english-sketches-grins\images\Sketches\grins2\Two-Faced Rabbbit grin holding record ORIGINAL.jpg"	"False"	"2026-05-07 18:52:24"
"Two-Faced Rabbbit Grin side B&W.jpg"	"0.329"	"D:\github\ron-english-sketches-grins\images\Sketches\grins\Two-Faced Rabbbit Grin side B&W.jpg"	"False"	"True"	"D:\github\ron-english-sketches-grins\images\Sketches\grins2\Two-Faced Rabbbit Grin side B&W.jpg"	"False"	"2026-05-08 06:36:52"
"Two-Faced Rabbbit Grin side COLOR.jpg"	"0.294"	"D:\github\ron-english-sketches-grins\images\Sketches\grins\Two-Faced Rabbbit Grin side COLOR.jpg"	"False"	"True"	"D:\github\ron-english-sketches-grins\images\Sketches\grins2\Two-Faced Rabbbit Grin side COLOR.jpg"	"False"	"2026-05-08 06:36:15"
"Two-Faced Rabbbit Grin side ORIGINAL.jpg"	"0.389"	"D:\github\ron-english-sketches-grins\images\Sketches\grins\Two-Faced Rabbbit Grin side ORIGINAL.jpg"	"False"	"True"	"D:\github\ron-english-sketches-grins\images\Sketches\grins2\Two-Faced Rabbbit Grin side ORIGINAL.jpg"	"False"	"2026-03-21 07:28:39"
"Two-Faced Rabbbit Grin three quarters B&W.jpg"	"0.133"	"D:\github\ron-english-sketches-grins\images\Sketches\grins\Two-Faced Rabbbit Grin three quarters B&W.jpg"	"False"	"True"	"D:\github\ron-english-sketches-grins\images\Sketches\grins2\Two-Faced Rabbbit Grin three quarters B&W.jpg"	"False"	"2026-05-07 18:56:43"
"Two-Faced Rabbbit Grin three quarters COLOR.jpg"	"0.385"	"D:\github\ron-english-sketches-grins\images\Sketches\grins\Two-Faced Rabbbit Grin three quarters COLOR.jpg"	"False"	"True"	"D:\github\ron-english-sketches-grins\images\Sketches\grins2\Two-Faced Rabbbit Grin three quarters COLOR.jpg"	"False"	"2026-05-07 18:53:53"
"Two-Faced Rabbbit Grin three quarters ORIGINAL.jpg"	"0.418"	"D:\github\ron-english-sketches-grins\images\Sketches\grins\Two-Faced Rabbbit Grin three quarters ORIGINAL.jpg"	"False"	"True"	"D:\github\ron-english-sketches-grins\images\Sketches\grins2\Two-Faced Rabbbit Grin three quarters ORIGINAL.jpg"	"False"	"2026-03-21 07:29:01"
"Ultraman Grin B&W.jpg"	"0.143"	"D:\github\ron-english-sketches-grins\images\Sketches\grins\Ultraman Grin B&W.jpg"	"False"	"True"	"D:\github\ron-english-sketches-grins\images\Sketches\grins2\Ultraman Grin B&W.jpg"	"False"	"2026-05-09 12:16:49"
"Ultraman Grin COLOR.jpg"	"0.163"	"D:\github\ron-english-sketches-grins\images\Sketches\grins\Ultraman Grin COLOR.jpg"	"False"	"True"	"D:\github\ron-english-sketches-grins\images\Sketches\grins2\Ultraman Grin COLOR.jpg"	"False"	"2026-05-07 18:38:40"
"Ultraman Grin ORIGINAL.jpg"	"0.158"	"D:\github\ron-english-sketches-grins\images\Sketches\grins\Ultraman Grin ORIGINAL.jpg"	"False"	"True"	"D:\github\ron-english-sketches-grins\images\Sketches\grins2\Ultraman Grin ORIGINAL.jpg"	"False"	"2026-05-07 18:38:40"
"Unicorn Grin B&W.jpg"	"0.134"	"D:\github\ron-english-sketches-grins\images\Sketches\grins\Unicorn Grin B&W.jpg"	"False"	"True"	"D:\github\ron-english-sketches-grins\images\Sketches\grins2\Unicorn Grin B&W.jpg"	"False"	"2026-05-07 18:38:40"
"Unicorn Grin COLOR 1.jpg"	"0.298"	"D:\github\ron-english-sketches-grins\images\Sketches\grins\Unicorn Grin COLOR 1.jpg"	"False"	"True"	"D:\github\ron-english-sketches-grins\images\Sketches\grins2\Unicorn Grin COLOR 1.jpg"	"False"	"2026-05-07 18:56:43"
"Unicorn Grin COLOR 2.jpg"	"0.314"	"D:\github\ron-english-sketches-grins\images\Sketches\grins\Unicorn Grin COLOR 2.jpg"	"False"	"True"	"D:\github\ron-english-sketches-grins\images\Sketches\grins2\Unicorn Grin COLOR 2.jpg"	"False"	"2026-05-07 18:56:43"
"Unicorn Grin ORIGINAL.jpg"	"0.147"	"D:\github\ron-english-sketches-grins\images\Sketches\grins\Unicorn Grin ORIGINAL.jpg"	"False"	"True"	"D:\github\ron-english-sketches-grins\images\Sketches\grins2\Unicorn Grin ORIGINAL.jpg"	"False"	"2026-05-07 18:38:39"
"Unicorn Grin skewered  1.png"	"0.179"	"D:\github\ron-english-sketches-grins\images\Sketches\grins\Unicorn Grin skewered  1.png"	"False"	"True"	"D:\github\ron-english-sketches-grins\images\Sketches\grins2\Unicorn Grin skewered  1.png"	"False"	"2026-03-21 07:27:54"
"Unicorn Grin skewered  2.png"	"0.186"	"D:\github\ron-english-sketches-grins\images\Sketches\grins\Unicorn Grin skewered  2.png"	"False"	"True"	"D:\github\ron-english-sketches-grins\images\Sketches\grins2\Unicorn Grin skewered  2.png"	"False"	"2026-03-21 07:27:55"
"Unicorn Grin skewered  3.png"	"0.175"	"D:\github\ron-english-sketches-grins\images\Sketches\grins\Unicorn Grin skewered  3.png"	"False"	"True"	"D:\github\ron-english-sketches-grins\images\Sketches\grins2\Unicorn Grin skewered  3.png"	"False"	"2026-03-21 07:27:55"
"Unicorn Grin skewered  4.png"	"0.183"	"D:\github\ron-english-sketches-grins\images\Sketches\grins\Unicorn Grin skewered  4.png"	"False"	"True"	"D:\github\ron-english-sketches-grins\images\Sketches\grins2\Unicorn Grin skewered  4.png"	"False"	"2026-03-21 07:27:55"
"Unicorn Grin skewered  5.png"	"0.185"	"D:\github\ron-english-sketches-grins\images\Sketches\grins\Unicorn Grin skewered  5.png"	"False"	"True"	"D:\github\ron-english-sketches-grins\images\Sketches\grins2\Unicorn Grin skewered  5.png"	"False"	"2026-03-21 07:27:55"
"Unicorn Grin skewered  6.png"	"0.175"	"D:\github\ron-english-sketches-grins\images\Sketches\grins\Unicorn Grin skewered  6.png"	"False"	"True"	"D:\github\ron-english-sketches-grins\images\Sketches\grins2\Unicorn Grin skewered  6.png"	"False"	"2026-03-21 07:27:55"
"Unicorn Grin skewered  7.png"	"0.191"	"D:\github\ron-english-sketches-grins\images\Sketches\grins\Unicorn Grin skewered  7.png"	"False"	"True"	"D:\github\ron-english-sketches-grins\images\Sketches\grins2\Unicorn Grin skewered  7.png"	"False"	"2026-03-21 07:27:55"
"Unicorn Grin skewered  8.png"	"0.181"	"D:\github\ron-english-sketches-grins\images\Sketches\grins\Unicorn Grin skewered  8.png"	"False"	"True"	"D:\github\ron-english-sketches-grins\images\Sketches\grins2\Unicorn Grin skewered  8.png"	"False"	"2026-03-21 07:27:55"
"Unipig Grin B&W.jpg"	"0.136"	"D:\github\ron-english-sketches-grins\images\Sketches\grins\Unipig Grin B&W.jpg"	"False"	"True"	"D:\github\ron-english-sketches-grins\images\Sketches\grins2\Unipig Grin B&W.jpg"	"False"	"2026-05-07 18:38:39"
"Unipig Grin COLOR.jpg"	"0.288"	"D:\github\ron-english-sketches-grins\images\Sketches\grins\Unipig Grin COLOR.jpg"	"False"	"True"	"D:\github\ron-english-sketches-grins\images\Sketches\grins2\Unipig Grin COLOR.jpg"	"False"	"2026-05-07 18:53:53"
"Unipig Grin ORIGINAL.jpg"	"0.274"	"D:\github\ron-english-sketches-grins\images\Sketches\grins\Unipig Grin ORIGINAL.jpg"	"False"	"True"	"D:\github\ron-english-sketches-grins\images\Sketches\grins2\Unipig Grin ORIGINAL.jpg"	"False"	"2026-05-07 18:52:24"
"Urban Bigfoot Grin front face ORIGINAL.jpg"	"0.215"	"D:\github\ron-english-sketches-grins\images\Sketches\grins\Urban Bigfoot Grin front face ORIGINAL.jpg"	"False"	"True"	"D:\github\ron-english-sketches-grins\images\Sketches\grins2\Urban Bigfoot Grin front face ORIGINAL.jpg"	"False"	"2026-05-07 18:53:53"
"Urban Bigfoot Grin front ORIGINAL.jpg"	"0.133"	"D:\github\ron-english-sketches-grins\images\Sketches\grins\Urban Bigfoot Grin front ORIGINAL.jpg"	"False"	"True"	"D:\github\ron-english-sketches-grins\images\Sketches\grins2\Urban Bigfoot Grin front ORIGINAL.jpg"	"False"	"2026-03-21 07:28:07"
"Urban Bigfoot Grin side head ORIGINAL.jpg"	"0.087"	"D:\github\ron-english-sketches-grins\images\Sketches\grins\Urban Bigfoot Grin side head ORIGINAL.jpg"	"False"	"True"	"D:\github\ron-english-sketches-grins\images\Sketches\grins2\Urban Bigfoot Grin side head ORIGINAL.jpg"	"False"	"2026-05-07 18:38:40"
"Urban Bigfoot Grin side ORIGINAL.jpg"	"0.138"	"D:\github\ron-english-sketches-grins\images\Sketches\grins\Urban Bigfoot Grin side ORIGINAL.jpg"	"False"	"True"	"D:\github\ron-english-sketches-grins\images\Sketches\grins2\Urban Bigfoot Grin side ORIGINAL.jpg"	"False"	"2026-03-21 07:27:55"
"Vampire Grin Front B&W.jpg"	"0.149"	"D:\github\ron-english-sketches-grins\images\Sketches\grins\Vampire Grin Front B&W.jpg"	"False"	"True"	"D:\github\ron-english-sketches-grins\images\Sketches\grins2\Vampire Grin Front B&W.jpg"	"False"	"2026-05-07 18:38:40"
"Vampire Grin Front COLOR.jpg"	"0.331"	"D:\github\ron-english-sketches-grins\images\Sketches\grins\Vampire Grin Front COLOR.jpg"	"False"	"True"	"D:\github\ron-english-sketches-grins\images\Sketches\grins2\Vampire Grin Front COLOR.jpg"	"False"	"2026-05-07 18:52:24"
"Veve ORIGINAL 1.jpg"	"0.251"	"D:\github\ron-english-sketches-grins\images\Sketches\grins\Veve ORIGINAL 1.jpg"	"False"	"True"	"D:\github\ron-english-sketches-grins\images\Sketches\grins2\Veve ORIGINAL 1.jpg"	"False"	"2026-05-24 18:19:10"
"VeVe ORIGINAL 2.jpg"	"0.362"	"D:\github\ron-english-sketches-grins\images\Sketches\grins\VeVe ORIGINAL 2.jpg"	"False"	"True"	"D:\github\ron-english-sketches-grins\images\Sketches\grins2\VeVe ORIGINAL 2.jpg"	"False"	"2026-05-24 18:19:11"
"Wing Grin body COLOR.png"	"0.169"	"D:\github\ron-english-sketches-grins\images\Sketches\grins\Wing Grin body COLOR.png"	"False"	"True"	"D:\github\ron-english-sketches-grins\images\Sketches\grins2\Wing Grin body COLOR.png"	"False"	"2026-03-21 07:27:04"
"Wing Grin body ORIGINAL.jpg"	"0.179"	"D:\github\ron-english-sketches-grins\images\Sketches\grins\Wing Grin body ORIGINAL.jpg"	"False"	"True"	"D:\github\ron-english-sketches-grins\images\Sketches\grins2\Wing Grin body ORIGINAL.jpg"	"False"	"2026-03-21 07:23:48"
"Wing Grin ORIGINAL COLOR.jpg"	"0.147"	"D:\github\ron-english-sketches-grins\images\Sketches\grins\Wing Grin ORIGINAL COLOR.jpg"	"False"	"True"	"D:\github\ron-english-sketches-grins\images\Sketches\grins2\Wing Grin ORIGINAL COLOR.jpg"	"False"	"2026-05-07 18:36:35"
"Wolf Grin B&W.jpg"	"0.14"	"D:\github\ron-english-sketches-grins\images\Sketches\grins\Wolf Grin B&W.jpg"	"False"	"True"	"D:\github\ron-english-sketches-grins\images\Sketches\grins2\Wolf Grin B&W.jpg"	"False"	"2026-05-07 18:56:43"
"Wolf Grin COLOR.jpg"	"0.142"	"D:\github\ron-english-sketches-grins\images\Sketches\grins\Wolf Grin COLOR.jpg"	"False"	"True"	"D:\github\ron-english-sketches-grins\images\Sketches\grins2\Wolf Grin COLOR.jpg"	"False"	"2026-05-07 18:38:40"
"Wolf Grin ORIGINAL COLOR 2.jpg"	"0.192"	"D:\github\ron-english-sketches-grins\images\Sketches\grins\Wolf Grin ORIGINAL COLOR 2.jpg"	"False"	"True"	"D:\github\ron-english-sketches-grins\images\Sketches\grins2\Wolf Grin ORIGINAL COLOR 2.jpg"	"False"	"2026-05-07 19:03:08"
"Wolf Grin ORIGINAL COLOR.jpg"	"0.064"	"D:\github\ron-english-sketches-grins\images\Sketches\grins\Wolf Grin ORIGINAL COLOR.jpg"	"False"	"True"	"D:\github\ron-english-sketches-grins\images\Sketches\grins2\Wolf Grin ORIGINAL COLOR.jpg"	"False"	"2026-05-07 18:49:49"
"Wolf Grin ORIGINAL.jpg"	"0.293"	"D:\github\ron-english-sketches-grins\images\Sketches\grins\Wolf Grin ORIGINAL.jpg"	"False"	"True"	"D:\github\ron-english-sketches-grins\images\Sketches\grins2\Wolf Grin ORIGINAL.jpg"	"False"	"2026-05-07 18:38:39"
"Woodstock Grin B&W.jpg"	"0.181"	"D:\github\ron-english-sketches-grins\images\Sketches\grins\Woodstock Grin B&W.jpg"	"False"	"True"	"D:\github\ron-english-sketches-grins\images\Sketches\grins2\Woodstock Grin B&W.jpg"	"False"	"2026-05-07 18:56:43"
"Woodstock Grin COLOR.jpg"	"0.099"	"D:\github\ron-english-sketches-grins\images\Sketches\grins\Woodstock Grin COLOR.jpg"	"False"	"True"	"D:\github\ron-english-sketches-grins\images\Sketches\grins2\Woodstock Grin COLOR.jpg"	"False"	"2026-05-07 18:38:40"
"Woodstock Grin ORIGINAL COLOR (2).jpg"	"0.287"	"D:\github\ron-english-sketches-grins\images\Sketches\grins\Woodstock Grin ORIGINAL COLOR (2).jpg"	"False"	"True"	"D:\github\ron-english-sketches-grins\images\Sketches\grins2\Woodstock Grin ORIGINAL COLOR (2).jpg"	"False"	"2026-05-07 16:18:45"
"Woodstock Grin ORIGINAL COLOR.jpg"	"0.091"	"D:\github\ron-english-sketches-grins\images\Sketches\grins\Woodstock Grin ORIGINAL COLOR.jpg"	"False"	"True"	"D:\github\ron-english-sketches-grins\images\Sketches\grins2\Woodstock Grin ORIGINAL COLOR.jpg"	"False"	"2026-05-07 18:38:40"
"Woodstock Grin ORIGINAL.jpg"	"0.151"	"D:\github\ron-english-sketches-grins\images\Sketches\grins\Woodstock Grin ORIGINAL.jpg"	"False"	"True"	"D:\github\ron-english-sketches-grins\images\Sketches\grins2\Woodstock Grin ORIGINAL.jpg"	"False"	"2026-05-07 18:38:40"
"Woodstock Grin three quarters B&W.jpg"	"0.088"	"D:\github\ron-english-sketches-grins\images\Sketches\grins\Woodstock Grin three quarters B&W.jpg"	"False"	"True"	"D:\github\ron-english-sketches-grins\images\Sketches\grins2\Woodstock Grin three quarters B&W.jpg"	"False"	"2026-05-07 18:38:40"
"Woodstock Grin three quarters COLOR.jpg"	"0.229"	"D:\github\ron-english-sketches-grins\images\Sketches\grins\Woodstock Grin three quarters COLOR.jpg"	"False"	"True"	"D:\github\ron-english-sketches-grins\images\Sketches\grins2\Woodstock Grin three quarters COLOR.jpg"	"False"	"2026-05-07 19:03:08"
"Woodstock Grin three quarters ORIGINAL.jpg"	"0.145"	"D:\github\ron-english-sketches-grins\images\Sketches\grins\Woodstock Grin three quarters ORIGINAL.jpg"	"False"	"True"	"D:\github\ron-english-sketches-grins\images\Sketches\grins2\Woodstock Grin three quarters ORIGINAL.jpg"	"False"	"2026-05-07 18:56:43"
"Yellow Submarine Grin B&W.jpg"	"0.166"	"D:\github\ron-english-sketches-grins\images\Sketches\grins\Yellow Submarine Grin B&W.jpg"	"False"	"True"	"D:\github\ron-english-sketches-grins\images\Sketches\grins2\Yellow Submarine Grin B&W.jpg"	"False"	"2026-05-07 18:56:43"
"Yellow Submarine Grin COLOR.jpg"	"0.093"	"D:\github\ron-english-sketches-grins\images\Sketches\grins\Yellow Submarine Grin COLOR.jpg"	"False"	"True"	"D:\github\ron-english-sketches-grins\images\Sketches\grins2\Yellow Submarine Grin COLOR.jpg"	"False"	"2026-05-07 18:38:40"
"Yellow Submarine Grin ORIGINAL.jpg"	"0.084"	"D:\github\ron-english-sketches-grins\images\Sketches\grins\Yellow Submarine Grin ORIGINAL.jpg"	"False"	"True"	"D:\github\ron-english-sketches-grins\images\Sketches\grins2\Yellow Submarine Grin ORIGINAL.jpg"	"False"	"2026-05-07 18:53:53"
"Yin Yang Face Grin COLOR.jpg"	"0.383"	"D:\github\ron-english-sketches-grins\images\Sketches\grins\Yin Yang Face Grin COLOR.jpg"	"False"	"True"	"D:\github\ron-english-sketches-grins\images\Sketches\grins2\Yin Yang Face Grin COLOR.jpg"	"False"	"2026-05-07 09:55:21"
"Yin Yang Grin 1 B&W.jpg"	"0.169"	"D:\github\ron-english-sketches-grins\images\Sketches\grins\Yin Yang Grin 1 B&W.jpg"	"False"	"True"	"D:\github\ron-english-sketches-grins\images\Sketches\grins2\Yin Yang Grin 1 B&W.jpg"	"False"	"2026-05-07 18:58:01"
"Yin Yang Grin 1 card.png"	"0.162"	"D:\github\ron-english-sketches-grins\images\Sketches\grins\Yin Yang Grin 1 card.png"	"False"	"True"	"D:\github\ron-english-sketches-grins\images\Sketches\grins2\Yin Yang Grin 1 card.png"	"False"	"2026-03-21 07:27:24"
"Yin Yang Grin 1 COLOR.jpg"	"0.109"	"D:\github\ron-english-sketches-grins\images\Sketches\grins\Yin Yang Grin 1 COLOR.jpg"	"False"	"True"	"D:\github\ron-english-sketches-grins\images\Sketches\grins2\Yin Yang Grin 1 COLOR.jpg"	"False"	"2026-05-07 18:38:40"
"Yin Yang Grin 1 ORIGINAL COLOR.jpg"	"0.061"	"D:\github\ron-english-sketches-grins\images\Sketches\grins\Yin Yang Grin 1 ORIGINAL COLOR.jpg"	"False"	"True"	"D:\github\ron-english-sketches-grins\images\Sketches\grins2\Yin Yang Grin 1 ORIGINAL COLOR.jpg"	"False"	"2026-05-08 06:07:11"
"Yin Yang Grin 2 B&W.jpg"	"0.507"	"D:\github\ron-english-sketches-grins\images\Sketches\grins\Yin Yang Grin 2 B&W.jpg"	"False"	"True"	"D:\github\ron-english-sketches-grins\images\Sketches\grins2\Yin Yang Grin 2 B&W.jpg"	"False"	"2026-05-07 18:58:01"
"Yin Yang Grin 2 COLOR.jpg"	"0.151"	"D:\github\ron-english-sketches-grins\images\Sketches\grins\Yin Yang Grin 2 COLOR.jpg"	"False"	"True"	"D:\github\ron-english-sketches-grins\images\Sketches\grins2\Yin Yang Grin 2 COLOR.jpg"	"False"	"2026-05-09 12:16:56"
"Yin Yang Grin 2 ORIGINAL 2.jpg"	"0.319"	"D:\github\ron-english-sketches-grins\images\Sketches\grins\Yin Yang Grin 2 ORIGINAL 2.jpg"	"False"	"True"	"D:\github\ron-english-sketches-grins\images\Sketches\grins2\Yin Yang Grin 2 ORIGINAL 2.jpg"	"False"	"2026-05-07 18:37:32"
"Yin Yang Grin 2 ORIGINAL COLOR.jpg"	"0.147"	"D:\github\ron-english-sketches-grins\images\Sketches\grins\Yin Yang Grin 2 ORIGINAL COLOR.jpg"	"False"	"True"	"D:\github\ron-english-sketches-grins\images\Sketches\grins2\Yin Yang Grin 2 ORIGINAL COLOR.jpg"	"False"	"2026-05-08 06:36:24"
"Yogi Bear Grin B&W.jpg"	"0.158"	"D:\github\ron-english-sketches-grins\images\Sketches\grins\Yogi Bear Grin B&W.jpg"	"False"	"True"	"D:\github\ron-english-sketches-grins\images\Sketches\grins2\Yogi Bear Grin B&W.jpg"	"False"	"2026-05-07 18:37:32"
"Yogi Bear Grin COLOR.jpg"	"0.152"	"D:\github\ron-english-sketches-grins\images\Sketches\grins\Yogi Bear Grin COLOR.jpg"	"False"	"True"	"D:\github\ron-english-sketches-grins\images\Sketches\grins2\Yogi Bear Grin COLOR.jpg"	"False"	"2026-05-07 18:56:43"
"Yogi Bear Grin ORIGINAL.jpg"	"0.09"	"D:\github\ron-english-sketches-grins\images\Sketches\grins\Yogi Bear Grin ORIGINAL.jpg"	"False"	"True"	"D:\github\ron-english-sketches-grins\images\Sketches\grins2\Yogi Bear Grin ORIGINAL.jpg"	"False"	"2026-05-07 18:58:01"
"Yucky Charmer Grin B&W.jpg"	"0.166"	"D:\github\ron-english-sketches-grins\images\Sketches\grins\Yucky Charmer Grin B&W.jpg"	"False"	"True"	"D:\github\ron-english-sketches-grins\images\Sketches\grins2\Yucky Charmer Grin B&W.jpg"	"False"	"2026-05-07 18:38:40"
"Yucky Charmer Grin COLOR.jpg"	"0.192"	"D:\github\ron-english-sketches-grins\images\Sketches\grins\Yucky Charmer Grin COLOR.jpg"	"False"	"True"	"D:\github\ron-english-sketches-grins\images\Sketches\grins2\Yucky Charmer Grin COLOR.jpg"	"False"	"2026-05-07 19:03:08"
"Yucky Charmer Grin ORIGINAL.jpg"	"0.086"	"D:\github\ron-english-sketches-grins\images\Sketches\grins\Yucky Charmer Grin ORIGINAL.jpg"	"False"	"True"	"D:\github\ron-english-sketches-grins\images\Sketches\grins2\Yucky Charmer Grin ORIGINAL.jpg"	"False"	"2026-05-10 05:40:41"
"Zephyr Zelephant Grin COLOR.png"	"0.214"	"D:\github\ron-english-sketches-grins\images\Sketches\grins\Zephyr Zelephant Grin COLOR.png"	"False"	"True"	"D:\github\ron-english-sketches-grins\images\Sketches\grins2\Zephyr Zelephant Grin COLOR.png"	"False"	"2026-05-08 07:02:31"
"Zephyr Zelephant Grin ORIGINAL.jpg"	"0.162"	"D:\github\ron-english-sketches-grins\images\Sketches\grins\Zephyr Zelephant Grin ORIGINAL.jpg"	"False"	"True"	"D:\github\ron-english-sketches-grins\images\Sketches\grins2\Zephyr Zelephant Grin ORIGINAL.jpg"	"False"	"2026-05-07 18:49:49"
"zipper grin front closed mouth ORIGINAL.jpg"	"0.17"	"D:\github\ron-english-sketches-grins\images\Sketches\grins\zipper grin front closed mouth ORIGINAL.jpg"	"False"	"True"	"D:\github\ron-english-sketches-grins\images\Sketches\grins2\zipper grin front closed mouth ORIGINAL.jpg"	"False"	"2026-05-24 18:19:11"
"zipper grin front closed mouth.jpg"	"1.011"	"D:\github\ron-english-sketches-grins\images\Sketches\grins\zipper grin front closed mouth.jpg"	"False"	"True"	"D:\github\ron-english-sketches-grins\images\Sketches\grins2\zipper grin front closed mouth.jpg"	"False"	"2026-05-24 12:19:07"
"zipper grin front open mouth ORIGINAL.jpg"	"0.201"	"D:\github\ron-english-sketches-grins\images\Sketches\grins\zipper grin front open mouth ORIGINAL.jpg"	"False"	"True"	"D:\github\ron-english-sketches-grins\images\Sketches\grins2\zipper grin front open mouth ORIGINAL.jpg"	"False"	"2026-05-24 18:19:11"
"zipper grin front open mouth.jpg"	"1.005"	"D:\github\ron-english-sketches-grins\images\Sketches\grins\zipper grin front open mouth.jpg"	"False"	"True"	"D:\github\ron-english-sketches-grins\images\Sketches\grins2\zipper grin front open mouth.jpg"	"False"	"2026-05-24 12:19:23"
"zipper grin side closed mouth ORIGINAL.jpg"	"0.086"	"D:\github\ron-english-sketches-grins\images\Sketches\grins\zipper grin side closed mouth ORIGINAL.jpg"	"False"	"True"	"D:\github\ron-english-sketches-grins\images\Sketches\grins2\zipper grin side closed mouth ORIGINAL.jpg"	"False"	"2026-05-24 18:19:12"
"zipper grin side open mouth ORIGINAL.jpg"	"0.101"	"D:\github\ron-english-sketches-grins\images\Sketches\grins\zipper grin side open mouth ORIGINAL.jpg"	"False"	"True"	"D:\github\ron-english-sketches-grins\images\Sketches\grins2\zipper grin side open mouth ORIGINAL.jpg"	"False"	"2026-05-24 18:19:12"
